control run: 181 checks
CAUGHT   row 12: DROP TRIGGER ba_channel_write_ceiling_dispatch ON tenant_data.channel_write (5 s)
   ✓ green smoke «write created above lowered max_price (Р-44, check 2)»
   ✗ fails (own) smoke «dispatch above lowered max_price (Р-44, check 3)» — psql:tests/db/smoke_app.sql:328: WARNING:  CHECK FAILED: dispatch above lowered max_price (Р-44, check 3) | EXPECTED FAILURE DID NOT HAPPEN
CAUGHT   row 12: DROP TRIGGER ba_channel_write_ceiling_insert ON tenant_data.channel_write (5 s)
   ✗ fails (own) smoke «write created above lowered max_price (Р-44, check 2)» — psql:tests/db/smoke_app.sql:325: WARNING:  CHECK FAILED: write created above lowered max_price (Р-44, check 2) | EXPECTED FAILURE DID NOT HAPPEN
   ✓ green smoke «dispatch above lowered max_price (Р-44, check 3)»
CAUGHT   row 13: ALTER TABLE channel_data.price_decision DROP CONSTRAINT price_decision_no_bound_clamp (5 s)
   ✗ fails (own) smoke «clamp to floor instead of rejection (Р-44)» — psql:tests/db/smoke_app.sql:309: WARNING:  CHECK FAILED: clamp to floor instead of rejection (Р-44) | EXPECTED FAILURE DID NOT HAPPEN
   ✓ green smoke «REJECTED without a reason»
CAUGHT   row 16: DROP TRIGGER c_pricing_halt_release_journal ON channel_data.pricing_halt (5 s)
   ✗ fails (own) smoke «manual release without a journal record (Р-52)» — psql:tests/db/smoke_app.sql:423: WARNING:  CHECK FAILED: manual release without a journal record (Р-52) | EXPECTED FAILURE DID NOT HAPPEN
CAUGHT   row 14: ALTER TABLE tenant_data.guardrail DROP CONSTRAINT guardrail_ceiling_moved_to_max_price (5 s)
   ✗ fails (own) smoke «guardrail carrying a ceiling (moved to max_price, Р-43)» — psql:tests/db/smoke_app.sql:138: WARNING:  CHECK FAILED: guardrail carrying a ceiling (moved to max_price, Р-43) | EXPECTED FAILURE DID NOT HAPPEN
CAUGHT   row 13: ALTER TABLE channel_data.price_decision DROP CONSTRAINT price_decision_rejection_reason_iff (5 s)
   ✓ green smoke «clamp to floor instead of rejection (Р-44)»
   ✗ fails (own) smoke «REJECTED without a reason» — psql:tests/db/smoke_app.sql:312: WARNING:  CHECK FAILED: REJECTED without a reason | EXPECTED FAILURE DID NOT HAPPEN
CAUGHT   row 17: DROP TRIGGER aa_price_decision_copy_derivation ON channel_data.price_decision (4 s)
   ✗ fails (own) smoke «competitor_derived is not derived from rule_code» — psql:tests/db/smoke_app.sql:347: ERROR:  competitor_derived is not derived from rule_code
CAUGHT   row 19: ALTER TABLE tenant_data.write_scope DROP CONSTRAINT write_scope_tax_regime_for_price (4 s)
   ✓ green smoke «net price basis with VAT regime (Р-58)»
   ✗ fails (own) smoke «price write scope without tax regime (Р-58)» — psql:tests/db/smoke_app.sql:691: WARNING:  CHECK FAILED: price write scope without tax regime (Р-58) | EXPECTED FAILURE DID NOT HAPPEN
CAUGHT   row 18: ALTER TABLE tenant_data.write_scope DROP CONSTRAINT write_scope_supported_currency (4 s)
   ✗ fails (own) smoke «currency outside EUR and USD» — psql:tests/db/smoke_app.sql:697: WARNING:  CHECK FAILED: currency outside EUR and USD | EXPECTED FAILURE DID NOT HAPPEN
CAUGHT   row 20, 21: ALTER TABLE channel_data.price_decision DROP CONSTRAINT price_decision_rejection_explained (7 s)
   ✗ fails (own) smoke «rejection without its reason parameters (OQ-98)» — psql:tests/db/smoke_app.sql:282: WARNING:  CHECK FAILED: rejection without its reason parameters (OQ-98) | EXPECTED FAILURE DID NOT HAPPEN
   ✓ green store.pg.test.ts «OQ-93, OQ-94, OQ-98» [OQ-98: a rejection without its reason parameters is refused] без защиты: resolved
CAUGHT   row 22: ALTER TABLE tenant_data.channel_write_history DROP CONSTRAINT channel_write_history_end_explained (12 s)
   ✗ fails (own) smoke «write discarded without a reason (Р-64)» — psql:tests/db/smoke_app.sql:246: WARNING:  CHECK FAILED: write discarded without a reason (Р-64) | EXPECTED FAILURE DID NOT HAPPEN
   ✗ fails (own) smoke «write history ended without a reason (Р-64)» — psql:tests/db/smoke_app.sql:253: WARNING:  CHECK FAILED: write history ended without a reason (Р-64) | EXPECTED FAILURE DID NOT HAPPEN
   ✓ green write-queue.pg.test.ts «control — without the dispatcher» [a PENDING write has no scope.write.v1 event: nobody would ever learn about it] без защиты: ^[1-9][0-9]*$
CAUGHT   row 22: DROP TRIGGER zz_channel_write_announce_dispatch ON tenant_data.channel_write (12 s)
   ✓ green smoke «write discarded without a reason (Р-64)»
   ✓ green smoke «write history ended without a reason (Р-64)»
   ✗ fails (own) write-queue.pg.test.ts «control — without the dispatcher» [a PENDING write has no scope.write.v1 event: nobody would ever learn about it] без защиты: ^[1-9][0-9]*$ — a PENDING write has no scope.write.v1 event: nobody would ever learn about it 33 !== 0 33
CAUGHT   row 23: DROP TRIGGER zz_fx_rate_immutable ON platform.fx_rate (8 s)
   ✗ fails (own) smoke «ECB rate is immutable (Р-61)» — psql:tests/db/smoke_r65.sql:70: WARNING:  CHECK FAILED: ECB rate is immutable (Р-61) | EXPECTED FAILURE DID NOT HAPPEN
   ✓ green smoke «decision exchange rate without its fields (Р-61)»
   ✓ green fx-day-boundary.pg.test.ts «Р-61 in the database» [Р-61: a decision on a converted cost without its exchange rate is refused] без защиты: resolved
CAUGHT   row 23: DROP TRIGGER aa_price_decision_fx_recorded ON channel_data.price_decision (4 s)
   ✓ green smoke «ECB rate is immutable (Р-61)»
   ✓ green smoke «decision exchange rate without its fields (Р-61)»
   ✗ fails (own) fx-day-boundary.pg.test.ts «Р-61 in the database» [Р-61: a decision on a converted cost without its exchange rate is refused] без защиты: resolved — 'Missing expected rejection: Р-61: a decision on a converted cost without its exchange rate is refused'
CAUGHT   row 23: ALTER TABLE channel_data.price_decision DROP CONSTRAINT price_decision_fx_shape (5 s)
   ✓ green smoke «ECB rate is immutable (Р-61)»
   ✗ fails (own) smoke «decision exchange rate without its fields (Р-61)» — psql:tests/db/smoke_app.sql:291: WARNING:  CHECK FAILED: decision exchange rate without its fields (Р-61) | EXPECTED FAILURE DID NOT HAPPEN
   ✓ green fx-day-boundary.pg.test.ts «Р-61 in the database» [Р-61: a decision on a converted cost without its exchange rate is refused] без защиты: resolved
CAUGHT   row 24, 26: ALTER TABLE platform.marketplace DROP CONSTRAINT marketplace_time_zone_known_if_confirmed (5 s)
   ✗ fails (own) smoke «US storefront confirmed without a time zone» — psql:tests/db/smoke_r65.sql:41: WARNING:  CHECK FAILED: US storefront confirmed without a time zone | EXPECTED FAILURE DID NOT HAPPEN
   ✓ green smoke «budgeted write while the storefront day boundary is unconfirmed (Р-65)»
   ✓ green smoke «budget day is not the current storefront day (Р-65)»
   ✓ green fx-day-boundary.pg.test.ts «Р-65: a US storefront» [Р-65: a price day of a US storefront is not closed in Europe/Berlin | Р-65: a price day of a US storefront is not closed in America/Los_Angeles] без защиты: resolved
CAUGHT   row 24, 26: DROP TRIGGER aa_channel_write_budget_day_tz ON tenant_data.channel_write (4 s)
   ✓ green smoke «US storefront confirmed without a time zone»
   ✗ fails (own) smoke «budgeted write while the storefront day boundary is unconfirmed (Р-65)» — psql:tests/db/smoke_r65.sql:35: WARNING:  CHECK FAILED: budgeted write while the storefront day boundary is unconfirmed (Р-65) | EXPECTED FAILURE DID NOT HAPPEN
   ✗ fails (own) smoke «budget day is not the current storefront day (Р-65)» — psql:tests/db/smoke_r65.sql:39: WARNING:  CHECK FAILED: budget day is not the current storefront day (Р-65) | EXPECTED FAILURE DID NOT HAPPEN
   ✓ green fx-day-boundary.pg.test.ts «Р-65: a US storefront» [Р-65: a price day of a US storefront is not closed in Europe/Berlin | Р-65: a price day of a US storefront is not closed in America/Los_Angeles] без защиты: resolved
CAUGHT   row 24, 26: DROP TRIGGER aa_price_daily_day_tz ON tenant_data.price_daily (6 s)
   ✓ green smoke «US storefront confirmed without a time zone»
   ✓ green smoke «budgeted write while the storefront day boundary is unconfirmed (Р-65)»
   ✓ green smoke «budget day is not the current storefront day (Р-65)»
   ✗ fails (own) fx-day-boundary.pg.test.ts «Р-65: a US storefront» [Р-65: a price day of a US storefront is not closed in Europe/Berlin | Р-65: a price day of a US storefront is not closed in America/Los_Angeles] без защиты: resolved — 'Missing expected rejection: Р-65: a price day of a US storefront is not closed in Europe/Berlin'
CAUGHT   row 25: DROP TRIGGER tenant_region_guard ON tenant_data.tenant (5 s)
   ✗ fails (own) smoke «tenant in wrong region DB (Р-60)» — psql:tests/db/smoke_provision.sql:49: WARNING:  CHECK FAILED: tenant in wrong region DB (Р-60) | EXPECTED FAILURE DID NOT HAPPEN
CAUGHT   row 27: ALTER TABLE channel_data.pricing_halt DROP CONSTRAINT pricing_halt_system_only (5 s)
   ✓ green smoke «approval while the tenant is stopped by a person (Р-69)»
   ✓ green smoke «dispatch while the tenant is stopped by a person (Р-69)»
   ✓ green smoke «manual halt release without a second factor (finding 12, Р-88)»
   ✗ fails (own) step12.pg.test.ts «Р-69: a system halt is only for broken channel data» [Р-69: a person cannot create a system halt] без защиты: resolved — 'Missing expected rejection: Р-69: a person cannot create a system halt'
   ✓ green step12.pg.test.ts «Р-69, Р-70, OQ-125 in the database» [OQ-129: a viewer does not stop pricing | OQ-125: an operator does not resume a tenant stop] без защиты: ^(STOPPED|RELEASED)$
CAUGHT   row 27: DROP TRIGGER aa_price_stop_role_guard ON tenant_data.price_stop (4 s)
   ✓ green smoke «approval while the tenant is stopped by a person (Р-69)»
   ✓ green smoke «dispatch while the tenant is stopped by a person (Р-69)»
   ✓ green smoke «manual halt release without a second factor (finding 12, Р-88)»
   ✓ green step12.pg.test.ts «Р-69: a system halt is only for broken channel data» [Р-69: a person cannot create a system halt] без защиты: resolved
   ✗ fails (own) step12.pg.test.ts «Р-69, Р-70, OQ-125 in the database» [OQ-129: a viewer does not stop pricing | OQ-125: an operator does not resume a tenant stop] без защиты: ^(STOPPED|RELEASED)$ — OQ-129: a viewer does not stop pricing + actual - expected + 'STOPPED' - 'FORBIDDEN' 'STOPPED'
CAUGHT   row 27: DROP TRIGGER bb_channel_write_stop_guard ON tenant_data.channel_write (4 s)
   ✓ green smoke «approval while the tenant is stopped by a person (Р-69)»
   ✗ fails (own) smoke «dispatch while the tenant is stopped by a person (Р-69)» — psql:tests/db/smoke_admin.sql:104: WARNING:  CHECK FAILED: dispatch while the tenant is stopped by a person (Р-69) | EXPECTED FAILURE DID NOT HAPPEN
   ✓ green smoke «manual halt release without a second factor (finding 12, Р-88)»
   ✓ green step12.pg.test.ts «Р-69: a system halt is only for broken channel data» [Р-69: a person cannot create a system halt] без защиты: resolved
   ✓ green step12.pg.test.ts «Р-69, Р-70, OQ-125 in the database» [OQ-129: a viewer does not stop pricing | OQ-125: an operator does not resume a tenant stop] без защиты: ^(STOPPED|RELEASED)$
CAUGHT   row 27: DROP TRIGGER ab_price_decision_stop_guard ON channel_data.price_decision (4 s)
   ✗ fails (own) smoke «approval while the tenant is stopped by a person (Р-69)» — psql:tests/db/smoke_admin.sql:101: WARNING:  CHECK FAILED: approval while the tenant is stopped by a person (Р-69) | EXPECTED FAILURE DID NOT HAPPEN
   ✓ green smoke «dispatch while the tenant is stopped by a person (Р-69)»
   ✓ green smoke «manual halt release without a second factor (finding 12, Р-88)»
   ✓ green step12.pg.test.ts «Р-69: a system halt is only for broken channel data» [Р-69: a person cannot create a system halt] без защиты: resolved
   ✓ green step12.pg.test.ts «Р-69, Р-70, OQ-125 in the database» [OQ-129: a viewer does not stop pricing | OQ-125: an operator does not resume a tenant stop] без защиты: ^(STOPPED|RELEASED)$
CAUGHT   row 27: DROP TRIGGER ca_pricing_halt_release_role_guard ON channel_data.pricing_halt (4 s)
   ✓ green smoke «approval while the tenant is stopped by a person (Р-69)»
   ✓ green smoke «dispatch while the tenant is stopped by a person (Р-69)»
   ✗ fails (own) smoke «manual halt release without a second factor (finding 12, Р-88)» — psql:tests/db/smoke_admin.sql:59: WARNING:  CHECK FAILED: manual halt release without a second factor (finding 12, Р-88) | EXPECTED FAILURE DID NOT HAPPEN
   ✓ green step12.pg.test.ts «Р-69: a system halt is only for broken channel data» [Р-69: a person cannot create a system halt] без защиты: resolved
   ✓ green step12.pg.test.ts «Р-69, Р-70, OQ-125 in the database» [OQ-129: a viewer does not stop pricing | OQ-125: an operator does not resume a tenant stop] без защиты: ^(STOPPED|RELEASED)$
CAUGHT   row 28, 32, 39, 40: ALTER TABLE channel_data.price_decision DROP CONSTRAINT price_decision_explanation_by_class (5 s)
   ✗ fails (own) smoke «NO_OP decision with an explanation (Р-74)» — psql:tests/db/smoke_app.sql:238: WARNING:  CHECK FAILED: NO_OP decision with an explanation (Р-74) | EXPECTED FAILURE DID NOT HAPPEN
   ✓ green smoke «NO_OP decision with an unknown no-change reason (Р-74)»
   ✓ green smoke «decision intent columns are taken from the client, not from the intent (Р-80)»
   ✓ green step14.pg.test.ts «finding 10, Р-80» [finding 10: a snapshot reference of a NO_OP decision is refused] без защиты: "command":"INSERT"
CAUGHT   row 28, 32, 39, 40: ALTER TABLE channel_data.price_decision DROP CONSTRAINT price_decision_no_change_reason_code (5 s)
   ✓ green smoke «NO_OP decision with an explanation (Р-74)»
   ✗ fails (own) smoke «NO_OP decision with an unknown no-change reason (Р-74)» — psql:tests/db/smoke_app.sql:243: WARNING:  CHECK FAILED: NO_OP decision with an unknown no-change reason (Р-74) | EXPECTED FAILURE DID NOT HAPPEN
   ✓ green smoke «decision intent columns are taken from the client, not from the intent (Р-80)»
   ✓ green step14.pg.test.ts «finding 10, Р-80» [finding 10: a snapshot reference of a NO_OP decision is refused] без защиты: "command":"INSERT"
CAUGHT   row 28, 32, 39, 40: DROP TRIGGER a0_price_decision_intent_columns ON channel_data.price_decision (3 s)
   ✓ green smoke «NO_OP decision with an explanation (Р-74)» — not reached (tests/db/smoke_app.sql: ERROR:  decision intent columns are taken from the client, not from the intent (Р-80))
   ✓ green smoke «NO_OP decision with an unknown no-change reason (Р-74)» — not reached (tests/db/smoke_app.sql: ERROR:  decision intent columns are taken from the client, not from the intent (Р-80))
   ✗ fails (own) smoke «decision intent columns are taken from the client, not from the intent (Р-80)» — psql:tests/db/smoke_app.sql:179: ERROR:  decision intent columns are taken from the client, not from the intent (Р-80)
   ✗ fails (neighbour) step14.pg.test.ts «finding 10, Р-80» [finding 10: a snapshot reference of a NO_OP decision is refused] без защиты: "command":"INSERT" — 'null value in column "trigger_type" of relation "price_decision_d20260916" violates not-null constraint'
CAUGHT   row 29: ALTER TABLE tenant_data.channel_write DROP CONSTRAINT channel_write_end_params_currency (5 s)
   ✓ green smoke «rejection parameters with an amount without its currency (Р-71)»
   ✗ fails (own) smoke «write ended with an amount without its currency (Р-71)» — psql:tests/db/smoke_app.sql:249: WARNING:  CHECK FAILED: write ended with an amount without its currency (Р-71) | EXPECTED FAILURE DID NOT HAPPEN
   ✓ green smoke «rejected snapshot details: an amount without its currency (Р-71)»
CAUGHT   row 29: ALTER TABLE channel_data.price_decision DROP CONSTRAINT price_decision_amounts_have_currency (5 s)
   ✗ fails (own) smoke «rejection parameters with an amount without its currency (Р-71)» — psql:tests/db/smoke_app.sql:287: WARNING:  CHECK FAILED: rejection parameters with an amount without its currency (Р-71) | EXPECTED FAILURE DID NOT HAPPEN
   ✓ green smoke «write ended with an amount without its currency (Р-71)»
   ✓ green smoke «rejected snapshot details: an amount without its currency (Р-71)»
CAUGHT   row 28, 32, 39, 40: DROP TRIGGER a_price_decision_snapshot_ref_guard ON channel_data.price_decision_snapshot_ref (5 s)
   ✓ green smoke «NO_OP decision with an explanation (Р-74)»
   ✓ green smoke «NO_OP decision with an unknown no-change reason (Р-74)»
   ✓ green smoke «decision intent columns are taken from the client, not from the intent (Р-80)»
   ✗ fails (own) step14.pg.test.ts «finding 10, Р-80» [finding 10: a snapshot reference of a NO_OP decision is refused] без защиты: "command":"INSERT" — 'finding 10: a snapshot reference of a NO_OP decision is refused' '{"command":"INSERT","rowCount":1,"oid":0,"rows":[],"fields":[],"_types":{"_types":{},"text":{},"binary":{}},"RowCtor":null,"rowAsArray":false,"_prebuiltEmptyResultObject":null}'
CAUGHT   row 31, 37, 38: CREATE OR REPLACE FUNCTION security.pricing_permission(p_role text, p_action text) RETURNS boolean LANGUAGE sq (5 s)
   ✗ fails (own) step14.pg.test.ts «finding 2» [/[A-Z_]+ × [A-Z_]+/] без защиты: ^true$ — ADMIN × GIVE_MIGRATION_CONSENT true !== false true
   ✓ green step14.pg.test.ts «finding 4» [finding 4: a stop is not written in the name of another membership] без защиты: ^STOPPED$
CAUGHT   row 29: ALTER TABLE channel_data.rejected_competitor_snapshot DROP CONSTRAINT rejected_competitor_snapshot_details_cur (5 s)
   ✓ green smoke «rejection parameters with an amount without its currency (Р-71)»
   ✓ green smoke «write ended with an amount without its currency (Р-71)»
   ✗ fails (own) smoke «rejected snapshot details: an amount without its currency (Р-71)» — psql:tests/db/smoke_app.sql:447: WARNING:  CHECK FAILED: rejected snapshot details: an amount without its currency (Р-71) | EXPECTED FAILURE DID NOT HAPPEN
CAUGHT   row 30: ALTER TABLE tenant_data.price_intent_core DROP CONSTRAINT price_intent_core_dangerous_consistent (5 s)
   ✗ fails (own) smoke «eternal core: dangerous flag against the deviation (Р-73)» — psql:tests/db/smoke_r65.sql:82: WARNING:  CHECK FAILED: eternal core: dangerous flag against the deviation (Р-73) | EXPECTED FAILURE DID NOT HAPPEN
CAUGHT   row 31, 37, 38: tenant_data.price_stop_role_guard(): «IF security.current_user_id() IS NULL OR u IS DIST…» → «IF false THEN…» (6 s)
   ✓ green step14.pg.test.ts «finding 2» [/[A-Z_]+ × [A-Z_]+/] без защиты: ^true$
   ✗ fails (own) step14.pg.test.ts «finding 4» [finding 4: a stop is not written in the name of another membership] без защиты: ^STOPPED$ — finding 4: a stop is not written in the name of another membership + actual - expected + 'STOPPED' - 'FORBIDDEN' 'STOPPED'
CAUGHT   row 33: DROP TRIGGER explanation_ruleset_immutable ON platform.explanation_ruleset (6 s)
   ✗ fails (own) smoke «explanation ruleset is immutable (Р-75)» — psql:tests/db/smoke_r65.sql:66: WARNING:  CHECK FAILED: explanation ruleset is immutable (Р-75) | EXPECTED FAILURE DID NOT HAPPEN
CAUGHT   row 34: DROP TRIGGER zb_price_stop_audit ON tenant_data.price_stop (8 s)
   ✓ green smoke «the system halt is not in the audit log»
   ✓ green smoke «the manual release is not in the audit log with its author»
   ✗ fails (own) role-separation.pg.test.ts «the audit log is still written» [Р-76: the stop is written to the audit log by the trigger with the session user as author] без защиты: \+ \[\] — Р-76: the stop is written to the audit log by the trigger with the session user as author + actual - expected + [] - [ - { - action: 'pricing.stop_created', - actor_type: 'USER', - actor_user_id: 'c7cb3713-f511-4ea6-897f-71fb321a3ed2' - } - ]
CAUGHT   row 34: DROP TRIGGER zb_pricing_halt_audit ON channel_data.pricing_halt (4 s)
   ✗ fails (own) smoke «the system halt is not in the audit log» — psql:tests/db/smoke_admin.sql:52: ERROR:  the system halt is not in the audit log
   ✓ green smoke «the manual release is not in the audit log with its author» — not reached (tests/db/smoke_admin.sql: ERROR:  the system halt is not in the audit log)
   ✓ green role-separation.pg.test.ts «the audit log is still written» [Р-76: the stop is written to the audit log by the trigger with the session user as author] без защиты: \+ \[\]
CAUGHT   row 34: DROP TRIGGER zb_pricing_halt_review_audit ON channel_data.pricing_halt_review (4 s)
   ✓ green smoke «the system halt is not in the audit log»
   ✗ fails (own) smoke «the manual release is not in the audit log with its author» — psql:tests/db/smoke_admin.sql:74: ERROR:  the manual release is not in the audit log with its author
   ✓ green role-separation.pg.test.ts «the audit log is still written» [Р-76: the stop is written to the audit log by the trigger with the session user as author] без защиты: \+ \[\]
CAUGHT   row 35: ALTER TABLE tenant_data.write_scope DROP CONSTRAINT write_scope_engine_has_strategy (4 s)
   ✗ fails (own) smoke «ENGINE without a strategy (Р-77)» — psql:tests/db/smoke_app.sql:140: WARNING:  CHECK FAILED: ENGINE without a strategy (Р-77) | EXPECTED FAILURE DID NOT HAPPEN
CAUGHT   row 41: ALTER TABLE maintenance.partition_export DROP CONSTRAINT partition_export_core_archive_self_contained (4 s)
   ✗ fails (own) step14.pg.test.ts «Р-79» [Р-79: a verified archive of the core without the explanation dictionary is refused] без защиты: "command":"INSERT" — 'Р-79: a verified archive of the core without the explanation dictionary is refused' '{"command":"INSERT","rowCount":1,"oid":0,"rows":[],"fields":[],"_types":{"_types":{},"text":{},"binary":{}},"RowCtor":null,"rowAsArray":false,"_prebuiltEmptyResultObject":null}'
CAUGHT   row 42: tenant_data.channel_write_before_update(): «NEW.floor_at_dispatch_minor := tenant_data.assert_…» → «NEW.floor_at_dispatch_minor :=…» (6 s)
   ✗ fails (own) verify 0076_verify_schema_invariants_v17.sql /below the recomputed margin floor was dispatched/ — psql:migrations/0076_verify_schema_invariants_v17.sql:570: ERROR: schema invariant violations: behaviour check (Р-83, findings 4 and 15, Р-91): a price write below the recomputed margin floor was dispatched КОНТЕКСТ: PL/pgSQL function inline_code_block line 543 at RAISE 
   ✗ fails (own) write-recheck.pg.test.ts «the unit cost rose between decision and dispatch» [/cost: the write reached the channel: .*/] без защиты: ^false$ — 'cost: the write reached the channel: [{"action":"DISPATCHED","channelWriteId":"160b6bd6-93fa-499a-b0a9-81e896b22350","version":2,"attemptNo":1,"outcome":"ACCEPTED","recorded":"APPLIED","reason":null},{"action":"IDLE"}]' false
CAUGHT   row 43: ALTER TABLE tenant_data.price_intent_core DROP CONSTRAINT price_intent_core_explanation_keys_declared (3 s)
   ✗ fails (own) verify 0076_verify_schema_invariants_v17.sql /undeclared reason parameter was stored/ — psql:migrations/0076_verify_schema_invariants_v17.sql:570: ERROR: schema invariant violations: behaviour check (Р-83, findings 4 and 15, Р-91): an explanation with an undeclared reason parameter was stored (finding 15) КОНТЕКСТ: PL/pgSQL function inline_code_block line 543 at RAISE 
   ✓ green smoke «eternal core: a competitor-derived rejection keeps its proposed price (Р-85)»
   ✗ fails (own) smoke «eternal core: an undeclared reason parameter in the explanation (finding 15)» — psql:tests/db/smoke_r65.sql:86: WARNING:  CHECK FAILED: eternal core: an undeclared reason parameter in the explanation (finding 15) | EXPECTED FAILURE DID NOT HAPPEN
   ✗ fails (own) smoke «decision explanation with an undeclared reason parameter (finding 15)» — psql:tests/db/smoke_app.sql:297: WARNING:  CHECK FAILED: decision explanation with an undeclared reason parameter (finding 15) | EXPECTED FAILURE DID NOT HAPPEN
CAUGHT   row 43: ALTER TABLE tenant_data.price_intent_core DROP CONSTRAINT price_intent_core_competitor_rejection_not_kept (6 s)
   ✓ green verify 0076_verify_schema_invariants_v17.sql /undeclared reason parameter was stored/
   ✗ fails (own) smoke «eternal core: a competitor-derived rejection keeps its proposed price (Р-85)» — psql:tests/db/smoke_r65.sql:84: WARNING:  CHECK FAILED: eternal core: a competitor-derived rejection keeps its proposed price (Р-85) | EXPECTED FAILURE DID NOT HAPPEN
   ✓ green smoke «eternal core: an undeclared reason parameter in the explanation (finding 15)»
   ✓ green smoke «decision explanation with an undeclared reason parameter (finding 15)»
CAUGHT   row 44: DROP TRIGGER a_pricing_halt_review_guard ON channel_data.pricing_halt_review (11 s)
   ✗ fails (own) smoke «automatic review recorded in a user session (finding 3)» — psql:tests/db/smoke_app.sql:439: WARNING:  CHECK FAILED: automatic review recorded in a user session (finding 3) | EXPECTED FAILURE DID NOT HAPPEN
   ✗ fails (neighbour) audit-guards.pg.test.ts «finding 1» [a release record without the release fails at commit] без защиты: ^accepted$ — Input: 'halt review 601e71a9-9d3f-4273-b2dc-b24a00578125 records a release of pricing halt 0cb728ce-175f-44b6-b01d-953f0b54ae6e that did not happen' 'halt review 601e71a9-9d3f-4273-b2dc-b24a00578125 records a release of pricing halt 0cb728ce-175f-44b6-b01d-953f0b54ae6e that did not happen'
   ✓ green audit-guards.pg.test.ts «Р-88: releasing the tenant stop needs a second factor» [Р-88: the tenant stop is not released without a second factor] без защиты: ^RELEASED$
CAUGHT   row 44: DROP TRIGGER zc_pricing_halt_review_released_in_tx ON channel_data.pricing_halt_review (10 s)
   ✓ green smoke «automatic review recorded in a user session (finding 3)»
   ✗ fails (own) audit-guards.pg.test.ts «finding 1» [a release record without the release fails at commit] без защиты: ^accepted$ — 'a release record without the release fails at commit' 'accepted'
   ✓ green audit-guards.pg.test.ts «Р-88: releasing the tenant stop needs a second factor» [Р-88: the tenant stop is not released without a second factor] без защиты: ^RELEASED$
CAUGHT   row 44: tenant_data.price_stop_role_guard(): «AND NOT security.session_mfa() THEN…» → «AND false THEN…» (11 s)
   ✓ green smoke «automatic review recorded in a user session (finding 3)»
   ✓ green audit-guards.pg.test.ts «finding 1» [a release record without the release fails at commit] без защиты: ^accepted$
   ✗ fails (own) audit-guards.pg.test.ts «Р-88: releasing the tenant stop needs a second factor» [Р-88: the tenant stop is not released without a second factor] без защиты: ^RELEASED$ — Р-88: the tenant stop is not released without a second factor + actual - expected + 'RELEASED' - 'MFA_REQUIRED' 'RELEASED'
CAUGHT   row 45: DROP TRIGGER ab_channel_write_budget_day_retry ON tenant_data.channel_write (3 s)
   ✗ fails (own) smoke «retry after midnight is charged to today, whose budget is exhausted (C2, Р-19)» — psql:tests/db/smoke_r65.sql:52: WARNING:  CHECK FAILED: retry after midnight is charged to today, whose budget is exhausted (C2, Р-19) | EXPECTED FAILURE DID NOT HAPPEN
   ✗ fails (own) smoke «retry while the storefront day boundary is unconfirmed (C2, Р-65)» — psql:tests/db/smoke_r65.sql:62: WARNING:  CHECK FAILED: retry while the storefront day boundary is unconfirmed (C2, Р-65) | EXPECTED FAILURE DID NOT HAPPEN
CAUGHT   row Р-96: GRANT INSERT ON tenant_data.migration_consent TO repracer_app (5 s)
   ✗ fails (own) verify 0076_verify_schema_invariants_v17.sql /tenant_data\.migration_consent: INSERT of the decision path does not match the allow list/ — psql:migrations/0076_verify_schema_invariants_v17.sql:570: ERROR: schema invariant violations: tenant_data.migration_consent: INSERT of the decision path does not match the allow list (Р-96) tenant_data.migration_consent.tenant_id: INSERT of the decision path is not in the allow list (Р-96) tenant_data.migration_consent.channel_account_id: INSERT of the decision path is not in the allow list (Р-96
   ✗ fails (neighbour) verify 0076_verify_schema_invariants_v17.sql /tenant_data\.tenant: UPDATE of the decision path does not match the allow list/ — psql:migrations/0076_verify_schema_invariants_v17.sql:570: ERROR: schema invariant violations: tenant_data.migration_consent: INSERT of the decision path does not match the allow list (Р-96) tenant_data.migration_consent.tenant_id: INSERT of the decision path is not in the allow list (Р-96) tenant_data.migration_consent.channel_account_id: INSERT of the decision path is not in the allow list (Р-96
   ✗ fails (neighbour) verify 0076_verify_schema_invariants_v17.sql /tenant_data\.min_price: INSERT of the decision path does not match the allow list/ — psql:migrations/0076_verify_schema_invariants_v17.sql:570: ERROR: schema invariant violations: tenant_data.migration_consent: INSERT of the decision path does not match the allow list (Р-96) tenant_data.migration_consent.tenant_id: INSERT of the decision path is not in the allow list (Р-96) tenant_data.migration_consent.channel_account_id: INSERT of the decision path is not in the allow list (Р-96
   ✗ fails (neighbour) verify 0076_verify_schema_invariants_v17.sql /tenant_data\.cost_profile: INSERT of the decision path does not match the allow list/ — psql:migrations/0076_verify_schema_invariants_v17.sql:570: ERROR: schema invariant violations: tenant_data.migration_consent: INSERT of the decision path does not match the allow list (Р-96) tenant_data.migration_consent.tenant_id: INSERT of the decision path is not in the allow list (Р-96) tenant_data.migration_consent.channel_account_id: INSERT of the decision path is not in the allow list (Р-96
   ✗ fails (neighbour) verify 0076_verify_schema_invariants_v17.sql /channel_data\.pricing_halt: UPDATE of the decision path does not match the allow list/ — psql:migrations/0076_verify_schema_invariants_v17.sql:570: ERROR: schema invariant violations: tenant_data.migration_consent: INSERT of the decision path does not match the allow list (Р-96) tenant_data.migration_consent.tenant_id: INSERT of the decision path is not in the allow list (Р-96) tenant_data.migration_consent.channel_account_id: INSERT of the decision path is not in the allow list (Р-96
   ✗ fails (neighbour) verify 0076_verify_schema_invariants_v17.sql /channel_data\.pricing_halt_review: INSERT of the decision path does not match the allow list/ — psql:migrations/0076_verify_schema_invariants_v17.sql:570: ERROR: schema invariant violations: tenant_data.migration_consent: INSERT of the decision path does not match the allow list (Р-96) tenant_data.migration_consent.tenant_id: INSERT of the decision path is not in the allow list (Р-96) tenant_data.migration_consent.channel_account_id: INSERT of the decision path is not in the allow list (Р-96
   ✗ fails (neighbour) verify 0076_verify_schema_invariants_v17.sql /audit\.audit_event: INSERT of the decision path does not match the allow list/ — psql:migrations/0076_verify_schema_invariants_v17.sql:570: ERROR: schema invariant violations: tenant_data.migration_consent: INSERT of the decision path does not match the allow list (Р-96) tenant_data.migration_consent.tenant_id: INSERT of the decision path is not in the allow list (Р-96) tenant_data.migration_consent.channel_account_id: INSERT of the decision path is not in the allow list (Р-96
   ✗ fails (neighbour) verify 0076_verify_schema_invariants_v17.sql /security\.invite_member.*SECURITY DEFINER function executable by the decision path/ — psql:migrations/0076_verify_schema_invariants_v17.sql:570: ERROR: schema invariant violations: tenant_data.migration_consent: INSERT of the decision path does not match the allow list (Р-96) tenant_data.migration_consent.tenant_id: INSERT of the decision path is not in the allow list (Р-96) tenant_data.migration_consent.channel_account_id: INSERT of the decision path is not in the allow list (Р-96
   ✗ fails (own, other reason) smoke «path creates an eBay migration consent (Р-96, Р-2)» — psql:tests/db/smoke_path.sql:50: WARNING:  CHECK FAILED: path creates an eBay migration consent (Р-96, Р-2) | EXPECTED FAILURE HAD ANOTHER REASON (expected ^permission denied for table migration_consent$, got 42501 migration consent is given only by the session user in their own name (Р-101))
   ✓ green smoke «path opts the tenant into Kaufland Smart Pricing (Р-96, Р-12, Р-41)»
   ✓ green smoke «path lowers min_price (Р-96, Р-5)»
   ✓ green smoke «path changes the unit cost (Р-96, Р-83)»
   ✓ green smoke «path schedules the review of a halt (finding 2 ревью шага 16)»
   ✓ green smoke «path writes an automatic halt review (finding 2 ревью шага 16)»
   ✓ green smoke «path forges an audit event (finding 5, Р-90)»
   ✓ green smoke «path invites a member (Р-90)»
   ✓ green store.pg.test.ts «Р-54: a concurrent bound change serialises» [decision commit must wait for the bound change] без защиты: ^true$
CAUGHT   row Р-96: GRANT UPDATE ON tenant_data.tenant TO repracer_app (4 s)
   ✗ fails (neighbour) verify 0076_verify_schema_invariants_v17.sql /tenant_data\.migration_consent: INSERT of the decision path does not match the allow list/ — psql:migrations/0076_verify_schema_invariants_v17.sql:570: ERROR: schema invariant violations: tenant_data.tenant: UPDATE of the decision path does not match the allow list (Р-96) tenant_data.tenant.data_region: UPDATE of the decision path is not in the allow list (Р-96) tenant_data.tenant.kaufland_smart_pricing_opt_in_at: UPDATE of the decision path is not in the allow list (Р-96) tenant_data.ten
   ✗ fails (own) verify 0076_verify_schema_invariants_v17.sql /tenant_data\.tenant: UPDATE of the decision path does not match the allow list/ — psql:migrations/0076_verify_schema_invariants_v17.sql:570: ERROR: schema invariant violations: tenant_data.tenant: UPDATE of the decision path does not match the allow list (Р-96) tenant_data.tenant.data_region: UPDATE of the decision path is not in the allow list (Р-96) tenant_data.tenant.kaufland_smart_pricing_opt_in_at: UPDATE of the decision path is not in the allow list (Р-96) tenant_data.ten
   ✗ fails (neighbour) verify 0076_verify_schema_invariants_v17.sql /tenant_data\.min_price: INSERT of the decision path does not match the allow list/ — psql:migrations/0076_verify_schema_invariants_v17.sql:570: ERROR: schema invariant violations: tenant_data.tenant: UPDATE of the decision path does not match the allow list (Р-96) tenant_data.tenant.data_region: UPDATE of the decision path is not in the allow list (Р-96) tenant_data.tenant.kaufland_smart_pricing_opt_in_at: UPDATE of the decision path is not in the allow list (Р-96) tenant_data.ten
   ✗ fails (neighbour) verify 0076_verify_schema_invariants_v17.sql /tenant_data\.cost_profile: INSERT of the decision path does not match the allow list/ — psql:migrations/0076_verify_schema_invariants_v17.sql:570: ERROR: schema invariant violations: tenant_data.tenant: UPDATE of the decision path does not match the allow list (Р-96) tenant_data.tenant.data_region: UPDATE of the decision path is not in the allow list (Р-96) tenant_data.tenant.kaufland_smart_pricing_opt_in_at: UPDATE of the decision path is not in the allow list (Р-96) tenant_data.ten
   ✗ fails (neighbour) verify 0076_verify_schema_invariants_v17.sql /channel_data\.pricing_halt: UPDATE of the decision path does not match the allow list/ — psql:migrations/0076_verify_schema_invariants_v17.sql:570: ERROR: schema invariant violations: tenant_data.tenant: UPDATE of the decision path does not match the allow list (Р-96) tenant_data.tenant.data_region: UPDATE of the decision path is not in the allow list (Р-96) tenant_data.tenant.kaufland_smart_pricing_opt_in_at: UPDATE of the decision path is not in the allow list (Р-96) tenant_data.ten
   ✗ fails (neighbour) verify 0076_verify_schema_invariants_v17.sql /channel_data\.pricing_halt_review: INSERT of the decision path does not match the allow list/ — psql:migrations/0076_verify_schema_invariants_v17.sql:570: ERROR: schema invariant violations: tenant_data.tenant: UPDATE of the decision path does not match the allow list (Р-96) tenant_data.tenant.data_region: UPDATE of the decision path is not in the allow list (Р-96) tenant_data.tenant.kaufland_smart_pricing_opt_in_at: UPDATE of the decision path is not in the allow list (Р-96) tenant_data.ten
   ✗ fails (neighbour) verify 0076_verify_schema_invariants_v17.sql /audit\.audit_event: INSERT of the decision path does not match the allow list/ — psql:migrations/0076_verify_schema_invariants_v17.sql:570: ERROR: schema invariant violations: tenant_data.tenant: UPDATE of the decision path does not match the allow list (Р-96) tenant_data.tenant.data_region: UPDATE of the decision path is not in the allow list (Р-96) tenant_data.tenant.kaufland_smart_pricing_opt_in_at: UPDATE of the decision path is not in the allow list (Р-96) tenant_data.ten
   ✗ fails (neighbour) verify 0076_verify_schema_invariants_v17.sql /security\.invite_member.*SECURITY DEFINER function executable by the decision path/ — psql:migrations/0076_verify_schema_invariants_v17.sql:570: ERROR: schema invariant violations: tenant_data.tenant: UPDATE of the decision path does not match the allow list (Р-96) tenant_data.tenant.data_region: UPDATE of the decision path is not in the allow list (Р-96) tenant_data.tenant.kaufland_smart_pricing_opt_in_at: UPDATE of the decision path is not in the allow list (Р-96) tenant_data.ten
   ✓ green smoke «path creates an eBay migration consent (Р-96, Р-2)»
   ✗ fails (own) smoke «path opts the tenant into Kaufland Smart Pricing (Р-96, Р-12, Р-41)» — psql:tests/db/smoke_path.sql:57: WARNING:  CHECK FAILED: path opts the tenant into Kaufland Smart Pricing (Р-96, Р-12, Р-41) | EXPECTED FAILURE DID NOT HAPPEN
   ✓ green smoke «path lowers min_price (Р-96, Р-5)»
   ✓ green smoke «path changes the unit cost (Р-96, Р-83)»
   ✓ green smoke «path schedules the review of a halt (finding 2 ревью шага 16)»
   ✓ green smoke «path writes an automatic halt review (finding 2 ревью шага 16)»
   ✓ green smoke «path forges an audit event (finding 5, Р-90)»
   ✓ green smoke «path invites a member (Р-90)»
   ✓ green store.pg.test.ts «Р-54: a concurrent bound change serialises» [decision commit must wait for the bound change] без защиты: ^true$
CAUGHT   row Р-96: GRANT INSERT ON tenant_data.min_price TO repracer_app (4 s)
   ✗ fails (neighbour) verify 0076_verify_schema_invariants_v17.sql /tenant_data\.migration_consent: INSERT of the decision path does not match the allow list/ — psql:migrations/0076_verify_schema_invariants_v17.sql:570: ERROR: schema invariant violations: tenant_data.min_price: INSERT of the decision path does not match the allow list (Р-96) tenant_data.min_price.tenant_id: INSERT of the decision path is not in the allow list (Р-96) tenant_data.min_price.scope_type: INSERT of the decision path is not in the allow list (Р-96) tenant_data.min_price.product_
   ✗ fails (neighbour) verify 0076_verify_schema_invariants_v17.sql /tenant_data\.tenant: UPDATE of the decision path does not match the allow list/ — psql:migrations/0076_verify_schema_invariants_v17.sql:570: ERROR: schema invariant violations: tenant_data.min_price: INSERT of the decision path does not match the allow list (Р-96) tenant_data.min_price.tenant_id: INSERT of the decision path is not in the allow list (Р-96) tenant_data.min_price.scope_type: INSERT of the decision path is not in the allow list (Р-96) tenant_data.min_price.product_
   ✗ fails (own) verify 0076_verify_schema_invariants_v17.sql /tenant_data\.min_price: INSERT of the decision path does not match the allow list/ — psql:migrations/0076_verify_schema_invariants_v17.sql:570: ERROR: schema invariant violations: tenant_data.min_price: INSERT of the decision path does not match the allow list (Р-96) tenant_data.min_price.tenant_id: INSERT of the decision path is not in the allow list (Р-96) tenant_data.min_price.scope_type: INSERT of the decision path is not in the allow list (Р-96) tenant_data.min_price.product_
   ✗ fails (neighbour) verify 0076_verify_schema_invariants_v17.sql /tenant_data\.cost_profile: INSERT of the decision path does not match the allow list/ — psql:migrations/0076_verify_schema_invariants_v17.sql:570: ERROR: schema invariant violations: tenant_data.min_price: INSERT of the decision path does not match the allow list (Р-96) tenant_data.min_price.tenant_id: INSERT of the decision path is not in the allow list (Р-96) tenant_data.min_price.scope_type: INSERT of the decision path is not in the allow list (Р-96) tenant_data.min_price.product_
   ✗ fails (neighbour) verify 0076_verify_schema_invariants_v17.sql /channel_data\.pricing_halt: UPDATE of the decision path does not match the allow list/ — psql:migrations/0076_verify_schema_invariants_v17.sql:570: ERROR: schema invariant violations: tenant_data.min_price: INSERT of the decision path does not match the allow list (Р-96) tenant_data.min_price.tenant_id: INSERT of the decision path is not in the allow list (Р-96) tenant_data.min_price.scope_type: INSERT of the decision path is not in the allow list (Р-96) tenant_data.min_price.product_
   ✗ fails (neighbour) verify 0076_verify_schema_invariants_v17.sql /channel_data\.pricing_halt_review: INSERT of the decision path does not match the allow list/ — psql:migrations/0076_verify_schema_invariants_v17.sql:570: ERROR: schema invariant violations: tenant_data.min_price: INSERT of the decision path does not match the allow list (Р-96) tenant_data.min_price.tenant_id: INSERT of the decision path is not in the allow list (Р-96) tenant_data.min_price.scope_type: INSERT of the decision path is not in the allow list (Р-96) tenant_data.min_price.product_
   ✗ fails (neighbour) verify 0076_verify_schema_invariants_v17.sql /audit\.audit_event: INSERT of the decision path does not match the allow list/ — psql:migrations/0076_verify_schema_invariants_v17.sql:570: ERROR: schema invariant violations: tenant_data.min_price: INSERT of the decision path does not match the allow list (Р-96) tenant_data.min_price.tenant_id: INSERT of the decision path is not in the allow list (Р-96) tenant_data.min_price.scope_type: INSERT of the decision path is not in the allow list (Р-96) tenant_data.min_price.product_
   ✗ fails (neighbour) verify 0076_verify_schema_invariants_v17.sql /security\.invite_member.*SECURITY DEFINER function executable by the decision path/ — psql:migrations/0076_verify_schema_invariants_v17.sql:570: ERROR: schema invariant violations: tenant_data.min_price: INSERT of the decision path does not match the allow list (Р-96) tenant_data.min_price.tenant_id: INSERT of the decision path is not in the allow list (Р-96) tenant_data.min_price.scope_type: INSERT of the decision path is not in the allow list (Р-96) tenant_data.min_price.product_
   ✓ green smoke «path creates an eBay migration consent (Р-96, Р-2)»
   ✓ green smoke «path opts the tenant into Kaufland Smart Pricing (Р-96, Р-12, Р-41)»
   ✗ fails (own, other reason) smoke «path lowers min_price (Р-96, Р-5)» — psql:tests/db/smoke_path.sql:60: WARNING:  CHECK FAILED: path lowers min_price (Р-96, Р-5) | EXPECTED FAILURE HAD ANOTHER REASON (expected ^permission denied for table min_price$, got 23000 tenant_data.min_price: version must be 2 (got 99))
   ✓ green smoke «path changes the unit cost (Р-96, Р-83)»
   ✓ green smoke «path schedules the review of a halt (finding 2 ревью шага 16)»
   ✓ green smoke «path writes an automatic halt review (finding 2 ревью шага 16)»
   ✓ green smoke «path forges an audit event (finding 5, Р-90)»
   ✓ green smoke «path invites a member (Р-90)»
   ✓ green store.pg.test.ts «Р-54: a concurrent bound change serialises» [decision commit must wait for the bound change] без защиты: ^true$
CAUGHT   row Р-96: GRANT INSERT ON tenant_data.cost_profile TO repracer_app (4 s)
   ✗ fails (neighbour) verify 0076_verify_schema_invariants_v17.sql /tenant_data\.migration_consent: INSERT of the decision path does not match the allow list/ — psql:migrations/0076_verify_schema_invariants_v17.sql:570: ERROR: schema invariant violations: tenant_data.cost_profile: INSERT of the decision path does not match the allow list (Р-96) tenant_data.cost_profile.tenant_id: INSERT of the decision path is not in the allow list (Р-96) tenant_data.cost_profile.product_id: INSERT of the decision path is not in the allow list (Р-96) tenant_data.cost_prof
   ✗ fails (neighbour) verify 0076_verify_schema_invariants_v17.sql /tenant_data\.tenant: UPDATE of the decision path does not match the allow list/ — psql:migrations/0076_verify_schema_invariants_v17.sql:570: ERROR: schema invariant violations: tenant_data.cost_profile: INSERT of the decision path does not match the allow list (Р-96) tenant_data.cost_profile.tenant_id: INSERT of the decision path is not in the allow list (Р-96) tenant_data.cost_profile.product_id: INSERT of the decision path is not in the allow list (Р-96) tenant_data.cost_prof
   ✗ fails (neighbour) verify 0076_verify_schema_invariants_v17.sql /tenant_data\.min_price: INSERT of the decision path does not match the allow list/ — psql:migrations/0076_verify_schema_invariants_v17.sql:570: ERROR: schema invariant violations: tenant_data.cost_profile: INSERT of the decision path does not match the allow list (Р-96) tenant_data.cost_profile.tenant_id: INSERT of the decision path is not in the allow list (Р-96) tenant_data.cost_profile.product_id: INSERT of the decision path is not in the allow list (Р-96) tenant_data.cost_prof
   ✗ fails (own) verify 0076_verify_schema_invariants_v17.sql /tenant_data\.cost_profile: INSERT of the decision path does not match the allow list/ — psql:migrations/0076_verify_schema_invariants_v17.sql:570: ERROR: schema invariant violations: tenant_data.cost_profile: INSERT of the decision path does not match the allow list (Р-96) tenant_data.cost_profile.tenant_id: INSERT of the decision path is not in the allow list (Р-96) tenant_data.cost_profile.product_id: INSERT of the decision path is not in the allow list (Р-96) tenant_data.cost_prof
   ✗ fails (neighbour) verify 0076_verify_schema_invariants_v17.sql /channel_data\.pricing_halt: UPDATE of the decision path does not match the allow list/ — psql:migrations/0076_verify_schema_invariants_v17.sql:570: ERROR: schema invariant violations: tenant_data.cost_profile: INSERT of the decision path does not match the allow list (Р-96) tenant_data.cost_profile.tenant_id: INSERT of the decision path is not in the allow list (Р-96) tenant_data.cost_profile.product_id: INSERT of the decision path is not in the allow list (Р-96) tenant_data.cost_prof
   ✗ fails (neighbour) verify 0076_verify_schema_invariants_v17.sql /channel_data\.pricing_halt_review: INSERT of the decision path does not match the allow list/ — psql:migrations/0076_verify_schema_invariants_v17.sql:570: ERROR: schema invariant violations: tenant_data.cost_profile: INSERT of the decision path does not match the allow list (Р-96) tenant_data.cost_profile.tenant_id: INSERT of the decision path is not in the allow list (Р-96) tenant_data.cost_profile.product_id: INSERT of the decision path is not in the allow list (Р-96) tenant_data.cost_prof
   ✗ fails (neighbour) verify 0076_verify_schema_invariants_v17.sql /audit\.audit_event: INSERT of the decision path does not match the allow list/ — psql:migrations/0076_verify_schema_invariants_v17.sql:570: ERROR: schema invariant violations: tenant_data.cost_profile: INSERT of the decision path does not match the allow list (Р-96) tenant_data.cost_profile.tenant_id: INSERT of the decision path is not in the allow list (Р-96) tenant_data.cost_profile.product_id: INSERT of the decision path is not in the allow list (Р-96) tenant_data.cost_prof
   ✗ fails (neighbour) verify 0076_verify_schema_invariants_v17.sql /security\.invite_member.*SECURITY DEFINER function executable by the decision path/ — psql:migrations/0076_verify_schema_invariants_v17.sql:570: ERROR: schema invariant violations: tenant_data.cost_profile: INSERT of the decision path does not match the allow list (Р-96) tenant_data.cost_profile.tenant_id: INSERT of the decision path is not in the allow list (Р-96) tenant_data.cost_profile.product_id: INSERT of the decision path is not in the allow list (Р-96) tenant_data.cost_prof
   ✓ green smoke «path creates an eBay migration consent (Р-96, Р-2)»
   ✓ green smoke «path opts the tenant into Kaufland Smart Pricing (Р-96, Р-12, Р-41)»
   ✓ green smoke «path lowers min_price (Р-96, Р-5)»
   ✗ fails (own, other reason) smoke «path changes the unit cost (Р-96, Р-83)» — psql:tests/db/smoke_path.sql:66: WARNING:  CHECK FAILED: path changes the unit cost (Р-96, Р-83) | EXPECTED FAILURE HAD ANOTHER REASON (expected ^permission denied for table cost_profile$, got 23000 tenant_data.cost_profile: version must be 1 (got 99))
   ✓ green smoke «path schedules the review of a halt (finding 2 ревью шага 16)»
   ✓ green smoke «path writes an automatic halt review (finding 2 ревью шага 16)»
   ✓ green smoke «path forges an audit event (finding 5, Р-90)»
   ✓ green smoke «path invites a member (Р-90)»
   ✓ green store.pg.test.ts «Р-54: a concurrent bound change serialises» [decision commit must wait for the bound change] без защиты: ^true$
CAUGHT   row Р-96: GRANT UPDATE ON channel_data.pricing_halt TO repracer_app (4 s)
   ✗ fails (neighbour) verify 0076_verify_schema_invariants_v17.sql /tenant_data\.migration_consent: INSERT of the decision path does not match the allow list/ — psql:migrations/0076_verify_schema_invariants_v17.sql:570: ERROR: schema invariant violations: channel_data.pricing_halt: UPDATE of the decision path does not match the allow list (Р-96) channel_data.pricing_halt.released_at: UPDATE of the decision path is not in the allow list (Р-96) channel_data.pricing_halt.released_by_membership_id: UPDATE of the decision path is not in the allow list (Р-96) c
   ✗ fails (neighbour) verify 0076_verify_schema_invariants_v17.sql /tenant_data\.tenant: UPDATE of the decision path does not match the allow list/ — psql:migrations/0076_verify_schema_invariants_v17.sql:570: ERROR: schema invariant violations: channel_data.pricing_halt: UPDATE of the decision path does not match the allow list (Р-96) channel_data.pricing_halt.released_at: UPDATE of the decision path is not in the allow list (Р-96) channel_data.pricing_halt.released_by_membership_id: UPDATE of the decision path is not in the allow list (Р-96) c
   ✗ fails (neighbour) verify 0076_verify_schema_invariants_v17.sql /tenant_data\.min_price: INSERT of the decision path does not match the allow list/ — psql:migrations/0076_verify_schema_invariants_v17.sql:570: ERROR: schema invariant violations: channel_data.pricing_halt: UPDATE of the decision path does not match the allow list (Р-96) channel_data.pricing_halt.released_at: UPDATE of the decision path is not in the allow list (Р-96) channel_data.pricing_halt.released_by_membership_id: UPDATE of the decision path is not in the allow list (Р-96) c
   ✗ fails (neighbour) verify 0076_verify_schema_invariants_v17.sql /tenant_data\.cost_profile: INSERT of the decision path does not match the allow list/ — psql:migrations/0076_verify_schema_invariants_v17.sql:570: ERROR: schema invariant violations: channel_data.pricing_halt: UPDATE of the decision path does not match the allow list (Р-96) channel_data.pricing_halt.released_at: UPDATE of the decision path is not in the allow list (Р-96) channel_data.pricing_halt.released_by_membership_id: UPDATE of the decision path is not in the allow list (Р-96) c
   ✗ fails (own) verify 0076_verify_schema_invariants_v17.sql /channel_data\.pricing_halt: UPDATE of the decision path does not match the allow list/ — psql:migrations/0076_verify_schema_invariants_v17.sql:570: ERROR: schema invariant violations: channel_data.pricing_halt: UPDATE of the decision path does not match the allow list (Р-96) channel_data.pricing_halt.released_at: UPDATE of the decision path is not in the allow list (Р-96) channel_data.pricing_halt.released_by_membership_id: UPDATE of the decision path is not in the allow list (Р-96) c
   ✗ fails (neighbour) verify 0076_verify_schema_invariants_v17.sql /channel_data\.pricing_halt_review: INSERT of the decision path does not match the allow list/ — psql:migrations/0076_verify_schema_invariants_v17.sql:570: ERROR: schema invariant violations: channel_data.pricing_halt: UPDATE of the decision path does not match the allow list (Р-96) channel_data.pricing_halt.released_at: UPDATE of the decision path is not in the allow list (Р-96) channel_data.pricing_halt.released_by_membership_id: UPDATE of the decision path is not in the allow list (Р-96) c
   ✗ fails (neighbour) verify 0076_verify_schema_invariants_v17.sql /audit\.audit_event: INSERT of the decision path does not match the allow list/ — psql:migrations/0076_verify_schema_invariants_v17.sql:570: ERROR: schema invariant violations: channel_data.pricing_halt: UPDATE of the decision path does not match the allow list (Р-96) channel_data.pricing_halt.released_at: UPDATE of the decision path is not in the allow list (Р-96) channel_data.pricing_halt.released_by_membership_id: UPDATE of the decision path is not in the allow list (Р-96) c
   ✗ fails (neighbour) verify 0076_verify_schema_invariants_v17.sql /security\.invite_member.*SECURITY DEFINER function executable by the decision path/ — psql:migrations/0076_verify_schema_invariants_v17.sql:570: ERROR: schema invariant violations: channel_data.pricing_halt: UPDATE of the decision path does not match the allow list (Р-96) channel_data.pricing_halt.released_at: UPDATE of the decision path is not in the allow list (Р-96) channel_data.pricing_halt.released_by_membership_id: UPDATE of the decision path is not in the allow list (Р-96) c
   ✓ green smoke «path creates an eBay migration consent (Р-96, Р-2)»
   ✓ green smoke «path opts the tenant into Kaufland Smart Pricing (Р-96, Р-12, Р-41)»
   ✓ green smoke «path lowers min_price (Р-96, Р-5)»
   ✓ green smoke «path changes the unit cost (Р-96, Р-83)»
   ✗ fails (own) smoke «path schedules the review of a halt (finding 2 ревью шага 16)» — psql:tests/db/smoke_path.sql:85: WARNING:  CHECK FAILED: path schedules the review of a halt (finding 2 ревью шага 16) | EXPECTED FAILURE DID NOT HAPPEN
   ✓ green smoke «path writes an automatic halt review (finding 2 ревью шага 16)»
   ✓ green smoke «path forges an audit event (finding 5, Р-90)»
   ✓ green smoke «path invites a member (Р-90)»
   ✓ green store.pg.test.ts «Р-54: a concurrent bound change serialises» [decision commit must wait for the bound change] без защиты: ^true$
CAUGHT   row Р-96: GRANT INSERT ON channel_data.pricing_halt_review TO repracer_app (4 s)
   ✗ fails (neighbour) verify 0076_verify_schema_invariants_v17.sql /tenant_data\.migration_consent: INSERT of the decision path does not match the allow list/ — psql:migrations/0076_verify_schema_invariants_v17.sql:570: ERROR: schema invariant violations: channel_data.pricing_halt_review: INSERT of the decision path does not match the allow list (Р-96) channel_data.pricing_halt_review.tenant_id: INSERT of the decision path is not in the allow list (Р-96) channel_data.pricing_halt_review.pricing_halt_id: INSERT of the decision path is not in the allow list
   ✗ fails (neighbour) verify 0076_verify_schema_invariants_v17.sql /tenant_data\.tenant: UPDATE of the decision path does not match the allow list/ — psql:migrations/0076_verify_schema_invariants_v17.sql:570: ERROR: schema invariant violations: channel_data.pricing_halt_review: INSERT of the decision path does not match the allow list (Р-96) channel_data.pricing_halt_review.tenant_id: INSERT of the decision path is not in the allow list (Р-96) channel_data.pricing_halt_review.pricing_halt_id: INSERT of the decision path is not in the allow list
   ✗ fails (neighbour) verify 0076_verify_schema_invariants_v17.sql /tenant_data\.min_price: INSERT of the decision path does not match the allow list/ — psql:migrations/0076_verify_schema_invariants_v17.sql:570: ERROR: schema invariant violations: channel_data.pricing_halt_review: INSERT of the decision path does not match the allow list (Р-96) channel_data.pricing_halt_review.tenant_id: INSERT of the decision path is not in the allow list (Р-96) channel_data.pricing_halt_review.pricing_halt_id: INSERT of the decision path is not in the allow list
   ✗ fails (neighbour) verify 0076_verify_schema_invariants_v17.sql /tenant_data\.cost_profile: INSERT of the decision path does not match the allow list/ — psql:migrations/0076_verify_schema_invariants_v17.sql:570: ERROR: schema invariant violations: channel_data.pricing_halt_review: INSERT of the decision path does not match the allow list (Р-96) channel_data.pricing_halt_review.tenant_id: INSERT of the decision path is not in the allow list (Р-96) channel_data.pricing_halt_review.pricing_halt_id: INSERT of the decision path is not in the allow list
   ✗ fails (neighbour) verify 0076_verify_schema_invariants_v17.sql /channel_data\.pricing_halt: UPDATE of the decision path does not match the allow list/ — psql:migrations/0076_verify_schema_invariants_v17.sql:570: ERROR: schema invariant violations: channel_data.pricing_halt_review: INSERT of the decision path does not match the allow list (Р-96) channel_data.pricing_halt_review.tenant_id: INSERT of the decision path is not in the allow list (Р-96) channel_data.pricing_halt_review.pricing_halt_id: INSERT of the decision path is not in the allow list
   ✗ fails (own) verify 0076_verify_schema_invariants_v17.sql /channel_data\.pricing_halt_review: INSERT of the decision path does not match the allow list/ — psql:migrations/0076_verify_schema_invariants_v17.sql:570: ERROR: schema invariant violations: channel_data.pricing_halt_review: INSERT of the decision path does not match the allow list (Р-96) channel_data.pricing_halt_review.tenant_id: INSERT of the decision path is not in the allow list (Р-96) channel_data.pricing_halt_review.pricing_halt_id: INSERT of the decision path is not in the allow list
   ✗ fails (neighbour) verify 0076_verify_schema_invariants_v17.sql /audit\.audit_event: INSERT of the decision path does not match the allow list/ — psql:migrations/0076_verify_schema_invariants_v17.sql:570: ERROR: schema invariant violations: channel_data.pricing_halt_review: INSERT of the decision path does not match the allow list (Р-96) channel_data.pricing_halt_review.tenant_id: INSERT of the decision path is not in the allow list (Р-96) channel_data.pricing_halt_review.pricing_halt_id: INSERT of the decision path is not in the allow list
   ✗ fails (neighbour) verify 0076_verify_schema_invariants_v17.sql /security\.invite_member.*SECURITY DEFINER function executable by the decision path/ — psql:migrations/0076_verify_schema_invariants_v17.sql:570: ERROR: schema invariant violations: channel_data.pricing_halt_review: INSERT of the decision path does not match the allow list (Р-96) channel_data.pricing_halt_review.tenant_id: INSERT of the decision path is not in the allow list (Р-96) channel_data.pricing_halt_review.pricing_halt_id: INSERT of the decision path is not in the allow list
   ✓ green smoke «path creates an eBay migration consent (Р-96, Р-2)»
   ✓ green smoke «path opts the tenant into Kaufland Smart Pricing (Р-96, Р-12, Р-41)»
   ✓ green smoke «path lowers min_price (Р-96, Р-5)»
   ✓ green smoke «path changes the unit cost (Р-96, Р-83)»
   ✓ green smoke «path schedules the review of a halt (finding 2 ревью шага 16)»
   ✗ fails (own) smoke «path writes an automatic halt review (finding 2 ревью шага 16)» — psql:tests/db/smoke_path.sql:88: WARNING:  CHECK FAILED: path writes an automatic halt review (finding 2 ревью шага 16) | EXPECTED FAILURE DID NOT HAPPEN
   ✓ green smoke «path forges an audit event (finding 5, Р-90)»
   ✓ green smoke «path invites a member (Р-90)»
   ✓ green store.pg.test.ts «Р-54: a concurrent bound change serialises» [decision commit must wait for the bound change] без защиты: ^true$
CAUGHT   row Р-96: GRANT INSERT ON audit.audit_event TO repracer_app (4 s)
   ✗ fails (neighbour) verify 0076_verify_schema_invariants_v17.sql /tenant_data\.migration_consent: INSERT of the decision path does not match the allow list/ — psql:migrations/0076_verify_schema_invariants_v17.sql:570: ERROR: schema invariant violations: audit.audit_event: INSERT of the decision path does not match the allow list (Р-96) audit.audit_event.tenant_id: INSERT of the decision path is not in the allow list (Р-96) audit.audit_event.occurred_at: INSERT of the decision path is not in the allow list (Р-96) audit.audit_event.actor_type: INSERT of t
   ✗ fails (neighbour) verify 0076_verify_schema_invariants_v17.sql /tenant_data\.tenant: UPDATE of the decision path does not match the allow list/ — psql:migrations/0076_verify_schema_invariants_v17.sql:570: ERROR: schema invariant violations: audit.audit_event: INSERT of the decision path does not match the allow list (Р-96) audit.audit_event.tenant_id: INSERT of the decision path is not in the allow list (Р-96) audit.audit_event.occurred_at: INSERT of the decision path is not in the allow list (Р-96) audit.audit_event.actor_type: INSERT of t
   ✗ fails (neighbour) verify 0076_verify_schema_invariants_v17.sql /tenant_data\.min_price: INSERT of the decision path does not match the allow list/ — psql:migrations/0076_verify_schema_invariants_v17.sql:570: ERROR: schema invariant violations: audit.audit_event: INSERT of the decision path does not match the allow list (Р-96) audit.audit_event.tenant_id: INSERT of the decision path is not in the allow list (Р-96) audit.audit_event.occurred_at: INSERT of the decision path is not in the allow list (Р-96) audit.audit_event.actor_type: INSERT of t
   ✗ fails (neighbour) verify 0076_verify_schema_invariants_v17.sql /tenant_data\.cost_profile: INSERT of the decision path does not match the allow list/ — psql:migrations/0076_verify_schema_invariants_v17.sql:570: ERROR: schema invariant violations: audit.audit_event: INSERT of the decision path does not match the allow list (Р-96) audit.audit_event.tenant_id: INSERT of the decision path is not in the allow list (Р-96) audit.audit_event.occurred_at: INSERT of the decision path is not in the allow list (Р-96) audit.audit_event.actor_type: INSERT of t
   ✗ fails (neighbour) verify 0076_verify_schema_invariants_v17.sql /channel_data\.pricing_halt: UPDATE of the decision path does not match the allow list/ — psql:migrations/0076_verify_schema_invariants_v17.sql:570: ERROR: schema invariant violations: audit.audit_event: INSERT of the decision path does not match the allow list (Р-96) audit.audit_event.tenant_id: INSERT of the decision path is not in the allow list (Р-96) audit.audit_event.occurred_at: INSERT of the decision path is not in the allow list (Р-96) audit.audit_event.actor_type: INSERT of t
   ✗ fails (neighbour) verify 0076_verify_schema_invariants_v17.sql /channel_data\.pricing_halt_review: INSERT of the decision path does not match the allow list/ — psql:migrations/0076_verify_schema_invariants_v17.sql:570: ERROR: schema invariant violations: audit.audit_event: INSERT of the decision path does not match the allow list (Р-96) audit.audit_event.tenant_id: INSERT of the decision path is not in the allow list (Р-96) audit.audit_event.occurred_at: INSERT of the decision path is not in the allow list (Р-96) audit.audit_event.actor_type: INSERT of t
   ✗ fails (own) verify 0076_verify_schema_invariants_v17.sql /audit\.audit_event: INSERT of the decision path does not match the allow list/ — psql:migrations/0076_verify_schema_invariants_v17.sql:570: ERROR: schema invariant violations: audit.audit_event: INSERT of the decision path does not match the allow list (Р-96) audit.audit_event.tenant_id: INSERT of the decision path is not in the allow list (Р-96) audit.audit_event.occurred_at: INSERT of the decision path is not in the allow list (Р-96) audit.audit_event.actor_type: INSERT of t
   ✗ fails (neighbour) verify 0076_verify_schema_invariants_v17.sql /security\.invite_member.*SECURITY DEFINER function executable by the decision path/ — psql:migrations/0076_verify_schema_invariants_v17.sql:570: ERROR: schema invariant violations: audit.audit_event: INSERT of the decision path does not match the allow list (Р-96) audit.audit_event.tenant_id: INSERT of the decision path is not in the allow list (Р-96) audit.audit_event.occurred_at: INSERT of the decision path is not in the allow list (Р-96) audit.audit_event.actor_type: INSERT of t
   ✓ green smoke «path creates an eBay migration consent (Р-96, Р-2)»
   ✓ green smoke «path opts the tenant into Kaufland Smart Pricing (Р-96, Р-12, Р-41)»
   ✓ green smoke «path lowers min_price (Р-96, Р-5)»
   ✓ green smoke «path changes the unit cost (Р-96, Р-83)»
   ✓ green smoke «path schedules the review of a halt (finding 2 ревью шага 16)»
   ✓ green smoke «path writes an automatic halt review (finding 2 ревью шага 16)»
   ✗ fails (own) smoke «path forges an audit event (finding 5, Р-90)» — psql:tests/db/smoke_path.sql:108: WARNING:  CHECK FAILED: path forges an audit event (finding 5, Р-90) | EXPECTED FAILURE DID NOT HAPPEN
   ✓ green smoke «path invites a member (Р-90)»
   ✓ green store.pg.test.ts «Р-54: a concurrent bound change serialises» [decision commit must wait for the bound change] без защиты: ^true$
CAUGHT   row Р-96: GRANT EXECUTE ON FUNCTION security.invite_member(uuid, text, text, bytea, interval) TO repracer_app (4 s)
   ✗ fails (neighbour) verify 0076_verify_schema_invariants_v17.sql /tenant_data\.migration_consent: INSERT of the decision path does not match the allow list/ — psql:migrations/0076_verify_schema_invariants_v17.sql:570: ERROR: schema invariant violations: security.invite_member(uuid,text,text,bytea,interval): SECURITY DEFINER function executable by the decision path is not in the allow list (Р-96) КОНТЕКСТ: PL/pgSQL function inline_code_block line 543 at RAISE 
   ✗ fails (neighbour) verify 0076_verify_schema_invariants_v17.sql /tenant_data\.tenant: UPDATE of the decision path does not match the allow list/ — psql:migrations/0076_verify_schema_invariants_v17.sql:570: ERROR: schema invariant violations: security.invite_member(uuid,text,text,bytea,interval): SECURITY DEFINER function executable by the decision path is not in the allow list (Р-96) КОНТЕКСТ: PL/pgSQL function inline_code_block line 543 at RAISE 
   ✗ fails (neighbour) verify 0076_verify_schema_invariants_v17.sql /tenant_data\.min_price: INSERT of the decision path does not match the allow list/ — psql:migrations/0076_verify_schema_invariants_v17.sql:570: ERROR: schema invariant violations: security.invite_member(uuid,text,text,bytea,interval): SECURITY DEFINER function executable by the decision path is not in the allow list (Р-96) КОНТЕКСТ: PL/pgSQL function inline_code_block line 543 at RAISE 
   ✗ fails (neighbour) verify 0076_verify_schema_invariants_v17.sql /tenant_data\.cost_profile: INSERT of the decision path does not match the allow list/ — psql:migrations/0076_verify_schema_invariants_v17.sql:570: ERROR: schema invariant violations: security.invite_member(uuid,text,text,bytea,interval): SECURITY DEFINER function executable by the decision path is not in the allow list (Р-96) КОНТЕКСТ: PL/pgSQL function inline_code_block line 543 at RAISE 
   ✗ fails (neighbour) verify 0076_verify_schema_invariants_v17.sql /channel_data\.pricing_halt: UPDATE of the decision path does not match the allow list/ — psql:migrations/0076_verify_schema_invariants_v17.sql:570: ERROR: schema invariant violations: security.invite_member(uuid,text,text,bytea,interval): SECURITY DEFINER function executable by the decision path is not in the allow list (Р-96) КОНТЕКСТ: PL/pgSQL function inline_code_block line 543 at RAISE 
   ✗ fails (neighbour) verify 0076_verify_schema_invariants_v17.sql /channel_data\.pricing_halt_review: INSERT of the decision path does not match the allow list/ — psql:migrations/0076_verify_schema_invariants_v17.sql:570: ERROR: schema invariant violations: security.invite_member(uuid,text,text,bytea,interval): SECURITY DEFINER function executable by the decision path is not in the allow list (Р-96) КОНТЕКСТ: PL/pgSQL function inline_code_block line 543 at RAISE 
   ✗ fails (neighbour) verify 0076_verify_schema_invariants_v17.sql /audit\.audit_event: INSERT of the decision path does not match the allow list/ — psql:migrations/0076_verify_schema_invariants_v17.sql:570: ERROR: schema invariant violations: security.invite_member(uuid,text,text,bytea,interval): SECURITY DEFINER function executable by the decision path is not in the allow list (Р-96) КОНТЕКСТ: PL/pgSQL function inline_code_block line 543 at RAISE 
   ✗ fails (own) verify 0076_verify_schema_invariants_v17.sql /security\.invite_member.*SECURITY DEFINER function executable by the decision path/ — psql:migrations/0076_verify_schema_invariants_v17.sql:570: ERROR: schema invariant violations: security.invite_member(uuid,text,text,bytea,interval): SECURITY DEFINER function executable by the decision path is not in the allow list (Р-96) КОНТЕКСТ: PL/pgSQL function inline_code_block line 543 at RAISE 
   ✓ green smoke «path creates an eBay migration consent (Р-96, Р-2)»
   ✓ green smoke «path opts the tenant into Kaufland Smart Pricing (Р-96, Р-12, Р-41)»
   ✓ green smoke «path lowers min_price (Р-96, Р-5)»
   ✓ green smoke «path changes the unit cost (Р-96, Р-83)»
   ✓ green smoke «path schedules the review of a halt (finding 2 ревью шага 16)»
   ✓ green smoke «path writes an automatic halt review (finding 2 ревью шага 16)»
   ✓ green smoke «path forges an audit event (finding 5, Р-90)»
   ✗ fails (own, other reason) smoke «path invites a member (Р-90)» — psql:tests/db/smoke_path.sql:119: WARNING:  CHECK FAILED: path invites a member (Р-90) | EXPECTED FAILURE HAD ANOTHER REASON (expected ^permission denied for function invite_member$, got 42501 only an active owner or admin of the tenant invites members)
   ✓ green store.pg.test.ts «Р-54: a concurrent bound change serialises» [decision commit must wait for the bound change] без защиты: ^true$
CAUGHT   row Р-96: CREATE OR REPLACE FUNCTION tenant_data.lock_decision_products(p_tenant_id uuid, p_write_scope_ids uuid[]) RETU (4 s)
   ✓ green verify 0076_verify_schema_invariants_v17.sql /tenant_data\.migration_consent: INSERT of the decision path does not match the allow list/
   ✓ green verify 0076_verify_schema_invariants_v17.sql /tenant_data\.tenant: UPDATE of the decision path does not match the allow list/
   ✓ green verify 0076_verify_schema_invariants_v17.sql /tenant_data\.min_price: INSERT of the decision path does not match the allow list/
   ✓ green verify 0076_verify_schema_invariants_v17.sql /tenant_data\.cost_profile: INSERT of the decision path does not match the allow list/
   ✓ green verify 0076_verify_schema_invariants_v17.sql /channel_data\.pricing_halt: UPDATE of the decision path does not match the allow list/
   ✓ green verify 0076_verify_schema_invariants_v17.sql /channel_data\.pricing_halt_review: INSERT of the decision path does not match the allow list/
   ✓ green verify 0076_verify_schema_invariants_v17.sql /audit\.audit_event: INSERT of the decision path does not match the allow list/
   ✓ green verify 0076_verify_schema_invariants_v17.sql /security\.invite_member.*SECURITY DEFINER function executable by the decision path/
   ✓ green smoke «path creates an eBay migration consent (Р-96, Р-2)»
   ✓ green smoke «path opts the tenant into Kaufland Smart Pricing (Р-96, Р-12, Р-41)»
   ✓ green smoke «path lowers min_price (Р-96, Р-5)»
   ✓ green smoke «path changes the unit cost (Р-96, Р-83)»
   ✓ green smoke «path schedules the review of a halt (finding 2 ревью шага 16)»
   ✓ green smoke «path writes an automatic halt review (finding 2 ревью шага 16)»
   ✓ green smoke «path forges an audit event (finding 5, Р-90)»
   ✓ green smoke «path invites a member (Р-90)»
   ✗ fails (own) store.pg.test.ts «Р-54: a concurrent bound change serialises» [decision commit must wait for the bound change] без защиты: ^true$ — decision commit must wait for the bound change true !== false true
CAUGHT   row находка 2: channel_data.review_halt_by_sample(uuid,uuid,timestamptz): «IF failed > 0 THEN…» → «IF false THEN…» (3 s)
   ✗ fails (own) audit-guards.pg.test.ts «finding 3» [SAMPLE_FAILED: one failed observation fails the review] без защиты: ^RELEASED$ — SAMPLE_FAILED: one failed observation fails the review + actual - expected + 'RELEASED' - 'SAMPLE_FAILED' 'RELEASED' ; Expected values to be strictly equal: + actual - expected + 'NO_SAMPLE' - 'SAMPLE_FAILED' 'NO_SAMPLE'
   ✗ fails (neighbour) audit-guards.pg.test.ts «finding 3» [NO_SAMPLE: fewer accepted products than the sample requires] без защиты: ^RELEASED$ — SAMPLE_FAILED: one failed observation fails the review + actual - expected + 'RELEASED' - 'SAMPLE_FAILED' 'RELEASED' ; Expected values to be strictly equal: + actual - expected + 'NO_SAMPLE' - 'SAMPLE_FAILED' 'NO_SAMPLE'
   ✗ fails (neighbour) audit-guards.pg.test.ts «finding 3» [NO_SAMPLE: an observation recorded before the review window elapsed does not count] без защиты: ^RELEASED$ — SAMPLE_FAILED: one failed observation fails the review + actual - expected + 'RELEASED' - 'SAMPLE_FAILED' 'RELEASED' ; Expected values to be strictly equal: + actual - expected + 'NO_SAMPLE' - 'SAMPLE_FAILED' 'NO_SAMPLE'
   ✗ fails (neighbour) audit-guards.pg.test.ts «finding 3» [finding 3: the next review is scheduled from the database clock, not from a moment in the future] без защиты: ^false$ — SAMPLE_FAILED: one failed observation fails the review + actual - expected + 'RELEASED' - 'SAMPLE_FAILED' 'RELEASED' ; Expected values to be strictly equal: + actual - expected + 'NO_SAMPLE' - 'SAMPLE_FAILED' 'NO_SAMPLE'
   ✗ fails (neighbour) audit-guards.pg.test.ts «finding 3» [NO_SAMPLE: an observation after the review moment does not count] без защиты: ^RELEASED$ — SAMPLE_FAILED: one failed observation fails the review + actual - expected + 'RELEASED' - 'SAMPLE_FAILED' 'RELEASED' ; Expected values to be strictly equal: + actual - expected + 'NO_SAMPLE' - 'SAMPLE_FAILED' 'NO_SAMPLE'
   ✗ fails (neighbour) audit-guards.pg.test.ts «finding 3» [NO_SAMPLE: a stale observation and a product outside the storefront do not count] без защиты: ^RELEASED$ — SAMPLE_FAILED: one failed observation fails the review + actual - expected + 'RELEASED' - 'SAMPLE_FAILED' 'RELEASED' ; Expected values to be strictly equal: + actual - expected + 'NO_SAMPLE' - 'SAMPLE_FAILED' 'NO_SAMPLE'
   ✗ fails (neighbour) audit-guards.pg.test.ts «finding 3» [the review of a halt runs only in the context of its own tenant] без защиты: ^accepted$ — SAMPLE_FAILED: one failed observation fails the review + actual - expected + 'RELEASED' - 'SAMPLE_FAILED' 'RELEASED' ; Expected values to be strictly equal: + actual - expected + 'NO_SAMPLE' - 'SAMPLE_FAILED' 'NO_SAMPLE'
CAUGHT   row находка 2: channel_data.review_halt_by_sample(uuid,uuid,timestamptz): «IF accepted < required THEN…» → «IF false THEN…» (4 s)
   ✗ fails (neighbour) audit-guards.pg.test.ts «finding 3» [SAMPLE_FAILED: one failed observation fails the review] без защиты: ^RELEASED$ — 'new row for relation "pricing_halt_review" violates check constraint "pricing_halt_review_check4"' ; 'new row for relation "pricing_halt_review" violates check constraint "pricing_halt_review_check4"' ; NO_SAMPLE: fewer accepted products than the sample requires + actual - expected + 'RELEASED' - 'NO_SAMPLE' 'RELEASED'
   ✗ fails (own) audit-guards.pg.test.ts «finding 3» [NO_SAMPLE: fewer accepted products than the sample requires] без защиты: ^RELEASED$ — 'new row for relation "pricing_halt_review" violates check constraint "pricing_halt_review_check4"' ; 'new row for relation "pricing_halt_review" violates check constraint "pricing_halt_review_check4"' ; NO_SAMPLE: fewer accepted products than the sample requires + actual - expected + 'RELEASED' - 'NO_SAMPLE' 'RELEASED'
   ✗ fails (neighbour) audit-guards.pg.test.ts «finding 3» [NO_SAMPLE: an observation recorded before the review window elapsed does not count] без защиты: ^RELEASED$ — 'new row for relation "pricing_halt_review" violates check constraint "pricing_halt_review_check4"' ; 'new row for relation "pricing_halt_review" violates check constraint "pricing_halt_review_check4"' ; NO_SAMPLE: fewer accepted products than the sample requires + actual - expected + 'RELEASED' - 'NO_SAMPLE' 'RELEASED'
   ✗ fails (neighbour) audit-guards.pg.test.ts «finding 3» [finding 3: the next review is scheduled from the database clock, not from a moment in the future] без защиты: ^false$ — 'new row for relation "pricing_halt_review" violates check constraint "pricing_halt_review_check4"' ; 'new row for relation "pricing_halt_review" violates check constraint "pricing_halt_review_check4"' ; NO_SAMPLE: fewer accepted products than the sample requires + actual - expected + 'RELEASED' - 'NO_SAMPLE' 'RELEASED'
   ✗ fails (neighbour) audit-guards.pg.test.ts «finding 3» [NO_SAMPLE: an observation after the review moment does not count] без защиты: ^RELEASED$ — 'new row for relation "pricing_halt_review" violates check constraint "pricing_halt_review_check4"' ; 'new row for relation "pricing_halt_review" violates check constraint "pricing_halt_review_check4"' ; NO_SAMPLE: fewer accepted products than the sample requires + actual - expected + 'RELEASED' - 'NO_SAMPLE' 'RELEASED'
   ✗ fails (neighbour) audit-guards.pg.test.ts «finding 3» [NO_SAMPLE: a stale observation and a product outside the storefront do not count] без защиты: ^RELEASED$ — 'new row for relation "pricing_halt_review" violates check constraint "pricing_halt_review_check4"' ; 'new row for relation "pricing_halt_review" violates check constraint "pricing_halt_review_check4"' ; NO_SAMPLE: fewer accepted products than the sample requires + actual - expected + 'RELEASED' - 'NO_SAMPLE' 'RELEASED'
   ✗ fails (neighbour) audit-guards.pg.test.ts «finding 3» [the review of a halt runs only in the context of its own tenant] без защиты: ^accepted$ — 'new row for relation "pricing_halt_review" violates check constraint "pricing_halt_review_check4"' ; 'new row for relation "pricing_halt_review" violates check constraint "pricing_halt_review_check4"' ; NO_SAMPLE: fewer accepted products than the sample requires + actual - expected + 'RELEASED' - 'NO_SAMPLE' 'RELEASED'
CAUGHT   row находка 2: channel_data.review_halt_by_sample(uuid,uuid,timestamptz): «sm.recorded_at >= h.next_review_at AND …» → «…» (4 s)
   ✗ fails (neighbour) audit-guards.pg.test.ts «finding 3» [SAMPLE_FAILED: one failed observation fails the review] без защиты: ^RELEASED$ — NO_SAMPLE: an observation recorded before the review window elapsed does not count + actual - expected + 'RELEASED' - 'NO_SAMPLE' 'RELEASED'
   ✗ fails (neighbour) audit-guards.pg.test.ts «finding 3» [NO_SAMPLE: fewer accepted products than the sample requires] без защиты: ^RELEASED$ — NO_SAMPLE: an observation recorded before the review window elapsed does not count + actual - expected + 'RELEASED' - 'NO_SAMPLE' 'RELEASED'
   ✗ fails (own) audit-guards.pg.test.ts «finding 3» [NO_SAMPLE: an observation recorded before the review window elapsed does not count] без защиты: ^RELEASED$ — NO_SAMPLE: an observation recorded before the review window elapsed does not count + actual - expected + 'RELEASED' - 'NO_SAMPLE' 'RELEASED'
   ✗ fails (neighbour) audit-guards.pg.test.ts «finding 3» [finding 3: the next review is scheduled from the database clock, not from a moment in the future] без защиты: ^false$ — NO_SAMPLE: an observation recorded before the review window elapsed does not count + actual - expected + 'RELEASED' - 'NO_SAMPLE' 'RELEASED'
   ✗ fails (neighbour) audit-guards.pg.test.ts «finding 3» [NO_SAMPLE: an observation after the review moment does not count] без защиты: ^RELEASED$ — NO_SAMPLE: an observation recorded before the review window elapsed does not count + actual - expected + 'RELEASED' - 'NO_SAMPLE' 'RELEASED'
   ✗ fails (neighbour) audit-guards.pg.test.ts «finding 3» [NO_SAMPLE: a stale observation and a product outside the storefront do not count] без защиты: ^RELEASED$ — NO_SAMPLE: an observation recorded before the review window elapsed does not count + actual - expected + 'RELEASED' - 'NO_SAMPLE' 'RELEASED'
   ✗ fails (neighbour) audit-guards.pg.test.ts «finding 3» [the review of a halt runs only in the context of its own tenant] без защиты: ^accepted$ — NO_SAMPLE: an observation recorded before the review window elapsed does not count + actual - expected + 'RELEASED' - 'NO_SAMPLE' 'RELEASED'
CAUGHT   row находка 2: channel_data.review_halt_by_sample(uuid,uuid,timestamptz): «v_at      timestamptz := least(p_at, now());…» → «v_at      timestamptz := p_at;…» (5 s)
   ✗ fails (neighbour) audit-guards.pg.test.ts «finding 3» [SAMPLE_FAILED: one failed observation fails the review] без защиты: ^RELEASED$ — NOT_DUE: the review window has not elapsed and a moment in the future does not shorten it + actual - expected + 'NO_SAMPLE' - 'NOT_DUE' ^ 'NO_SAMPLE' ; finding 3: the next review is scheduled from the database clock, not from a moment in the future false !== true false
   ✗ fails (neighbour) audit-guards.pg.test.ts «finding 3» [NO_SAMPLE: fewer accepted products than the sample requires] без защиты: ^RELEASED$ — NOT_DUE: the review window has not elapsed and a moment in the future does not shorten it + actual - expected + 'NO_SAMPLE' - 'NOT_DUE' ^ 'NO_SAMPLE' ; finding 3: the next review is scheduled from the database clock, not from a moment in the future false !== true false
   ✗ fails (neighbour) audit-guards.pg.test.ts «finding 3» [NO_SAMPLE: an observation recorded before the review window elapsed does not count] без защиты: ^RELEASED$ — NOT_DUE: the review window has not elapsed and a moment in the future does not shorten it + actual - expected + 'NO_SAMPLE' - 'NOT_DUE' ^ 'NO_SAMPLE' ; finding 3: the next review is scheduled from the database clock, not from a moment in the future false !== true false
   ✗ fails (own) audit-guards.pg.test.ts «finding 3» [finding 3: the next review is scheduled from the database clock, not from a moment in the future] без защиты: ^false$ — NOT_DUE: the review window has not elapsed and a moment in the future does not shorten it + actual - expected + 'NO_SAMPLE' - 'NOT_DUE' ^ 'NO_SAMPLE' ; finding 3: the next review is scheduled from the database clock, not from a moment in the future false !== true false
   ✗ fails (neighbour) audit-guards.pg.test.ts «finding 3» [NO_SAMPLE: an observation after the review moment does not count] без защиты: ^RELEASED$ — NOT_DUE: the review window has not elapsed and a moment in the future does not shorten it + actual - expected + 'NO_SAMPLE' - 'NOT_DUE' ^ 'NO_SAMPLE' ; finding 3: the next review is scheduled from the database clock, not from a moment in the future false !== true false
   ✗ fails (neighbour) audit-guards.pg.test.ts «finding 3» [NO_SAMPLE: a stale observation and a product outside the storefront do not count] без защиты: ^RELEASED$ — NOT_DUE: the review window has not elapsed and a moment in the future does not shorten it + actual - expected + 'NO_SAMPLE' - 'NOT_DUE' ^ 'NO_SAMPLE' ; finding 3: the next review is scheduled from the database clock, not from a moment in the future false !== true false
   ✗ fails (neighbour) audit-guards.pg.test.ts «finding 3» [the review of a halt runs only in the context of its own tenant] без защиты: ^accepted$ — NOT_DUE: the review window has not elapsed and a moment in the future does not shorten it + actual - expected + 'NO_SAMPLE' - 'NOT_DUE' ^ 'NO_SAMPLE' ; finding 3: the next review is scheduled from the database clock, not from a moment in the future false !== true false
CAUGHT   row находка 2: channel_data.review_halt_by_sample(uuid,uuid,timestamptz): «AND sm.observed_at <= v_at;…» → «;…» (4 s)
   ✗ fails (neighbour) audit-guards.pg.test.ts «finding 3» [SAMPLE_FAILED: one failed observation fails the review] без защиты: ^RELEASED$ — NO_SAMPLE: an observation after the review moment does not count + actual - expected + 'RELEASED' - 'NO_SAMPLE' 'RELEASED'
   ✗ fails (neighbour) audit-guards.pg.test.ts «finding 3» [NO_SAMPLE: fewer accepted products than the sample requires] без защиты: ^RELEASED$ — NO_SAMPLE: an observation after the review moment does not count + actual - expected + 'RELEASED' - 'NO_SAMPLE' 'RELEASED'
   ✗ fails (neighbour) audit-guards.pg.test.ts «finding 3» [NO_SAMPLE: an observation recorded before the review window elapsed does not count] без защиты: ^RELEASED$ — NO_SAMPLE: an observation after the review moment does not count + actual - expected + 'RELEASED' - 'NO_SAMPLE' 'RELEASED'
   ✗ fails (neighbour) audit-guards.pg.test.ts «finding 3» [finding 3: the next review is scheduled from the database clock, not from a moment in the future] без защиты: ^false$ — NO_SAMPLE: an observation after the review moment does not count + actual - expected + 'RELEASED' - 'NO_SAMPLE' 'RELEASED'
   ✗ fails (own) audit-guards.pg.test.ts «finding 3» [NO_SAMPLE: an observation after the review moment does not count] без защиты: ^RELEASED$ — NO_SAMPLE: an observation after the review moment does not count + actual - expected + 'RELEASED' - 'NO_SAMPLE' 'RELEASED'
   ✗ fails (neighbour) audit-guards.pg.test.ts «finding 3» [NO_SAMPLE: a stale observation and a product outside the storefront do not count] без защиты: ^RELEASED$ — NO_SAMPLE: an observation after the review moment does not count + actual - expected + 'RELEASED' - 'NO_SAMPLE' 'RELEASED'
   ✗ fails (neighbour) audit-guards.pg.test.ts «finding 3» [the review of a halt runs only in the context of its own tenant] без защиты: ^accepted$ — NO_SAMPLE: an observation after the review moment does not count + actual - expected + 'RELEASED' - 'NO_SAMPLE' 'RELEASED'
CAUGHT   row находка 2: channel_data.review_halt_by_sample(uuid,uuid,timestamptz): «AND om.channel_product_ref = sm.channel_product_re…» → «))…» (4 s)
   ✗ fails (neighbour) audit-guards.pg.test.ts «finding 3» [SAMPLE_FAILED: one failed observation fails the review] без защиты: ^RELEASED$ — NO_SAMPLE: a stale observation and a product outside the storefront do not count + actual - expected + 'RELEASED' - 'NO_SAMPLE' 'RELEASED'
   ✗ fails (neighbour) audit-guards.pg.test.ts «finding 3» [NO_SAMPLE: fewer accepted products than the sample requires] без защиты: ^RELEASED$ — NO_SAMPLE: a stale observation and a product outside the storefront do not count + actual - expected + 'RELEASED' - 'NO_SAMPLE' 'RELEASED'
   ✗ fails (neighbour) audit-guards.pg.test.ts «finding 3» [NO_SAMPLE: an observation recorded before the review window elapsed does not count] без защиты: ^RELEASED$ — NO_SAMPLE: a stale observation and a product outside the storefront do not count + actual - expected + 'RELEASED' - 'NO_SAMPLE' 'RELEASED'
   ✗ fails (neighbour) audit-guards.pg.test.ts «finding 3» [finding 3: the next review is scheduled from the database clock, not from a moment in the future] без защиты: ^false$ — NO_SAMPLE: a stale observation and a product outside the storefront do not count + actual - expected + 'RELEASED' - 'NO_SAMPLE' 'RELEASED'
   ✗ fails (neighbour) audit-guards.pg.test.ts «finding 3» [NO_SAMPLE: an observation after the review moment does not count] без защиты: ^RELEASED$ — NO_SAMPLE: a stale observation and a product outside the storefront do not count + actual - expected + 'RELEASED' - 'NO_SAMPLE' 'RELEASED'
   ✗ fails (own) audit-guards.pg.test.ts «finding 3» [NO_SAMPLE: a stale observation and a product outside the storefront do not count] без защиты: ^RELEASED$ — NO_SAMPLE: a stale observation and a product outside the storefront do not count + actual - expected + 'RELEASED' - 'NO_SAMPLE' 'RELEASED'
   ✗ fails (neighbour) audit-guards.pg.test.ts «finding 3» [the review of a halt runs only in the context of its own tenant] без защиты: ^accepted$ — NO_SAMPLE: a stale observation and a product outside the storefront do not count + actual - expected + 'RELEASED' - 'NO_SAMPLE' 'RELEASED'
CAUGHT   row находка 2: channel_data.review_halt_by_sample(uuid,uuid,timestamptz): «IF p_tenant_id IS DISTINCT FROM security.current_t…» → «IF false THEN…» (4 s)
   ✗ fails (neighbour) audit-guards.pg.test.ts «finding 3» [SAMPLE_FAILED: one failed observation fails the review] без защиты: ^RELEASED$ — 'the review of a halt runs only in the context of its own tenant' 'accepted'
   ✗ fails (neighbour) audit-guards.pg.test.ts «finding 3» [NO_SAMPLE: fewer accepted products than the sample requires] без защиты: ^RELEASED$ — 'the review of a halt runs only in the context of its own tenant' 'accepted'
   ✗ fails (neighbour) audit-guards.pg.test.ts «finding 3» [NO_SAMPLE: an observation recorded before the review window elapsed does not count] без защиты: ^RELEASED$ — 'the review of a halt runs only in the context of its own tenant' 'accepted'
   ✗ fails (neighbour) audit-guards.pg.test.ts «finding 3» [finding 3: the next review is scheduled from the database clock, not from a moment in the future] без защиты: ^false$ — 'the review of a halt runs only in the context of its own tenant' 'accepted'
   ✗ fails (neighbour) audit-guards.pg.test.ts «finding 3» [NO_SAMPLE: an observation after the review moment does not count] без защиты: ^RELEASED$ — 'the review of a halt runs only in the context of its own tenant' 'accepted'
   ✗ fails (neighbour) audit-guards.pg.test.ts «finding 3» [NO_SAMPLE: a stale observation and a product outside the storefront do not count] без защиты: ^RELEASED$ — 'the review of a halt runs only in the context of its own tenant' 'accepted'
   ✗ fails (own) audit-guards.pg.test.ts «finding 3» [the review of a halt runs only in the context of its own tenant] без защиты: ^accepted$ — 'the review of a halt runs only in the context of its own tenant' 'accepted'
CAUGHT   row находка 4: ALTER TABLE tenant_data.min_price DISABLE TRIGGER zz_append_only (3 s)
   ✗ fails (neighbour) verify 0076_verify_schema_invariants_v17.sql /forbid_mutation does not refuse an UPDATE/ — psql:migrations/0076_verify_schema_invariants_v17.sql:570: ERROR: schema invariant violations: tenant_data.min_price: no enabled BEFORE UPDATE OR DELETE row trigger executing security.forbid_mutation КОНТЕКСТ: PL/pgSQL function inline_code_block line 543 at RAISE 
   ✗ fails (own) smoke «append-only tenant_data.min_price» — psql:tests/db/smoke_append_only.sql:108: WARNING:  CHECK FAILED: append-only tenant_data.min_price | EXPECTED FAILURE DID NOT HAPPEN
   ✓ green smoke «append-only channel_data.price_decision»
   ✓ green smoke «append-only channel_data.price_intent»
   ✓ green smoke «append-only tenant_data.pricing_strategy»
CAUGHT   row находка 4: ALTER TABLE channel_data.price_decision DISABLE TRIGGER zz_append_only (3 s)
   ✗ fails (neighbour) verify 0076_verify_schema_invariants_v17.sql /forbid_mutation does not refuse an UPDATE/ — psql:migrations/0076_verify_schema_invariants_v17.sql:570: ERROR: schema invariant violations: channel_data.price_decision: no enabled BEFORE UPDATE OR DELETE row trigger executing security.forbid_mutation КОНТЕКСТ: PL/pgSQL function inline_code_block line 543 at RAISE 
   ✓ green smoke «append-only tenant_data.min_price»
   ✗ fails (own) smoke «append-only channel_data.price_decision» — psql:tests/db/smoke_append_only.sql:108: WARNING:  CHECK FAILED: append-only channel_data.price_decision | EXPECTED FAILURE DID NOT HAPPEN
   ✓ green smoke «append-only channel_data.price_intent»
   ✓ green smoke «append-only tenant_data.pricing_strategy»
CAUGHT   row находка 4: ALTER TABLE channel_data.price_intent DISABLE TRIGGER zz_append_only (3 s)
   ✗ fails (neighbour) verify 0076_verify_schema_invariants_v17.sql /forbid_mutation does not refuse an UPDATE/ — psql:migrations/0076_verify_schema_invariants_v17.sql:570: ERROR: schema invariant violations: channel_data.price_intent: no enabled BEFORE UPDATE OR DELETE row trigger executing security.forbid_mutation КОНТЕКСТ: PL/pgSQL function inline_code_block line 543 at RAISE 
   ✓ green smoke «append-only tenant_data.min_price»
   ✓ green smoke «append-only channel_data.price_decision»
   ✗ fails (own) smoke «append-only channel_data.price_intent» — psql:tests/db/smoke_append_only.sql:108: WARNING:  CHECK FAILED: append-only channel_data.price_intent | EXPECTED FAILURE DID NOT HAPPEN
   ✓ green smoke «append-only tenant_data.pricing_strategy»
CAUGHT   row находка 4: ALTER TABLE tenant_data.pricing_strategy DISABLE TRIGGER zz_append_only (3 s)
   ✗ fails (neighbour) verify 0076_verify_schema_invariants_v17.sql /forbid_mutation does not refuse an UPDATE/ — psql:migrations/0076_verify_schema_invariants_v17.sql:570: ERROR: schema invariant violations: tenant_data.pricing_strategy: no enabled BEFORE UPDATE OR DELETE row trigger executing security.forbid_mutation КОНТЕКСТ: PL/pgSQL function inline_code_block line 543 at RAISE 
   ✓ green smoke «append-only tenant_data.min_price»
   ✓ green smoke «append-only channel_data.price_decision»
   ✓ green smoke «append-only channel_data.price_intent»
   ✗ fails (own) smoke «append-only tenant_data.pricing_strategy» — psql:tests/db/smoke_append_only.sql:108: WARNING:  CHECK FAILED: append-only tenant_data.pricing_strategy | EXPECTED FAILURE DID NOT HAPPEN
CAUGHT   row находка 4: CREATE OR REPLACE FUNCTION security.forbid_mutation() RETURNS trigger LANGUAGE plpgsql AS $$ BEGIN RETURN coal (4 s)
   ✗ fails (own) verify 0076_verify_schema_invariants_v17.sql /forbid_mutation does not refuse an UPDATE/ — psql:migrations/0076_verify_schema_invariants_v17.sql:570: ERROR: schema invariant violations: behaviour check (Р-83, findings 4 and 15, Р-91): security.forbid_mutation does not refuse an UPDATE (finding 4) КОНТЕКСТ: PL/pgSQL function inline_code_block line 543 at RAISE 
   ✗ fails (own) smoke «append-only tenant_data.min_price» — psql:tests/db/smoke_append_only.sql:108: WARNING:  CHECK FAILED: append-only tenant_data.min_price | EXPECTED FAILURE DID NOT HAPPEN
   ✗ fails (neighbour) smoke «append-only channel_data.price_decision» — psql:tests/db/smoke_append_only.sql:108: WARNING:  CHECK FAILED: append-only channel_data.price_decision | EXPECTED FAILURE DID NOT HAPPEN
   ✗ fails (neighbour) smoke «append-only channel_data.price_intent» — psql:tests/db/smoke_append_only.sql:108: WARNING:  CHECK FAILED: append-only channel_data.price_intent | EXPECTED FAILURE DID NOT HAPPEN
   ✗ fails (neighbour) smoke «append-only tenant_data.pricing_strategy» — psql:tests/db/smoke_append_only.sql:108: WARNING:  CHECK FAILED: append-only tenant_data.pricing_strategy | EXPECTED FAILURE DID NOT HAPPEN
CAUGHT   row Р-97: DROP TRIGGER zz_admin_write_audit_insert ON tenant_data.product (4 s)
   ✗ fails (neighbour) verify 0076_verify_schema_invariants_v17.sql /tenant_data\.product: administrative INSERT without the person guard/ — psql:migrations/0076_verify_schema_invariants_v17.sql:570: ERROR: schema invariant violations: tenant_data.product: administrative INSERT is not written to the audit log (Р-97) КОНТЕКСТ: PL/pgSQL function inline_code_block line 543 at RAISE 
   ✗ fails (own) verify 0076_verify_schema_invariants_v17.sql /tenant_data\.product: administrative INSERT is not written to the audit log/ — psql:migrations/0076_verify_schema_invariants_v17.sql:570: ERROR: schema invariant violations: tenant_data.product: administrative INSERT is not written to the audit log (Р-97) КОНТЕКСТ: PL/pgSQL function inline_code_block line 543 at RAISE 
   ✓ green smoke «administrative change without a person (Р-97)»
   ✗ fails (own) smoke «an administrative change is not in the audit log (Р-97)» — psql:tests/db/smoke_admin.sql:161: ERROR:  an administrative change is not in the audit log (Р-97)
   ✓ green smoke «the administrative service records an automatic review without a person (Р-97)»
   ✗ fails (neighbour) smoke «administrative change by a user outside the tenant (Р-97)» — psql:tests/db/smoke_admin.sql:152: WARNING:  CHECK FAILED: administrative change by a user outside the tenant (Р-97) | EXPECTED FAILURE DID NOT HAPPEN
   ✓ green smoke «administrative change in the platform tenant (step 17 finding 9)» — not reached (tests/db/smoke_admin.sql: ERROR:  an administrative change is not in the audit log (Р-97))
CAUGHT   row Р-97: DROP TRIGGER a0_admin_write_person_insert ON tenant_data.product (4 s)
   ✗ fails (own) verify 0076_verify_schema_invariants_v17.sql /tenant_data\.product: administrative INSERT without the person guard/ — psql:migrations/0076_verify_schema_invariants_v17.sql:570: ERROR: schema invariant violations: tenant_data.product: administrative INSERT without the person guard over its administrative columns (Р-97, Р-100) КОНТЕКСТ: PL/pgSQL function inline_code_block line 543 at RAISE 
   ✗ fails (neighbour) verify 0076_verify_schema_invariants_v17.sql /tenant_data\.product: administrative INSERT is not written to the audit log/ — psql:migrations/0076_verify_schema_invariants_v17.sql:570: ERROR: schema invariant violations: tenant_data.product: administrative INSERT without the person guard over its administrative columns (Р-97, Р-100) КОНТЕКСТ: PL/pgSQL function inline_code_block line 543 at RAISE 
   ✗ fails (own, other reason) smoke «administrative change without a person (Р-97)» — psql:tests/db/smoke_admin.sql:149: WARNING:  CHECK FAILED: administrative change without a person (Р-97) | EXPECTED FAILURE HAD ANOTHER REASON (expected without a person, got 23514 new row for relation "audit_event_y2026m09" violates check constraint "audit_event_check")
   ✓ green smoke «an administrative change is not in the audit log (Р-97)»
   ✓ green smoke «the administrative service records an automatic review without a person (Р-97)»
   ✓ green smoke «administrative change by a user outside the tenant (Р-97)»
   ✓ green smoke «administrative change in the platform tenant (step 17 finding 9)»
CAUGHT   row Р-97: DROP TRIGGER a0_admin_write_person_insert ON channel_data.pricing_halt_review (5 s)
   ✗ fails (neighbour) verify 0076_verify_schema_invariants_v17.sql /tenant_data\.product: administrative INSERT without the person guard/ — psql:migrations/0076_verify_schema_invariants_v17.sql:570: ERROR: schema invariant violations: channel_data.pricing_halt_review: administrative INSERT without the person guard over its administrative columns (Р-97, Р-100) КОНТЕКСТ: PL/pgSQL function inline_code_block line 543 at RAISE 
   ✗ fails (neighbour) verify 0076_verify_schema_invariants_v17.sql /tenant_data\.product: administrative INSERT is not written to the audit log/ — psql:migrations/0076_verify_schema_invariants_v17.sql:570: ERROR: schema invariant violations: channel_data.pricing_halt_review: administrative INSERT without the person guard over its administrative columns (Р-97, Р-100) КОНТЕКСТ: PL/pgSQL function inline_code_block line 543 at RAISE 
   ✓ green smoke «administrative change without a person (Р-97)»
   ✓ green smoke «an administrative change is not in the audit log (Р-97)»
   ✗ fails (own) smoke «the administrative service records an automatic review without a person (Р-97)» — psql:tests/db/smoke_app.sql:432: WARNING:  CHECK FAILED: the administrative service records an automatic review without a person (Р-97) | EXPECTED FAILURE DID NOT HAPPEN
   ✓ green smoke «administrative change by a user outside the tenant (Р-97)»
   ✓ green smoke «administrative change in the platform tenant (step 17 finding 9)»
CAUGHT   row Р-97: security.audit_admin_write(): «IF NOT security.admin_session() THEN…» → «IF true THEN…» (5 s)
   ✓ green verify 0076_verify_schema_invariants_v17.sql /tenant_data\.product: administrative INSERT without the person guard/
   ✓ green verify 0076_verify_schema_invariants_v17.sql /tenant_data\.product: administrative INSERT is not written to the audit log/
   ✓ green smoke «administrative change without a person (Р-97)»
   ✗ fails (own) smoke «an administrative change is not in the audit log (Р-97)» — psql:tests/db/smoke_admin.sql:161: ERROR:  an administrative change is not in the audit log (Р-97)
   ✓ green smoke «the administrative service records an automatic review without a person (Р-97)»
   ✗ fails (neighbour) smoke «administrative change by a user outside the tenant (Р-97)» — psql:tests/db/smoke_admin.sql:152: WARNING:  CHECK FAILED: administrative change by a user outside the tenant (Р-97) | EXPECTED FAILURE DID NOT HAPPEN
   ✓ green smoke «administrative change in the platform tenant (step 17 finding 9)» — not reached (tests/db/smoke_admin.sql: ERROR:  an administrative change is not in the audit log (Р-97))
CAUGHT   row Р-97: ALTER TABLE audit.audit_event DROP CONSTRAINT audit_event_check1 (6 s)
   ✓ green verify 0076_verify_schema_invariants_v17.sql /tenant_data\.product: administrative INSERT without the person guard/
   ✓ green verify 0076_verify_schema_invariants_v17.sql /tenant_data\.product: administrative INSERT is not written to the audit log/
   ✓ green smoke «administrative change without a person (Р-97)»
   ✓ green smoke «an administrative change is not in the audit log (Р-97)»
   ✓ green smoke «the administrative service records an automatic review without a person (Р-97)»
   ✗ fails (own) smoke «administrative change by a user outside the tenant (Р-97)» — psql:tests/db/smoke_admin.sql:152: WARNING:  CHECK FAILED: administrative change by a user outside the tenant (Р-97) | EXPECTED FAILURE DID NOT HAPPEN
   ✗ fails (own) smoke «administrative change in the platform tenant (step 17 finding 9)» — psql:tests/db/smoke_admin.sql:203: WARNING:  CHECK FAILED: administrative change in the platform tenant (step 17 finding 9) | EXPECTED FAILURE DID NOT HAPPEN
CAUGHT   row Р-97: security.admin_session(): «pg_has_role(session_user, 'repracer_admin', 'MEMBE…» → «false…» (3 s)
   ✓ green verify 0076_verify_schema_invariants_v17.sql /tenant_data\.product: administrative INSERT without the person guard/
   ✓ green verify 0076_verify_schema_invariants_v17.sql /tenant_data\.product: administrative INSERT is not written to the audit log/
   ✗ fails (own) smoke «administrative change without a person (Р-97)» — psql:tests/db/smoke_admin.sql:149: WARNING:  CHECK FAILED: administrative change without a person (Р-97) | EXPECTED FAILURE DID NOT HAPPEN
   ✗ fails (neighbour) smoke «an administrative change is not in the audit log (Р-97)» — psql:tests/db/smoke_admin.sql:161: ERROR:  an administrative change is not in the audit log (Р-97)
   ✗ fails (neighbour) smoke «the administrative service records an automatic review without a person (Р-97)» — psql:tests/db/smoke_app.sql:432: WARNING:  CHECK FAILED: the administrative service records an automatic review without a person (Р-97) | EXPECTED FAILURE DID NOT HAPPEN
   ✗ fails (neighbour) smoke «administrative change by a user outside the tenant (Р-97)» — psql:tests/db/smoke_admin.sql:152: WARNING:  CHECK FAILED: administrative change by a user outside the tenant (Р-97) | EXPECTED FAILURE DID NOT HAPPEN
   ✓ green smoke «administrative change in the platform tenant (step 17 finding 9)» — not reached (tests/db/smoke_admin.sql: ERROR:  an administrative change is not in the audit log (Р-97))
CAUGHT   row находка 5: security.provision_tenant(uuid,text,text,jsonb): «IF lower(trim(m ->> 'email')) IS DISTINCT FROM exi…» → «IF false THEN…» (4 s)
   ✓ green smoke «existing user attached as a member without an invitation (step 16 finding 5)»
   ✗ fails (own) smoke «existing user provisioned as owner under another email (step 16 finding 5)» — psql:tests/db/smoke_provision.sql:60: WARNING:  CHECK FAILED: existing user provisioned as owner under another email (step 16 finding 5) | EXPECTED FAILURE DID NOT HAPPEN
   ✓ green smoke «existing user who never signed in provisioned as owner (step 16 finding 5)»
CAUGHT   row находка 5: security.provision_tenant(uuid,text,text,jsonb): «IF m ->> 'role' IS DISTINCT FROM 'OWNER' THEN…» → «IF false THEN…» (4 s)
   ✗ fails (own) smoke «existing user attached as a member without an invitation (step 16 finding 5)» — psql:tests/db/smoke_provision.sql:56: WARNING:  CHECK FAILED: existing user attached as a member without an invitation (step 16 finding 5) | EXPECTED FAILURE DID NOT HAPPEN
   ✓ green smoke «existing user provisioned as owner under another email (step 16 finding 5)»
   ✓ green smoke «existing user who never signed in provisioned as owner (step 16 finding 5)»
CAUGHT   row находка 5: security.provision_tenant(uuid,text,text,jsonb): «IF NOT EXISTS (SELECT 1 FROM platform.external_ide…» → «IF false AND NOT EXISTS (SELEC…» (5 s)
   ✓ green smoke «existing user attached as a member without an invitation (step 16 finding 5)»
   ✓ green smoke «existing user provisioned as owner under another email (step 16 finding 5)»
   ✗ fails (own) smoke «existing user who never signed in provisioned as owner (step 16 finding 5)» — psql:tests/db/smoke_provision.sql:64: WARNING:  CHECK FAILED: existing user who never signed in provisioned as owner (step 16 finding 5) | EXPECTED FAILURE DID NOT HAPPEN
CAUGHT   row Р-98: security.accept_identity_invitation(bytea,text,text,text,boolean): «IF NOT inv.relink THEN…» → «IF false THEN…» (4 s)
   ✗ fails (own) identity.pg.test.ts «Р-98» [an ordinary invitation does not relink] без защиты: resolved — 'Missing expected rejection: an ordinary invitation does not relink'
   ✗ fails (neighbour) identity.pg.test.ts «Р-98» [the revoked sign-in accepts nothing] без защиты: resolved — 'Missing expected rejection: an ordinary invitation does not relink'
   ✗ fails (neighbour) identity.pg.test.ts «Р-98» [Р-98: a relink invitation without a second factor] без защиты: resolved — 'Missing expected rejection: an ordinary invitation does not relink'
   ✗ fails (neighbour) identity.pg.test.ts «Р-98» [Р-98: only an active owner relinks] без защиты: resolved — 'Missing expected rejection: an ordinary invitation does not relink'
   ✗ fails (neighbour) identity.pg.test.ts «Р-98» [Р-98: a relink is issued only to a member of the tenant] без защиты: resolved — 'Missing expected rejection: an ordinary invitation does not relink'
   ✓ green identity.pg.test.ts «step 17 finding 3» [Р-98: the second acceptance waits for the first | /Р-98: two active sign-ins of one provider for one user: ([0-9a-f-]{36})/] без защиты: ^(true|[0-9a-f-]{36})$
   ✓ green identity.pg.test.ts «step 17 finding 3» [Р-98: the second acceptance waits for the first] без защиты: ^true$
   ✗ fails (neighbour) identity.pg.test.ts «Р-98» [the revoked sign-in resolves nobody] без защиты: userId — 'Missing expected rejection: an ordinary invitation does not relink'
   ✗ fails (neighbour) identity.pg.test.ts «Р-98» [Р-98: the invitation and the relink are audited] без защиты: ^(?!.*identity\.relinked\b) — 'Missing expected rejection: an ordinary invitation does not relink'
   ✗ fails (neighbour) identity.pg.test.ts «Р-98» [Р-98: the invitation and the relink are audited] без защиты: ^(?!.*identity\.relink_invited) — 'Missing expected rejection: an ordinary invitation does not relink'
CAUGHT   row Р-98: security.accept_identity_invitation(bytea,text,text,text,boolean): «IF EXISTS (SELECT 1 FROM platform.external_identit…» → «IF false THEN…» (4 s)
   ✗ fails (neighbour) identity.pg.test.ts «Р-98» [an ordinary invitation does not relink] без защиты: resolved — 'Missing expected rejection: the revoked sign-in accepts nothing'
   ✗ fails (own) identity.pg.test.ts «Р-98» [the revoked sign-in accepts nothing] без защиты: resolved — 'Missing expected rejection: the revoked sign-in accepts nothing'
   ✗ fails (neighbour) identity.pg.test.ts «Р-98» [Р-98: a relink invitation without a second factor] без защиты: resolved — 'Missing expected rejection: the revoked sign-in accepts nothing'
   ✗ fails (neighbour) identity.pg.test.ts «Р-98» [Р-98: only an active owner relinks] без защиты: resolved — 'Missing expected rejection: the revoked sign-in accepts nothing'
   ✗ fails (neighbour) identity.pg.test.ts «Р-98» [Р-98: a relink is issued only to a member of the tenant] без защиты: resolved — 'Missing expected rejection: the revoked sign-in accepts nothing'
   ✓ green identity.pg.test.ts «step 17 finding 3» [Р-98: the second acceptance waits for the first | /Р-98: two active sign-ins of one provider for one user: ([0-9a-f-]{36})/] без защиты: ^(true|[0-9a-f-]{36})$
   ✓ green identity.pg.test.ts «step 17 finding 3» [Р-98: the second acceptance waits for the first] без защиты: ^true$
   ✗ fails (neighbour) identity.pg.test.ts «Р-98» [the revoked sign-in resolves nobody] без защиты: userId — 'Missing expected rejection: the revoked sign-in accepts nothing'
   ✗ fails (neighbour) identity.pg.test.ts «Р-98» [Р-98: the invitation and the relink are audited] без защиты: ^(?!.*identity\.relinked\b) — 'Missing expected rejection: the revoked sign-in accepts nothing'
   ✗ fails (neighbour) identity.pg.test.ts «Р-98» [Р-98: the invitation and the relink are audited] без защиты: ^(?!.*identity\.relink_invited) — 'Missing expected rejection: the revoked sign-in accepts nothing'
CAUGHT   row Р-98: security.invite_relink(uuid,uuid,bytea,interval): «IF NOT security.session_mfa() THEN…» → «IF false THEN…» (4 s)
   ✗ fails (neighbour) identity.pg.test.ts «Р-98» [an ordinary invitation does not relink] без защиты: resolved — 'Missing expected rejection: Р-98: a relink invitation without a second factor'
   ✗ fails (neighbour) identity.pg.test.ts «Р-98» [the revoked sign-in accepts nothing] без защиты: resolved — 'Missing expected rejection: Р-98: a relink invitation without a second factor'
   ✗ fails (own) identity.pg.test.ts «Р-98» [Р-98: a relink invitation without a second factor] без защиты: resolved — 'Missing expected rejection: Р-98: a relink invitation without a second factor'
   ✗ fails (neighbour) identity.pg.test.ts «Р-98» [Р-98: only an active owner relinks] без защиты: resolved — 'Missing expected rejection: Р-98: a relink invitation without a second factor'
   ✗ fails (neighbour) identity.pg.test.ts «Р-98» [Р-98: a relink is issued only to a member of the tenant] без защиты: resolved — 'Missing expected rejection: Р-98: a relink invitation without a second factor'
   ✓ green identity.pg.test.ts «step 17 finding 3» [Р-98: the second acceptance waits for the first | /Р-98: two active sign-ins of one provider for one user: ([0-9a-f-]{36})/] без защиты: ^(true|[0-9a-f-]{36})$
   ✓ green identity.pg.test.ts «step 17 finding 3» [Р-98: the second acceptance waits for the first] без защиты: ^true$
   ✗ fails (neighbour) identity.pg.test.ts «Р-98» [the revoked sign-in resolves nobody] без защиты: userId — 'Missing expected rejection: Р-98: a relink invitation without a second factor'
   ✗ fails (neighbour) identity.pg.test.ts «Р-98» [Р-98: the invitation and the relink are audited] без защиты: ^(?!.*identity\.relinked\b) — 'Missing expected rejection: Р-98: a relink invitation without a second factor'
   ✗ fails (neighbour) identity.pg.test.ts «Р-98» [Р-98: the invitation and the relink are audited] без защиты: ^(?!.*identity\.relink_invited) — 'Missing expected rejection: Р-98: a relink invitation without a second factor'
CAUGHT   row Р-98: security.invite_relink(uuid,uuid,bytea,interval): «AND m.status = 'ACTIVE' AND m.role = 'OWNER') THEN…» → «AND m.status = 'ACTIVE') THEN…» (4 s)
   ✗ fails (neighbour) identity.pg.test.ts «Р-98» [an ordinary invitation does not relink] без защиты: resolved — 'Missing expected rejection: Р-98: only an active owner relinks'
   ✗ fails (neighbour) identity.pg.test.ts «Р-98» [the revoked sign-in accepts nothing] без защиты: resolved — 'Missing expected rejection: Р-98: only an active owner relinks'
   ✗ fails (neighbour) identity.pg.test.ts «Р-98» [Р-98: a relink invitation without a second factor] без защиты: resolved — 'Missing expected rejection: Р-98: only an active owner relinks'
   ✗ fails (own) identity.pg.test.ts «Р-98» [Р-98: only an active owner relinks] без защиты: resolved — 'Missing expected rejection: Р-98: only an active owner relinks'
   ✗ fails (neighbour) identity.pg.test.ts «Р-98» [Р-98: a relink is issued only to a member of the tenant] без защиты: resolved — 'Missing expected rejection: Р-98: only an active owner relinks'
   ✓ green identity.pg.test.ts «step 17 finding 3» [Р-98: the second acceptance waits for the first | /Р-98: two active sign-ins of one provider for one user: ([0-9a-f-]{36})/] без защиты: ^(true|[0-9a-f-]{36})$
   ✓ green identity.pg.test.ts «step 17 finding 3» [Р-98: the second acceptance waits for the first] без защиты: ^true$
   ✗ fails (neighbour) identity.pg.test.ts «Р-98» [the revoked sign-in resolves nobody] без защиты: userId — 'Missing expected rejection: Р-98: only an active owner relinks'
   ✗ fails (neighbour) identity.pg.test.ts «Р-98» [Р-98: the invitation and the relink are audited] без защиты: ^(?!.*identity\.relinked\b) — 'Missing expected rejection: Р-98: only an active owner relinks'
   ✗ fails (neighbour) identity.pg.test.ts «Р-98» [Р-98: the invitation and the relink are audited] без защиты: ^(?!.*identity\.relink_invited) — 'Missing expected rejection: Р-98: only an active owner relinks'
CAUGHT   row Р-98: security.invite_relink(uuid,uuid,bytea,interval): «IF NOT EXISTS (SELECT 1 FROM tenant_data.membershi…» → «IF false THEN…» (4 s)
   ✗ fails (neighbour) identity.pg.test.ts «Р-98» [an ordinary invitation does not relink] без защиты: resolved — 'Missing expected rejection: Р-98: a relink is issued only to a member of the tenant'
   ✗ fails (neighbour) identity.pg.test.ts «Р-98» [the revoked sign-in accepts nothing] без защиты: resolved — 'Missing expected rejection: Р-98: a relink is issued only to a member of the tenant'
   ✗ fails (neighbour) identity.pg.test.ts «Р-98» [Р-98: a relink invitation without a second factor] без защиты: resolved — 'Missing expected rejection: Р-98: a relink is issued only to a member of the tenant'
   ✗ fails (neighbour) identity.pg.test.ts «Р-98» [Р-98: only an active owner relinks] без защиты: resolved — 'Missing expected rejection: Р-98: a relink is issued only to a member of the tenant'
   ✗ fails (own) identity.pg.test.ts «Р-98» [Р-98: a relink is issued only to a member of the tenant] без защиты: resolved — 'Missing expected rejection: Р-98: a relink is issued only to a member of the tenant'
   ✓ green identity.pg.test.ts «step 17 finding 3» [Р-98: the second acceptance waits for the first | /Р-98: two active sign-ins of one provider for one user: ([0-9a-f-]{36})/] без защиты: ^(true|[0-9a-f-]{36})$
   ✓ green identity.pg.test.ts «step 17 finding 3» [Р-98: the second acceptance waits for the first] без защиты: ^true$
   ✗ fails (neighbour) identity.pg.test.ts «Р-98» [the revoked sign-in resolves nobody] без защиты: userId — 'Missing expected rejection: Р-98: a relink is issued only to a member of the tenant'
   ✗ fails (neighbour) identity.pg.test.ts «Р-98» [Р-98: the invitation and the relink are audited] без защиты: ^(?!.*identity\.relinked\b) — 'Missing expected rejection: Р-98: a relink is issued only to a member of the tenant'
   ✗ fails (neighbour) identity.pg.test.ts «Р-98» [Р-98: the invitation and the relink are audited] без защиты: ^(?!.*identity\.relink_invited) — 'Missing expected rejection: Р-98: a relink is issued only to a member of the tenant'
CAUGHT   row Р-98: DROP TRIGGER a_external_identity_one_active ON platform.external_identity (4 s)
   ✗ fails (neighbour) identity.pg.test.ts «Р-98» [an ordinary invitation does not relink] без защиты: resolved — Р-98: the second acceptance waits for the first true !== false true ; 'existing user 8f4707ba-0230-44de-8825-e6abef86d153 has never signed in: an owner is provisioned after accepting the signup invitation (step 16 finding 5)'
   ✗ fails (neighbour) identity.pg.test.ts «Р-98» [the revoked sign-in accepts nothing] без защиты: resolved — Р-98: the second acceptance waits for the first true !== false true ; 'existing user 8f4707ba-0230-44de-8825-e6abef86d153 has never signed in: an owner is provisioned after accepting the signup invitation (step 16 finding 5)'
   ✗ fails (neighbour) identity.pg.test.ts «Р-98» [Р-98: a relink invitation without a second factor] без защиты: resolved — Р-98: the second acceptance waits for the first true !== false true ; 'existing user 8f4707ba-0230-44de-8825-e6abef86d153 has never signed in: an owner is provisioned after accepting the signup invitation (step 16 finding 5)'
   ✗ fails (neighbour) identity.pg.test.ts «Р-98» [Р-98: only an active owner relinks] без защиты: resolved — Р-98: the second acceptance waits for the first true !== false true ; 'existing user 8f4707ba-0230-44de-8825-e6abef86d153 has never signed in: an owner is provisioned after accepting the signup invitation (step 16 finding 5)'
   ✗ fails (neighbour) identity.pg.test.ts «Р-98» [Р-98: a relink is issued only to a member of the tenant] без защиты: resolved — Р-98: the second acceptance waits for the first true !== false true ; 'existing user 8f4707ba-0230-44de-8825-e6abef86d153 has never signed in: an owner is provisioned after accepting the signup invitation (step 16 finding 5)'
   ✗ fails (own) identity.pg.test.ts «step 17 finding 3» [Р-98: the second acceptance waits for the first | /Р-98: two active sign-ins of one provider for one user: ([0-9a-f-]{36})/] без защиты: ^(true|[0-9a-f-]{36})$ — Р-98: the second acceptance waits for the first true !== false true
   ✗ fails (neighbour) identity.pg.test.ts «step 17 finding 3» [Р-98: the second acceptance waits for the first] без защиты: ^true$ — Р-98: the second acceptance waits for the first true !== false true
   ✗ fails (neighbour) identity.pg.test.ts «Р-98» [the revoked sign-in resolves nobody] без защиты: userId — Р-98: the second acceptance waits for the first true !== false true ; 'existing user 8f4707ba-0230-44de-8825-e6abef86d153 has never signed in: an owner is provisioned after accepting the signup invitation (step 16 finding 5)'
   ✗ fails (neighbour) identity.pg.test.ts «Р-98» [Р-98: the invitation and the relink are audited] без защиты: ^(?!.*identity\.relinked\b) — Р-98: the second acceptance waits for the first true !== false true ; 'existing user 8f4707ba-0230-44de-8825-e6abef86d153 has never signed in: an owner is provisioned after accepting the signup invitation (step 16 finding 5)'
   ✗ fails (neighbour) identity.pg.test.ts «Р-98» [Р-98: the invitation and the relink are audited] без защиты: ^(?!.*identity\.relink_invited) — Р-98: the second acceptance waits for the first true !== false true ; 'existing user 8f4707ba-0230-44de-8825-e6abef86d153 has never signed in: an owner is provisioned after accepting the signup invitation (step 16 finding 5)'
CAUGHT   row Р-98: security.resolve_external_identity(text,text): «AND NOT EXISTS (SELECT 1 FROM platform.external_id…» → «…» (5 s)
   ✗ fails (neighbour) identity.pg.test.ts «Р-98» [an ordinary invitation does not relink] без защиты: resolved — the revoked sign-in resolves nobody + actual - expected + { + memberships: [ + { + membershipId: 'c1740af6-6773-4b67-9a69-e74ad2d16cdd', + role: 'OWNER', + tenantId: '4f0e2292-8483-49e3-bb2f-a85e032d01f9' + } + ], + userId: '4fe7121a-e4bf-4e26-bea3-4c66e1900bf1' + } - null userId: '4fe7121a-e4bf-4e26-bea3-4c66e1900bf1' memberships: 0: tenantId: '4f0e2292-8483-49e3-bb2f-a85e032d01f9' membershipId: 'c1740af6-6773-4b67-9a69-e74ad2d16cdd' role: 'OWNER'
   ✗ fails (neighbour) identity.pg.test.ts «Р-98» [the revoked sign-in accepts nothing] без защиты: resolved — the revoked sign-in resolves nobody + actual - expected + { + memberships: [ + { + membershipId: 'c1740af6-6773-4b67-9a69-e74ad2d16cdd', + role: 'OWNER', + tenantId: '4f0e2292-8483-49e3-bb2f-a85e032d01f9' + } + ], + userId: '4fe7121a-e4bf-4e26-bea3-4c66e1900bf1' + } - null userId: '4fe7121a-e4bf-4e26-bea3-4c66e1900bf1' memberships: 0: tenantId: '4f0e2292-8483-49e3-bb2f-a85e032d01f9' membershipId: 'c1740af6-6773-4b67-9a69-e74ad2d16cdd' role: 'OWNER'
   ✗ fails (neighbour) identity.pg.test.ts «Р-98» [Р-98: a relink invitation without a second factor] без защиты: resolved — the revoked sign-in resolves nobody + actual - expected + { + memberships: [ + { + membershipId: 'c1740af6-6773-4b67-9a69-e74ad2d16cdd', + role: 'OWNER', + tenantId: '4f0e2292-8483-49e3-bb2f-a85e032d01f9' + } + ], + userId: '4fe7121a-e4bf-4e26-bea3-4c66e1900bf1' + } - null userId: '4fe7121a-e4bf-4e26-bea3-4c66e1900bf1' memberships: 0: tenantId: '4f0e2292-8483-49e3-bb2f-a85e032d01f9' membershipId: 'c1740af6-6773-4b67-9a69-e74ad2d16cdd' role: 'OWNER'
   ✗ fails (neighbour) identity.pg.test.ts «Р-98» [Р-98: only an active owner relinks] без защиты: resolved — the revoked sign-in resolves nobody + actual - expected + { + memberships: [ + { + membershipId: 'c1740af6-6773-4b67-9a69-e74ad2d16cdd', + role: 'OWNER', + tenantId: '4f0e2292-8483-49e3-bb2f-a85e032d01f9' + } + ], + userId: '4fe7121a-e4bf-4e26-bea3-4c66e1900bf1' + } - null userId: '4fe7121a-e4bf-4e26-bea3-4c66e1900bf1' memberships: 0: tenantId: '4f0e2292-8483-49e3-bb2f-a85e032d01f9' membershipId: 'c1740af6-6773-4b67-9a69-e74ad2d16cdd' role: 'OWNER'
   ✗ fails (neighbour) identity.pg.test.ts «Р-98» [Р-98: a relink is issued only to a member of the tenant] без защиты: resolved — the revoked sign-in resolves nobody + actual - expected + { + memberships: [ + { + membershipId: 'c1740af6-6773-4b67-9a69-e74ad2d16cdd', + role: 'OWNER', + tenantId: '4f0e2292-8483-49e3-bb2f-a85e032d01f9' + } + ], + userId: '4fe7121a-e4bf-4e26-bea3-4c66e1900bf1' + } - null userId: '4fe7121a-e4bf-4e26-bea3-4c66e1900bf1' memberships: 0: tenantId: '4f0e2292-8483-49e3-bb2f-a85e032d01f9' membershipId: 'c1740af6-6773-4b67-9a69-e74ad2d16cdd' role: 'OWNER'
   ✓ green identity.pg.test.ts «step 17 finding 3» [Р-98: the second acceptance waits for the first | /Р-98: two active sign-ins of one provider for one user: ([0-9a-f-]{36})/] без защиты: ^(true|[0-9a-f-]{36})$
   ✓ green identity.pg.test.ts «step 17 finding 3» [Р-98: the second acceptance waits for the first] без защиты: ^true$
   ✗ fails (own) identity.pg.test.ts «Р-98» [the revoked sign-in resolves nobody] без защиты: userId — the revoked sign-in resolves nobody + actual - expected + { + memberships: [ + { + membershipId: 'c1740af6-6773-4b67-9a69-e74ad2d16cdd', + role: 'OWNER', + tenantId: '4f0e2292-8483-49e3-bb2f-a85e032d01f9' + } + ], + userId: '4fe7121a-e4bf-4e26-bea3-4c66e1900bf1' + } - null userId: '4fe7121a-e4bf-4e26-bea3-4c66e1900bf1' memberships: 0: tenantId: '4f0e2292-8483-49e3-bb2f-a85e032d01f9' membershipId: 'c1740af6-6773-4b67-9a69-e74ad2d16cdd' role: 'OWNER'
   ✗ fails (neighbour) identity.pg.test.ts «Р-98» [Р-98: the invitation and the relink are audited] без защиты: ^(?!.*identity\.relinked\b) — the revoked sign-in resolves nobody + actual - expected + { + memberships: [ + { + membershipId: 'c1740af6-6773-4b67-9a69-e74ad2d16cdd', + role: 'OWNER', + tenantId: '4f0e2292-8483-49e3-bb2f-a85e032d01f9' + } + ], + userId: '4fe7121a-e4bf-4e26-bea3-4c66e1900bf1' + } - null userId: '4fe7121a-e4bf-4e26-bea3-4c66e1900bf1' memberships: 0: tenantId: '4f0e2292-8483-49e3-bb2f-a85e032d01f9' membershipId: 'c1740af6-6773-4b67-9a69-e74ad2d16cdd' role: 'OWNER'
   ✗ fails (neighbour) identity.pg.test.ts «Р-98» [Р-98: the invitation and the relink are audited] без защиты: ^(?!.*identity\.relink_invited) — the revoked sign-in resolves nobody + actual - expected + { + memberships: [ + { + membershipId: 'c1740af6-6773-4b67-9a69-e74ad2d16cdd', + role: 'OWNER', + tenantId: '4f0e2292-8483-49e3-bb2f-a85e032d01f9' + } + ], + userId: '4fe7121a-e4bf-4e26-bea3-4c66e1900bf1' + } - null userId: '4fe7121a-e4bf-4e26-bea3-4c66e1900bf1' memberships: 0: tenantId: '4f0e2292-8483-49e3-bb2f-a85e032d01f9' membershipId: 'c1740af6-6773-4b67-9a69-e74ad2d16cdd' role: 'OWNER'
CAUGHT   row Р-98: platform.external_identity_one_active(): «PERFORM pg_advisory_xact_lock(hashtextextended('pl…» → «…» (5 s)
   ✗ fails (neighbour) identity.pg.test.ts «Р-98» [an ordinary invitation does not relink] без защиты: resolved — Р-98: the second acceptance waits for the first true !== false true ; 'existing user 0c222959-2ca0-492d-a362-3aa9342fb81c has never signed in: an owner is provisioned after accepting the signup invitation (step 16 finding 5)'
   ✗ fails (neighbour) identity.pg.test.ts «Р-98» [the revoked sign-in accepts nothing] без защиты: resolved — Р-98: the second acceptance waits for the first true !== false true ; 'existing user 0c222959-2ca0-492d-a362-3aa9342fb81c has never signed in: an owner is provisioned after accepting the signup invitation (step 16 finding 5)'
   ✗ fails (neighbour) identity.pg.test.ts «Р-98» [Р-98: a relink invitation without a second factor] без защиты: resolved — Р-98: the second acceptance waits for the first true !== false true ; 'existing user 0c222959-2ca0-492d-a362-3aa9342fb81c has never signed in: an owner is provisioned after accepting the signup invitation (step 16 finding 5)'
   ✗ fails (neighbour) identity.pg.test.ts «Р-98» [Р-98: only an active owner relinks] без защиты: resolved — Р-98: the second acceptance waits for the first true !== false true ; 'existing user 0c222959-2ca0-492d-a362-3aa9342fb81c has never signed in: an owner is provisioned after accepting the signup invitation (step 16 finding 5)'
   ✗ fails (neighbour) identity.pg.test.ts «Р-98» [Р-98: a relink is issued only to a member of the tenant] без защиты: resolved — Р-98: the second acceptance waits for the first true !== false true ; 'existing user 0c222959-2ca0-492d-a362-3aa9342fb81c has never signed in: an owner is provisioned after accepting the signup invitation (step 16 finding 5)'
   ✗ fails (neighbour) identity.pg.test.ts «step 17 finding 3» [Р-98: the second acceptance waits for the first | /Р-98: two active sign-ins of one provider for one user: ([0-9a-f-]{36})/] без защиты: ^(true|[0-9a-f-]{36})$ — Р-98: the second acceptance waits for the first true !== false true
   ✗ fails (own) identity.pg.test.ts «step 17 finding 3» [Р-98: the second acceptance waits for the first] без защиты: ^true$ — Р-98: the second acceptance waits for the first true !== false true
   ✗ fails (neighbour) identity.pg.test.ts «Р-98» [the revoked sign-in resolves nobody] без защиты: userId — Р-98: the second acceptance waits for the first true !== false true ; 'existing user 0c222959-2ca0-492d-a362-3aa9342fb81c has never signed in: an owner is provisioned after accepting the signup invitation (step 16 finding 5)'
   ✗ fails (neighbour) identity.pg.test.ts «Р-98» [Р-98: the invitation and the relink are audited] без защиты: ^(?!.*identity\.relinked\b) — Р-98: the second acceptance waits for the first true !== false true ; 'existing user 0c222959-2ca0-492d-a362-3aa9342fb81c has never signed in: an owner is provisioned after accepting the signup invitation (step 16 finding 5)'
   ✗ fails (neighbour) identity.pg.test.ts «Р-98» [Р-98: the invitation and the relink are audited] без защиты: ^(?!.*identity\.relink_invited) — Р-98: the second acceptance waits for the first true !== false true ; 'existing user 0c222959-2ca0-492d-a362-3aa9342fb81c has never signed in: an owner is provisioned after accepting the signup invitation (step 16 finding 5)'
CAUGHT   row Р-98: DROP TRIGGER zz_identity_relinked_audit ON platform.identity_invitation (4 s)
   ✗ fails (neighbour) identity.pg.test.ts «Р-98» [an ordinary invitation does not relink] без защиты: resolved — Р-98: the invitation and the relink are audited + actual - expected [ 'identity.relink_invited', + 'identity.relink_invited' - 'identity.relinked' ] 0: 'identity.relink_invited' 1: 'identity.relink_invited'
   ✗ fails (neighbour) identity.pg.test.ts «Р-98» [the revoked sign-in accepts nothing] без защиты: resolved — Р-98: the invitation and the relink are audited + actual - expected [ 'identity.relink_invited', + 'identity.relink_invited' - 'identity.relinked' ] 0: 'identity.relink_invited' 1: 'identity.relink_invited'
   ✗ fails (neighbour) identity.pg.test.ts «Р-98» [Р-98: a relink invitation without a second factor] без защиты: resolved — Р-98: the invitation and the relink are audited + actual - expected [ 'identity.relink_invited', + 'identity.relink_invited' - 'identity.relinked' ] 0: 'identity.relink_invited' 1: 'identity.relink_invited'
   ✗ fails (neighbour) identity.pg.test.ts «Р-98» [Р-98: only an active owner relinks] без защиты: resolved — Р-98: the invitation and the relink are audited + actual - expected [ 'identity.relink_invited', + 'identity.relink_invited' - 'identity.relinked' ] 0: 'identity.relink_invited' 1: 'identity.relink_invited'
   ✗ fails (neighbour) identity.pg.test.ts «Р-98» [Р-98: a relink is issued only to a member of the tenant] без защиты: resolved — Р-98: the invitation and the relink are audited + actual - expected [ 'identity.relink_invited', + 'identity.relink_invited' - 'identity.relinked' ] 0: 'identity.relink_invited' 1: 'identity.relink_invited'
   ✓ green identity.pg.test.ts «step 17 finding 3» [Р-98: the second acceptance waits for the first | /Р-98: two active sign-ins of one provider for one user: ([0-9a-f-]{36})/] без защиты: ^(true|[0-9a-f-]{36})$
   ✓ green identity.pg.test.ts «step 17 finding 3» [Р-98: the second acceptance waits for the first] без защиты: ^true$
   ✗ fails (neighbour) identity.pg.test.ts «Р-98» [the revoked sign-in resolves nobody] без защиты: userId — Р-98: the invitation and the relink are audited + actual - expected [ 'identity.relink_invited', + 'identity.relink_invited' - 'identity.relinked' ] 0: 'identity.relink_invited' 1: 'identity.relink_invited'
   ✗ fails (own) identity.pg.test.ts «Р-98» [Р-98: the invitation and the relink are audited] без защиты: ^(?!.*identity\.relinked\b) — Р-98: the invitation and the relink are audited + actual - expected [ 'identity.relink_invited', + 'identity.relink_invited' - 'identity.relinked' ] 0: 'identity.relink_invited' 1: 'identity.relink_invited'
   ✗ fails (neighbour) identity.pg.test.ts «Р-98» [Р-98: the invitation and the relink are audited] без защиты: ^(?!.*identity\.relink_invited) — Р-98: the invitation and the relink are audited + actual - expected [ 'identity.relink_invited', + 'identity.relink_invited' - 'identity.relinked' ] 0: 'identity.relink_invited' 1: 'identity.relink_invited'
CAUGHT   row OQ-151: channel_data.pricing_strategy_undercut_guard(): «IF EXISTS (SELECT 1 FROM tenant_data.write_scope s…» → «IF false AND EXISTS (SELECT 1 …» (5 s)
   ✗ fails (own) undercut-eternal.pg.test.ts «Р-91: the strategy version keeps its type» [OQ-151: the undercut of a pinned version does not start expiring] без защиты: ^accepted$ — 'OQ-151: the undercut of a pinned version does not start expiring' 'accepted'
   ✗ fails (neighbour) undercut-eternal.pg.test.ts «Р-91: the strategy version keeps its type» [OQ-151: a scope is not pinned back to a version whose undercut expires] без защиты: ^accepted$ — 'OQ-151: the undercut of a pinned version does not start expiring' 'accepted'
   ✗ fails (neighbour) undercut-eternal.pg.test.ts «Р-91: the strategy version keeps its type» [the released version starts its 18 months] без защиты: 0: version: 1 superseded: false — 'OQ-151: the undercut of a pinned version does not start expiring' 'accepted'
   ✗ fails (neighbour) undercut-eternal.pg.test.ts «Р-91: the strategy version keeps its type» [OQ-151: a new version is created while the old one is still pinned] без защиты: still pinned by a write scope — 'OQ-151: the undercut of a pinned version does not start expiring' 'accepted'
CAUGHT   row OQ-151: DROP TRIGGER b_write_scope_pins_live_strategy_version ON tenant_data.write_scope (4 s)
   ✗ fails (neighbour) undercut-eternal.pg.test.ts «Р-91: the strategy version keeps its type» [OQ-151: the undercut of a pinned version does not start expiring] без защиты: ^accepted$ — 'OQ-151: a scope is not pinned back to a version whose undercut expires' 'accepted'
   ✗ fails (own) undercut-eternal.pg.test.ts «Р-91: the strategy version keeps its type» [OQ-151: a scope is not pinned back to a version whose undercut expires] без защиты: ^accepted$ — 'OQ-151: a scope is not pinned back to a version whose undercut expires' 'accepted'
   ✗ fails (neighbour) undercut-eternal.pg.test.ts «Р-91: the strategy version keeps its type» [the released version starts its 18 months] без защиты: 0: version: 1 superseded: false — 'OQ-151: a scope is not pinned back to a version whose undercut expires' 'accepted'
   ✗ fails (neighbour) undercut-eternal.pg.test.ts «Р-91: the strategy version keeps its type» [OQ-151: a new version is created while the old one is still pinned] без защиты: still pinned by a write scope — 'OQ-151: a scope is not pinned back to a version whose undercut expires' 'accepted'
CAUGHT   row Р-98: DROP TRIGGER zz_identity_relink_invited_audit ON platform.identity_invitation (5 s)
   ✗ fails (neighbour) identity.pg.test.ts «Р-98» [an ordinary invitation does not relink] без защиты: resolved — Р-98: the invitation and the relink are audited + actual - expected [ - 'identity.relink_invited', 'identity.relinked' ] 0: 'identity.relinked'
   ✗ fails (neighbour) identity.pg.test.ts «Р-98» [the revoked sign-in accepts nothing] без защиты: resolved — Р-98: the invitation and the relink are audited + actual - expected [ - 'identity.relink_invited', 'identity.relinked' ] 0: 'identity.relinked'
   ✗ fails (neighbour) identity.pg.test.ts «Р-98» [Р-98: a relink invitation without a second factor] без защиты: resolved — Р-98: the invitation and the relink are audited + actual - expected [ - 'identity.relink_invited', 'identity.relinked' ] 0: 'identity.relinked'
   ✗ fails (neighbour) identity.pg.test.ts «Р-98» [Р-98: only an active owner relinks] без защиты: resolved — Р-98: the invitation and the relink are audited + actual - expected [ - 'identity.relink_invited', 'identity.relinked' ] 0: 'identity.relinked'
   ✗ fails (neighbour) identity.pg.test.ts «Р-98» [Р-98: a relink is issued only to a member of the tenant] без защиты: resolved — Р-98: the invitation and the relink are audited + actual - expected [ - 'identity.relink_invited', 'identity.relinked' ] 0: 'identity.relinked'
   ✓ green identity.pg.test.ts «step 17 finding 3» [Р-98: the second acceptance waits for the first | /Р-98: two active sign-ins of one provider for one user: ([0-9a-f-]{36})/] без защиты: ^(true|[0-9a-f-]{36})$
   ✓ green identity.pg.test.ts «step 17 finding 3» [Р-98: the second acceptance waits for the first] без защиты: ^true$
   ✗ fails (neighbour) identity.pg.test.ts «Р-98» [the revoked sign-in resolves nobody] без защиты: userId — Р-98: the invitation and the relink are audited + actual - expected [ - 'identity.relink_invited', 'identity.relinked' ] 0: 'identity.relinked'
   ✗ fails (neighbour) identity.pg.test.ts «Р-98» [Р-98: the invitation and the relink are audited] без защиты: ^(?!.*identity\.relinked\b) — Р-98: the invitation and the relink are audited + actual - expected [ - 'identity.relink_invited', 'identity.relinked' ] 0: 'identity.relinked'
   ✗ fails (own) identity.pg.test.ts «Р-98» [Р-98: the invitation and the relink are audited] без защиты: ^(?!.*identity\.relink_invited) — Р-98: the invitation and the relink are audited + actual - expected [ - 'identity.relink_invited', 'identity.relinked' ] 0: 'identity.relinked'
CAUGHT   row OQ-151: DROP TRIGGER zb_write_scope_release_strategy_version ON tenant_data.write_scope (3 s)
   ✗ fails (neighbour) undercut-eternal.pg.test.ts «Р-91: the strategy version keeps its type» [OQ-151: the undercut of a pinned version does not start expiring] без защиты: ^accepted$ — the released version starts its 18 months + actual - expected [ { + superseded: false, - superseded: true, version: 1 }, { superseded: false, version: 2 0: version: 1 superseded: false 1: version: 2 superseded: false
   ✗ fails (neighbour) undercut-eternal.pg.test.ts «Р-91: the strategy version keeps its type» [OQ-151: a scope is not pinned back to a version whose undercut expires] без защиты: ^accepted$ — the released version starts its 18 months + actual - expected [ { + superseded: false, - superseded: true, version: 1 }, { superseded: false, version: 2 0: version: 1 superseded: false 1: version: 2 superseded: false
   ✗ fails (own) undercut-eternal.pg.test.ts «Р-91: the strategy version keeps its type» [the released version starts its 18 months] без защиты: 0: version: 1 superseded: false — the released version starts its 18 months + actual - expected [ { + superseded: false, - superseded: true, version: 1 }, { superseded: false, version: 2 0: version: 1 superseded: false 1: version: 2 superseded: false
   ✗ fails (neighbour) undercut-eternal.pg.test.ts «Р-91: the strategy version keeps its type» [OQ-151: a new version is created while the old one is still pinned] без защиты: still pinned by a write scope — the released version starts its 18 months + actual - expected [ { + superseded: false, - superseded: true, version: 1 }, { superseded: false, version: 2 0: version: 1 superseded: false 1: version: 2 superseded: false
CAUGHT   row находка 6: security.param_value_valid(jsonb,jsonb): «RETURN t = 'number' AND v::text ~ '^-?[0-9]+$';…» → «RETURN t = 'number';…» (3 s)
   ✗ fails (own) undercut-eternal.pg.test.ts «finding 15» [an amount that is not minor units] без защиты: ^true$ — an amount that is not minor units true !== false true ; '1 subtest failed'
   ✗ fails (neighbour) undercut-eternal.pg.test.ts «finding 15» [a currency that is not an ISO code | a currency outside EUR and USD] без защиты: ^true$ — an amount that is not minor units true !== false true ; '1 subtest failed'
   ✗ fails (neighbour) undercut-eternal.pg.test.ts «finding 15» [an enum value outside the registry] без защиты: ^true$ — an amount that is not minor units true !== false true ; '1 subtest failed'
   ✗ fails (neighbour) undercut-eternal.pg.test.ts «finding 15» [an amount as a string] без защиты: ^true$ — an amount that is not minor units true !== false true ; '1 subtest failed'
   ✗ fails (neighbour) undercut-eternal.pg.test.ts «finding 15» [finding 6: an explanation format shaped as a code other than r80.1 is refused] без защиты: ^true$ — an amount that is not minor units true !== false true ; '1 subtest failed'
   ✗ fails (neighbour) undercut-eternal.pg.test.ts «finding 15» [a withheld name that is not an identifier] без защиты: ^true$ — an amount that is not minor units true !== false true ; '1 subtest failed'
CAUGHT   row OQ-151: tenant_data.pricing_strategy_supersede_undercut(): «AND s.status <> 'RETIRED')…» → «AND false)…» (3 s)
   ✗ fails (neighbour) undercut-eternal.pg.test.ts «Р-91: the strategy version keeps its type» [OQ-151: the undercut of a pinned version does not start expiring] без защиты: ^accepted$ — OQ-151: a new version is created while the old one is still pinned + actual - expected + 'strategy 11eafa03-48d2-4927-bfcd-3f6df3d6e44b version 1 is still pinned by a write scope: its undercut does not start expiring (OQ-151)' - 'accepted' 'strategy 11eafa03-48d2-4927-bfcd-3f6df3d6e44b version 1 is still pinned by a write scope: its undercut does not start expiring (OQ-151)'
   ✗ fails (neighbour) undercut-eternal.pg.test.ts «Р-91: the strategy version keeps its type» [OQ-151: a scope is not pinned back to a version whose undercut expires] без защиты: ^accepted$ — OQ-151: a new version is created while the old one is still pinned + actual - expected + 'strategy 11eafa03-48d2-4927-bfcd-3f6df3d6e44b version 1 is still pinned by a write scope: its undercut does not start expiring (OQ-151)' - 'accepted' 'strategy 11eafa03-48d2-4927-bfcd-3f6df3d6e44b version 1 is still pinned by a write scope: its undercut does not start expiring (OQ-151)'
   ✗ fails (neighbour) undercut-eternal.pg.test.ts «Р-91: the strategy version keeps its type» [the released version starts its 18 months] без защиты: 0: version: 1 superseded: false — OQ-151: a new version is created while the old one is still pinned + actual - expected + 'strategy 11eafa03-48d2-4927-bfcd-3f6df3d6e44b version 1 is still pinned by a write scope: its undercut does not start expiring (OQ-151)' - 'accepted' 'strategy 11eafa03-48d2-4927-bfcd-3f6df3d6e44b version 1 is still pinned by a write scope: its undercut does not start expiring (OQ-151)'
   ✗ fails (own) undercut-eternal.pg.test.ts «Р-91: the strategy version keeps its type» [OQ-151: a new version is created while the old one is still pinned] без защиты: still pinned by a write scope — OQ-151: a new version is created while the old one is still pinned + actual - expected + 'strategy 11eafa03-48d2-4927-bfcd-3f6df3d6e44b version 1 is still pinned by a write scope: its undercut does not start expiring (OQ-151)' - 'accepted' 'strategy 11eafa03-48d2-4927-bfcd-3f6df3d6e44b version 1 is still pinned by a write scope: its undercut does not start expiring (OQ-151)'
CAUGHT   row находка 6: security.param_value_valid(jsonb,jsonb): «RETURN t = 'string' AND s IN ('EUR', 'USD');…» → «RETURN t = 'string';…» (3 s)
   ✗ fails (neighbour) undercut-eternal.pg.test.ts «finding 15» [an amount that is not minor units] без защиты: ^true$ — a currency that is not an ISO code true !== false true ; a currency outside EUR and USD true !== false true ; '2 subtests failed'
   ✗ fails (own) undercut-eternal.pg.test.ts «finding 15» [a currency that is not an ISO code | a currency outside EUR and USD] без защиты: ^true$ — a currency that is not an ISO code true !== false true ; a currency outside EUR and USD true !== false true ; '2 subtests failed'
   ✗ fails (neighbour) undercut-eternal.pg.test.ts «finding 15» [an enum value outside the registry] без защиты: ^true$ — a currency that is not an ISO code true !== false true ; a currency outside EUR and USD true !== false true ; '2 subtests failed'
   ✗ fails (neighbour) undercut-eternal.pg.test.ts «finding 15» [an amount as a string] без защиты: ^true$ — a currency that is not an ISO code true !== false true ; a currency outside EUR and USD true !== false true ; '2 subtests failed'
   ✗ fails (neighbour) undercut-eternal.pg.test.ts «finding 15» [finding 6: an explanation format shaped as a code other than r80.1 is refused] без защиты: ^true$ — a currency that is not an ISO code true !== false true ; a currency outside EUR and USD true !== false true ; '2 subtests failed'
   ✗ fails (neighbour) undercut-eternal.pg.test.ts «finding 15» [a withheld name that is not an identifier] без защиты: ^true$ — a currency that is not an ISO code true !== false true ; a currency outside EUR and USD true !== false true ; '2 subtests failed'
CAUGHT   row находка 6: security.param_value_valid(jsonb,jsonb): «RETURN t = 'number' AND v::text ~ '^-?[0-9]+$';…» → «RETURN t IN ('number', 'string…» (3 s)
   ✗ fails (neighbour) undercut-eternal.pg.test.ts «finding 15» [an amount that is not minor units] без защиты: ^true$ — an amount as a string true !== false true ; '1 subtest failed'
   ✗ fails (neighbour) undercut-eternal.pg.test.ts «finding 15» [a currency that is not an ISO code | a currency outside EUR and USD] без защиты: ^true$ — an amount as a string true !== false true ; '1 subtest failed'
   ✗ fails (neighbour) undercut-eternal.pg.test.ts «finding 15» [an enum value outside the registry] без защиты: ^true$ — an amount as a string true !== false true ; '1 subtest failed'
   ✗ fails (own) undercut-eternal.pg.test.ts «finding 15» [an amount as a string] без защиты: ^true$ — an amount as a string true !== false true ; '1 subtest failed'
   ✗ fails (neighbour) undercut-eternal.pg.test.ts «finding 15» [finding 6: an explanation format shaped as a code other than r80.1 is refused] без защиты: ^true$ — an amount as a string true !== false true ; '1 subtest failed'
   ✗ fails (neighbour) undercut-eternal.pg.test.ts «finding 15» [a withheld name that is not an identifier] без защиты: ^true$ — an amount as a string true !== false true ; '1 subtest failed'
CAUGHT   row находка 6: security.param_value_valid(jsonb,jsonb): «RETURN t = 'string' AND (NOT spec ? 'v' OR (spec -…» → «RETURN t = 'string';…» (3 s)
   ✗ fails (neighbour) undercut-eternal.pg.test.ts «finding 15» [an amount that is not minor units] без защиты: ^true$ — an enum value outside the registry true !== false true ; another explanation format true !== false true ; finding 6: an explanation format shaped as a code other than r80.1 is refused true !== false true ; '3 subtests failed'
   ✗ fails (neighbour) undercut-eternal.pg.test.ts «finding 15» [a currency that is not an ISO code | a currency outside EUR and USD] без защиты: ^true$ — an enum value outside the registry true !== false true ; another explanation format true !== false true ; finding 6: an explanation format shaped as a code other than r80.1 is refused true !== false true ; '3 subtests failed'
   ✗ fails (own) undercut-eternal.pg.test.ts «finding 15» [an enum value outside the registry] без защиты: ^true$ — an enum value outside the registry true !== false true ; another explanation format true !== false true ; finding 6: an explanation format shaped as a code other than r80.1 is refused true !== false true ; '3 subtests failed'
   ✗ fails (neighbour) undercut-eternal.pg.test.ts «finding 15» [an amount as a string] без защиты: ^true$ — an enum value outside the registry true !== false true ; another explanation format true !== false true ; finding 6: an explanation format shaped as a code other than r80.1 is refused true !== false true ; '3 subtests failed'
   ✗ fails (neighbour) undercut-eternal.pg.test.ts «finding 15» [finding 6: an explanation format shaped as a code other than r80.1 is refused] без защиты: ^true$ — an enum value outside the registry true !== false true ; another explanation format true !== false true ; finding 6: an explanation format shaped as a code other than r80.1 is refused true !== false true ; '3 subtests failed'
   ✗ fails (neighbour) undercut-eternal.pg.test.ts «finding 15» [a withheld name that is not an identifier] без защиты: ^true$ — an enum value outside the registry true !== false true ; another explanation format true !== false true ; finding 6: an explanation format shaped as a code other than r80.1 is refused true !== false true ; '3 subtests failed'
CAUGHT   row находка 6: security.explanation_field_kinds(): «"$.format":{"k":"enum","v":["r80.1"]}…» → «"$.format":{"k":"code"}…» (3 s)
   ✗ fails (neighbour) undercut-eternal.pg.test.ts «finding 15» [an amount that is not minor units] без защиты: ^true$ — the field kinds registry of the database equals the code + actual - expected ... Skipped lines { '$.context.channelHalt.haltId': { k: 'uuid' }, '$.context.channelHalt.haltedAt': { ... '$.format': { + k: 'code' - k: 'enum', - v: [ - 'r80.1' - ] }, '$.gate.failed.check': { k: 'code' }, '$.gate.fx.base': { $.format: k: 'code' $.gate.fx.to: k: 'currency' $.gate.fx.base: k: 'enum' v: 0: 'EUR' $.gate.fx.from: k: 'currency' $.gate.fx.quote: k: 'currency' $.gate.fx.source: k: 'enum' v: 0: 'ECB' $.snapshot.source: k: 'code' $.gate.fx.rateDate: k: 'date' $.gate.fx.rounding: k: 'enum' v: 0: 'UP' 1: 'NEAREST' $.gate.minMarginBp: k: 'bp' $.gate.failed.check: k: 'code' $.strategy.currency: k: 'currency' $
   ✗ fails (neighbour) undercut-eternal.pg.test.ts «finding 15» [a currency that is not an ISO code | a currency outside EUR and USD] без защиты: ^true$ — the field kinds registry of the database equals the code + actual - expected ... Skipped lines { '$.context.channelHalt.haltId': { k: 'uuid' }, '$.context.channelHalt.haltedAt': { ... '$.format': { + k: 'code' - k: 'enum', - v: [ - 'r80.1' - ] }, '$.gate.failed.check': { k: 'code' }, '$.gate.fx.base': { $.format: k: 'code' $.gate.fx.to: k: 'currency' $.gate.fx.base: k: 'enum' v: 0: 'EUR' $.gate.fx.from: k: 'currency' $.gate.fx.quote: k: 'currency' $.gate.fx.source: k: 'enum' v: 0: 'ECB' $.snapshot.source: k: 'code' $.gate.fx.rateDate: k: 'date' $.gate.fx.rounding: k: 'enum' v: 0: 'UP' 1: 'NEAREST' $.gate.minMarginBp: k: 'bp' $.gate.failed.check: k: 'code' $.strategy.currency: k: 'currency' $
   ✗ fails (neighbour) undercut-eternal.pg.test.ts «finding 15» [an enum value outside the registry] без защиты: ^true$ — the field kinds registry of the database equals the code + actual - expected ... Skipped lines { '$.context.channelHalt.haltId': { k: 'uuid' }, '$.context.channelHalt.haltedAt': { ... '$.format': { + k: 'code' - k: 'enum', - v: [ - 'r80.1' - ] }, '$.gate.failed.check': { k: 'code' }, '$.gate.fx.base': { $.format: k: 'code' $.gate.fx.to: k: 'currency' $.gate.fx.base: k: 'enum' v: 0: 'EUR' $.gate.fx.from: k: 'currency' $.gate.fx.quote: k: 'currency' $.gate.fx.source: k: 'enum' v: 0: 'ECB' $.snapshot.source: k: 'code' $.gate.fx.rateDate: k: 'date' $.gate.fx.rounding: k: 'enum' v: 0: 'UP' 1: 'NEAREST' $.gate.minMarginBp: k: 'bp' $.gate.failed.check: k: 'code' $.strategy.currency: k: 'currency' $
   ✗ fails (neighbour) undercut-eternal.pg.test.ts «finding 15» [an amount as a string] без защиты: ^true$ — the field kinds registry of the database equals the code + actual - expected ... Skipped lines { '$.context.channelHalt.haltId': { k: 'uuid' }, '$.context.channelHalt.haltedAt': { ... '$.format': { + k: 'code' - k: 'enum', - v: [ - 'r80.1' - ] }, '$.gate.failed.check': { k: 'code' }, '$.gate.fx.base': { $.format: k: 'code' $.gate.fx.to: k: 'currency' $.gate.fx.base: k: 'enum' v: 0: 'EUR' $.gate.fx.from: k: 'currency' $.gate.fx.quote: k: 'currency' $.gate.fx.source: k: 'enum' v: 0: 'ECB' $.snapshot.source: k: 'code' $.gate.fx.rateDate: k: 'date' $.gate.fx.rounding: k: 'enum' v: 0: 'UP' 1: 'NEAREST' $.gate.minMarginBp: k: 'bp' $.gate.failed.check: k: 'code' $.strategy.currency: k: 'currency' $
   ✗ fails (own) undercut-eternal.pg.test.ts «finding 15» [finding 6: an explanation format shaped as a code other than r80.1 is refused] без защиты: ^true$ — the field kinds registry of the database equals the code + actual - expected ... Skipped lines { '$.context.channelHalt.haltId': { k: 'uuid' }, '$.context.channelHalt.haltedAt': { ... '$.format': { + k: 'code' - k: 'enum', - v: [ - 'r80.1' - ] }, '$.gate.failed.check': { k: 'code' }, '$.gate.fx.base': { $.format: k: 'code' $.gate.fx.to: k: 'currency' $.gate.fx.base: k: 'enum' v: 0: 'EUR' $.gate.fx.from: k: 'currency' $.gate.fx.quote: k: 'currency' $.gate.fx.source: k: 'enum' v: 0: 'ECB' $.snapshot.source: k: 'code' $.gate.fx.rateDate: k: 'date' $.gate.fx.rounding: k: 'enum' v: 0: 'UP' 1: 'NEAREST' $.gate.minMarginBp: k: 'bp' $.gate.failed.check: k: 'code' $.strategy.currency: k: 'currency' $
   ✗ fails (neighbour) undercut-eternal.pg.test.ts «finding 15» [a withheld name that is not an identifier] без защиты: ^true$ — the field kinds registry of the database equals the code + actual - expected ... Skipped lines { '$.context.channelHalt.haltId': { k: 'uuid' }, '$.context.channelHalt.haltedAt': { ... '$.format': { + k: 'code' - k: 'enum', - v: [ - 'r80.1' - ] }, '$.gate.failed.check': { k: 'code' }, '$.gate.fx.base': { $.format: k: 'code' $.gate.fx.to: k: 'currency' $.gate.fx.base: k: 'enum' v: 0: 'EUR' $.gate.fx.from: k: 'currency' $.gate.fx.quote: k: 'currency' $.gate.fx.source: k: 'enum' v: 0: 'ECB' $.snapshot.source: k: 'code' $.gate.fx.rateDate: k: 'date' $.gate.fx.rounding: k: 'enum' v: 0: 'UP' 1: 'NEAREST' $.gate.minMarginBp: k: 'bp' $.gate.failed.check: k: 'code' $.strategy.currency: k: 'currency' $
CAUGHT   row находка 6: security.explanation_node_declared(jsonb,text,boolean): «OR (w.value #>> '{}') !~ '^[A-Za-z][A-Za-z0-9_]{0,…» → «…» (3 s)
   ✗ fails (neighbour) undercut-eternal.pg.test.ts «finding 15» [an amount that is not minor units] без защиты: ^true$ — a withheld name that is not an identifier true !== false true ; '1 subtest failed'
   ✗ fails (neighbour) undercut-eternal.pg.test.ts «finding 15» [a currency that is not an ISO code | a currency outside EUR and USD] без защиты: ^true$ — a withheld name that is not an identifier true !== false true ; '1 subtest failed'
   ✗ fails (neighbour) undercut-eternal.pg.test.ts «finding 15» [an enum value outside the registry] без защиты: ^true$ — a withheld name that is not an identifier true !== false true ; '1 subtest failed'
   ✗ fails (neighbour) undercut-eternal.pg.test.ts «finding 15» [an amount as a string] без защиты: ^true$ — a withheld name that is not an identifier true !== false true ; '1 subtest failed'
   ✗ fails (neighbour) undercut-eternal.pg.test.ts «finding 15» [finding 6: an explanation format shaped as a code other than r80.1 is refused] без защиты: ^true$ — a withheld name that is not an identifier true !== false true ; '1 subtest failed'
   ✗ fails (own) undercut-eternal.pg.test.ts «finding 15» [a withheld name that is not an identifier] без защиты: ^true$ — a withheld name that is not an identifier true !== false true ; '1 subtest failed'
CAUGHT   row Р-101: tenant_data.migration_consent_guard(): «AND (security.current_user_id() IS NULL OR NEW.use…» → «AND false THEN…» (4 s)
   ✗ fails (own) smoke «eBay consent in the name of another owner (Р-101)» — psql:tests/db/smoke_admin.sql:181: WARNING:  CHECK FAILED: eBay consent in the name of another owner (Р-101) | EXPECTED FAILURE DID NOT HAPPEN
   ✓ green smoke «eBay consent by the owner without a second factor (Р-101)»
CAUGHT   row Р-101: tenant_data.migration_consent_guard(): «AND NOT security.session_mfa() THEN…» → «AND false THEN…» (4 s)
   ✓ green smoke «eBay consent in the name of another owner (Р-101)»
   ✗ fails (own) smoke «eBay consent by the owner without a second factor (Р-101)» — psql:tests/db/smoke_admin.sql:186: WARNING:  CHECK FAILED: eBay consent by the owner without a second factor (Р-101) | EXPECTED FAILURE DID NOT HAPPEN
CAUGHT   row Р-100: security.require_person_for_admin_write(): «IF action <> 'OWN_GUARD' AND r IS NOT NULL AND NOT…» → «IF false THEN…» (4 s)
   ✓ green verify 0076_verify_schema_invariants_v17.sql /tenant_data\.write_scope: administrative UPDATE without the person guard/
   ✓ green verify 0076_verify_schema_invariants_v17.sql /tenant_data\.min_price: no administrative action is declared/
   ✗ fails (own) smoke «an operator lowers min_price (Р-100)» — psql:tests/db/smoke_admin.sql:193: WARNING:  CHECK FAILED: an operator lowers min_price (Р-100) | EXPECTED FAILURE DID NOT HAPPEN
   ✗ fails (own) smoke «eBay consent by an admin in their own name (Р-101)» — psql:tests/db/smoke_admin.sql:173: WARNING:  CHECK FAILED: eBay consent by an admin in their own name (Р-101) | EXPECTED FAILURE DID NOT HAPPEN
   ✗ fails (own) smoke «write scope status changed by a viewer (step 18 finding 1)» — psql:tests/db/smoke_admin.sql:232: WARNING:  CHECK FAILED: write scope status changed by a viewer (step 18 finding 1) | EXPECTED FAILURE DID NOT HAPPEN
   ✗ fails (own) smoke «consent revoked by an admin (Р-101)» — psql:tests/db/smoke_admin.sql:292: WARNING:  CHECK FAILED: consent revoked by an admin (Р-101) | EXPECTED FAILURE DID NOT HAPPEN
   ✓ green smoke «pricing mode changed without a person (step 17 finding 1)»
CAUGHT   row Р-100: DROP TRIGGER a0_admin_write_person_update ON tenant_data.write_scope (5 s)
   ✗ fails (own) verify 0076_verify_schema_invariants_v17.sql /tenant_data\.write_scope: administrative UPDATE without the person guard/ — psql:migrations/0076_verify_schema_invariants_v17.sql:570: ERROR: schema invariant violations: tenant_data.write_scope: administrative UPDATE without the person guard over its administrative columns (Р-97, Р-100) КОНТЕКСТ: PL/pgSQL function inline_code_block line 543 at RAISE 
   ✗ fails (neighbour) verify 0076_verify_schema_invariants_v17.sql /tenant_data\.min_price: no administrative action is declared/ — psql:migrations/0076_verify_schema_invariants_v17.sql:570: ERROR: schema invariant violations: tenant_data.write_scope: administrative UPDATE without the person guard over its administrative columns (Р-97, Р-100) КОНТЕКСТ: PL/pgSQL function inline_code_block line 543 at RAISE 
   ✓ green smoke «an operator lowers min_price (Р-100)»
   ✓ green smoke «eBay consent by an admin in their own name (Р-101)»
   ✗ fails (neighbour) smoke «write scope status changed by a viewer (step 18 finding 1)» — psql:tests/db/smoke_admin.sql:232: WARNING:  CHECK FAILED: write scope status changed by a viewer (step 18 finding 1) | EXPECTED FAILURE DID NOT HAPPEN
   ✓ green smoke «consent revoked by an admin (Р-101)»
   ✗ fails (own, other reason) smoke «pricing mode changed without a person (step 17 finding 1)» — psql:tests/db/smoke_admin.sql:198: WARNING:  CHECK FAILED: pricing mode changed without a person (step 17 finding 1) | EXPECTED FAILURE HAD ANOTHER REASON (expected without a person, got 23000 write_scope a6000000-0000-0000-0000-000000000001 has unfinished writes; pricing_mode cannot change)
CAUGHT   row Р-100: security.admin_write_action(text): «('tenant_data.min_price', 'MANAGE_PRICING'), …» → «…» (2 s)
   ✗ fails (neighbour) verify 0076_verify_schema_invariants_v17.sql /tenant_data\.write_scope: administrative UPDATE without the person guard/ — psql:migrations/0076_verify_schema_invariants_v17.sql:570: ERROR: schema invariant violations: tenant_data.min_price: no administrative action is declared for the table (Р-100) КОНТЕКСТ: PL/pgSQL function inline_code_block line 543 at RAISE 
   ✗ fails (own) verify 0076_verify_schema_invariants_v17.sql /tenant_data\.min_price: no administrative action is declared/ — psql:migrations/0076_verify_schema_invariants_v17.sql:570: ERROR: schema invariant violations: tenant_data.min_price: no administrative action is declared for the table (Р-100) КОНТЕКСТ: PL/pgSQL function inline_code_block line 543 at RAISE 
   ✓ green smoke «an operator lowers min_price (Р-100)» — not reached (tests/db/smoke_app.sql: ERROR:  administrative change of tenant_data.min_price: no administrative action is declared for the table (Р-100))
   ✓ green smoke «eBay consent by an admin in their own name (Р-101)» — not reached (tests/db/smoke_app.sql: ERROR:  administrative change of tenant_data.min_price: no administrative action is declared for the table (Р-100))
   ✓ green smoke «write scope status changed by a viewer (step 18 finding 1)» — not reached (tests/db/smoke_app.sql: ERROR:  administrative change of tenant_data.min_price: no administrative action is declared for the table (Р-100))
   ✓ green smoke «consent revoked by an admin (Р-101)» — not reached (tests/db/smoke_app.sql: ERROR:  administrative change of tenant_data.min_price: no administrative action is declared for the table (Р-100))
   ✓ green smoke «pricing mode changed without a person (step 17 finding 1)» — not reached (tests/db/smoke_app.sql: ERROR:  administrative change of tenant_data.min_price: no administrative action is declared for the table (Р-100))
CAUGHT   row находка 4 (шаг 17): GRANT INSERT ON channel_data.pricing_halt TO repracer_app (4 s)
   ✗ fails (own) verify 0076_verify_schema_invariants_v17.sql /channel_data\.pricing_halt: INSERT of the decision path does not match the allow list/ — psql:migrations/0076_verify_schema_invariants_v17.sql:570: ERROR: schema invariant violations: channel_data.pricing_halt: INSERT of the decision path does not match the allow list (Р-96) channel_data.pricing_halt.released_at: INSERT of the decision path is not in the allow list (Р-96) channel_data.pricing_halt.released_by_membership_id: INSERT of the decision path is not in the allow list (Р-96) c
   ✗ fails (neighbour) verify 0076_verify_schema_invariants_v17.sql /channel_data\.divergence_case: UPDATE of the decision path does not match the allow list/ — psql:migrations/0076_verify_schema_invariants_v17.sql:570: ERROR: schema invariant violations: channel_data.pricing_halt: INSERT of the decision path does not match the allow list (Р-96) channel_data.pricing_halt.released_at: INSERT of the decision path is not in the allow list (Р-96) channel_data.pricing_halt.released_by_membership_id: INSERT of the decision path is not in the allow list (Р-96) c
   ✗ fails (own) smoke «path inserts a halt released by a person (step 17 finding 4)» — psql:tests/db/smoke_path.sql:99: WARNING:  CHECK FAILED: path inserts a halt released by a person (step 17 finding 4) | EXPECTED FAILURE DID NOT HAPPEN
   ✓ green smoke «path resolves a divergence case for a person (step 17 finding 4)»
   ✓ green smoke «path unblocks a write scope (step 17 finding 4)»
   ✓ green smoke «path holds a write scope (step 17 finding 4)»
CAUGHT   row находка 4 (шаг 17): GRANT UPDATE ON channel_data.divergence_case TO repracer_app (3 s)
   ✗ fails (neighbour) verify 0076_verify_schema_invariants_v17.sql /channel_data\.pricing_halt: INSERT of the decision path does not match the allow list/ — psql:migrations/0076_verify_schema_invariants_v17.sql:570: ERROR: schema invariant violations: channel_data.divergence_case: UPDATE of the decision path does not match the allow list (Р-96) channel_data.divergence_case.expected_quantity: UPDATE of the decision path is not in the allow list (Р-96) channel_data.divergence_case.observed_quantity: UPDATE of the decision path is not in the allow list (
   ✗ fails (own) verify 0076_verify_schema_invariants_v17.sql /channel_data\.divergence_case: UPDATE of the decision path does not match the allow list/ — psql:migrations/0076_verify_schema_invariants_v17.sql:570: ERROR: schema invariant violations: channel_data.divergence_case: UPDATE of the decision path does not match the allow list (Р-96) channel_data.divergence_case.expected_quantity: UPDATE of the decision path is not in the allow list (Р-96) channel_data.divergence_case.observed_quantity: UPDATE of the decision path is not in the allow list (
   ✓ green smoke «path inserts a halt released by a person (step 17 finding 4)»
   ✗ fails (own) smoke «path resolves a divergence case for a person (step 17 finding 4)» — psql:tests/db/smoke_path.sql:102: WARNING:  CHECK FAILED: path resolves a divergence case for a person (step 17 finding 4) | EXPECTED FAILURE DID NOT HAPPEN
   ✓ green smoke «path unblocks a write scope (step 17 finding 4)»
   ✓ green smoke «path holds a write scope (step 17 finding 4)»
CAUGHT   row находка 4 (шаг 17): DROP TRIGGER a1_write_scope_path_status_guard ON tenant_data.write_scope (4 s)
   ✓ green verify 0076_verify_schema_invariants_v17.sql /channel_data\.pricing_halt: INSERT of the decision path does not match the allow list/
   ✓ green verify 0076_verify_schema_invariants_v17.sql /channel_data\.divergence_case: UPDATE of the decision path does not match the allow list/
   ✓ green smoke «path inserts a halt released by a person (step 17 finding 4)»
   ✓ green smoke «path resolves a divergence case for a person (step 17 finding 4)»
   ✗ fails (own) smoke «path unblocks a write scope (step 17 finding 4)» — psql:tests/db/smoke_path.sql:93: WARNING:  CHECK FAILED: path unblocks a write scope (step 17 finding 4) | EXPECTED FAILURE DID NOT HAPPEN
   ✗ fails (own) smoke «path holds a write scope (step 17 finding 4)» — psql:tests/db/smoke_path.sql:95: WARNING:  CHECK FAILED: path holds a write scope (step 17 finding 4) | EXPECTED FAILURE DID NOT HAPPEN
CAUGHT   row находка 5 (шаг 17): DROP TRIGGER a1_pricing_halt_review_schedule_guard ON channel_data.pricing_halt (3 s)
   ✓ green verify 0076_verify_schema_invariants_v17.sql /channel_data\.pricing_halt: administrative UPDATE is not written to the audit log/
   ✗ fails (own) smoke «the review of a halt moved without a second factor (step 17 finding 5)» — psql:tests/db/smoke_admin.sql:211: WARNING:  CHECK FAILED: the review of a halt moved without a second factor (step 17 finding 5) | EXPECTED FAILURE DID NOT HAPPEN
   ✓ green smoke «the moved review of a halt is not in the audit log (step 17 finding 5)»
CAUGHT   row находка 5 (шаг 17): DROP TRIGGER zz_admin_write_audit_update ON channel_data.pricing_halt (2 s)
   ✗ fails (own) verify 0076_verify_schema_invariants_v17.sql /channel_data\.pricing_halt: administrative UPDATE is not written to the audit log/ — psql:migrations/0076_verify_schema_invariants_v17.sql:570: ERROR: schema invariant violations: channel_data.pricing_halt: administrative UPDATE is not written to the audit log (Р-97) КОНТЕКСТ: PL/pgSQL function inline_code_block line 543 at RAISE 
   ✓ green smoke «the review of a halt moved without a second factor (step 17 finding 5)»
   ✗ fails (own) smoke «the moved review of a halt is not in the audit log (step 17 finding 5)» — psql:tests/db/smoke_admin.sql:219: ERROR:  the moved review of a halt is not in the audit log (step 17 finding 5)
CAUGHT   row находка 8 (шаг 17): security.explanation_node_declared(jsonb,text,boolean): «ELSIF NOT security.param_value_valid(v, fields -> …» → «ELSIF false THEN…» (2 s)
   ✗ fails (own) undercut-eternal.pg.test.ts «finding 15» [a free text in strategy.currentMinor] без защиты: ^true$ — another explanation format true !== false true ; a free text in strategy.currentMinor true !== false true ; a currency outside EUR and USD true !== false true ; an invalid moment in the price stop context true !== false true ; finding 6: an explanation format shaped as a code other than r80.1 is refused true !== false true ; '5 subtests failed'
   ✗ fails (neighbour) undercut-eternal.pg.test.ts «finding 15» [a currency outside EUR and USD] без защиты: ^true$ — another explanation format true !== false true ; a free text in strategy.currentMinor true !== false true ; a currency outside EUR and USD true !== false true ; an invalid moment in the price stop context true !== false true ; finding 6: an explanation format shaped as a code other than r80.1 is refused true !== false true ; '5 subtests failed'
   ✗ fails (neighbour) undercut-eternal.pg.test.ts «finding 15» [an invalid moment in the price stop context] без защиты: ^true$ — another explanation format true !== false true ; a free text in strategy.currentMinor true !== false true ; a currency outside EUR and USD true !== false true ; an invalid moment in the price stop context true !== false true ; finding 6: an explanation format shaped as a code other than r80.1 is refused true !== false true ; '5 subtests failed'
   ✗ fails (neighbour) undercut-eternal.pg.test.ts «finding 15» [a ratio outside its range] без защиты: ^true$ — another explanation format true !== false true ; a free text in strategy.currentMinor true !== false true ; a currency outside EUR and USD true !== false true ; an invalid moment in the price stop context true !== false true ; finding 6: an explanation format shaped as a code other than r80.1 is refused true !== false true ; '5 subtests failed'
   ✗ fails (neighbour) undercut-eternal.pg.test.ts «finding 15» [a negative count] без защиты: ^true$ — another explanation format true !== false true ; a free text in strategy.currentMinor true !== false true ; a currency outside EUR and USD true !== false true ; an invalid moment in the price stop context true !== false true ; finding 6: an explanation format shaped as a code other than r80.1 is refused true !== false true ; '5 subtests failed'
   ✗ fails (neighbour) undercut-eternal.pg.test.ts «finding 15» [a free text as an id] без защиты: ^true$ — another explanation format true !== false true ; a free text in strategy.currentMinor true !== false true ; a currency outside EUR and USD true !== false true ; an invalid moment in the price stop context true !== false true ; finding 6: an explanation format shaped as a code other than r80.1 is refused true !== false true ; '5 subtests failed'
CAUGHT   row находка 8 (шаг 17): security.param_value_valid(jsonb,jsonb): «PERFORM s::timestamptz;…» → «NULL;…» (4 s)
   ✗ fails (neighbour) undercut-eternal.pg.test.ts «finding 15» [a free text in strategy.currentMinor] без защиты: ^true$ — an invalid moment in the price stop context true !== false true ; '1 subtest failed'
   ✗ fails (neighbour) undercut-eternal.pg.test.ts «finding 15» [a currency outside EUR and USD] без защиты: ^true$ — an invalid moment in the price stop context true !== false true ; '1 subtest failed'
   ✗ fails (own) undercut-eternal.pg.test.ts «finding 15» [an invalid moment in the price stop context] без защиты: ^true$ — an invalid moment in the price stop context true !== false true ; '1 subtest failed'
   ✗ fails (neighbour) undercut-eternal.pg.test.ts «finding 15» [a ratio outside its range] без защиты: ^true$ — an invalid moment in the price stop context true !== false true ; '1 subtest failed'
   ✗ fails (neighbour) undercut-eternal.pg.test.ts «finding 15» [a negative count] без защиты: ^true$ — an invalid moment in the price stop context true !== false true ; '1 subtest failed'
   ✗ fails (neighbour) undercut-eternal.pg.test.ts «finding 15» [a free text as an id] без защиты: ^true$ — an invalid moment in the price stop context true !== false true ; '1 subtest failed'
CAUGHT   row находка 8 (шаг 17): security.param_value_valid(jsonb,jsonb): «BETWEEN 0 AND 1000;…» → «IS NOT NULL;…» (4 s)
   ✗ fails (neighbour) undercut-eternal.pg.test.ts «finding 15» [a free text in strategy.currentMinor] без защиты: ^true$ — a ratio outside its range true !== false true ; '1 subtest failed'
   ✗ fails (neighbour) undercut-eternal.pg.test.ts «finding 15» [a currency outside EUR and USD] без защиты: ^true$ — a ratio outside its range true !== false true ; '1 subtest failed'
   ✗ fails (neighbour) undercut-eternal.pg.test.ts «finding 15» [an invalid moment in the price stop context] без защиты: ^true$ — a ratio outside its range true !== false true ; '1 subtest failed'
   ✗ fails (own) undercut-eternal.pg.test.ts «finding 15» [a ratio outside its range] без защиты: ^true$ — a ratio outside its range true !== false true ; '1 subtest failed'
   ✗ fails (neighbour) undercut-eternal.pg.test.ts «finding 15» [a negative count] без защиты: ^true$ — a ratio outside its range true !== false true ; '1 subtest failed'
   ✗ fails (neighbour) undercut-eternal.pg.test.ts «finding 15» [a free text as an id] без защиты: ^true$ — a ratio outside its range true !== false true ; '1 subtest failed'
CAUGHT   row находка 8 (шаг 17): security.param_value_valid(jsonb,jsonb): «RETURN t = 'string' AND s IN ('EUR', 'USD');…» → «RETURN t = 'string' AND s ~ '^…» (4 s)
   ✗ fails (neighbour) undercut-eternal.pg.test.ts «finding 15» [a free text in strategy.currentMinor] без защиты: ^true$ — a currency outside EUR and USD true !== false true ; '1 subtest failed'
   ✗ fails (own) undercut-eternal.pg.test.ts «finding 15» [a currency outside EUR and USD] без защиты: ^true$ — a currency outside EUR and USD true !== false true ; '1 subtest failed'
   ✗ fails (neighbour) undercut-eternal.pg.test.ts «finding 15» [an invalid moment in the price stop context] без защиты: ^true$ — a currency outside EUR and USD true !== false true ; '1 subtest failed'
   ✗ fails (neighbour) undercut-eternal.pg.test.ts «finding 15» [a ratio outside its range] без защиты: ^true$ — a currency outside EUR and USD true !== false true ; '1 subtest failed'
   ✗ fails (neighbour) undercut-eternal.pg.test.ts «finding 15» [a negative count] без защиты: ^true$ — a currency outside EUR and USD true !== false true ; '1 subtest failed'
   ✗ fails (neighbour) undercut-eternal.pg.test.ts «finding 15» [a free text as an id] без защиты: ^true$ — a currency outside EUR and USD true !== false true ; '1 subtest failed'
CAUGHT   row находка 8 (шаг 17): security.param_value_valid(jsonb,jsonb): «RETURN t = 'number' AND v::text ~ '^[0-9]+$';…» → «RETURN t = 'number';…» (4 s)
   ✗ fails (neighbour) undercut-eternal.pg.test.ts «finding 15» [a free text in strategy.currentMinor] без защиты: ^true$ — a negative count true !== false true ; '1 subtest failed'
   ✗ fails (neighbour) undercut-eternal.pg.test.ts «finding 15» [a currency outside EUR and USD] без защиты: ^true$ — a negative count true !== false true ; '1 subtest failed'
   ✗ fails (neighbour) undercut-eternal.pg.test.ts «finding 15» [an invalid moment in the price stop context] без защиты: ^true$ — a negative count true !== false true ; '1 subtest failed'
   ✗ fails (neighbour) undercut-eternal.pg.test.ts «finding 15» [a ratio outside its range] без защиты: ^true$ — a negative count true !== false true ; '1 subtest failed'
   ✗ fails (own) undercut-eternal.pg.test.ts «finding 15» [a negative count] без защиты: ^true$ — a negative count true !== false true ; '1 subtest failed'
   ✗ fails (neighbour) undercut-eternal.pg.test.ts «finding 15» [a free text as an id] без защиты: ^true$ — a negative count true !== false true ; '1 subtest failed'
CAUGHT   row находка 8 (шаг 17): security.param_value_valid(jsonb,jsonb): «RETURN t = 'string' AND s ~ '^[A-Za-z0-9_.:@-]{1,1…» → «RETURN t = 'string';…» (4 s)
   ✗ fails (neighbour) undercut-eternal.pg.test.ts «finding 15» [a free text in strategy.currentMinor] без защиты: ^true$ — a free text as an id true !== false true ; '1 subtest failed'
   ✗ fails (neighbour) undercut-eternal.pg.test.ts «finding 15» [a currency outside EUR and USD] без защиты: ^true$ — a free text as an id true !== false true ; '1 subtest failed'
   ✗ fails (neighbour) undercut-eternal.pg.test.ts «finding 15» [an invalid moment in the price stop context] без защиты: ^true$ — a free text as an id true !== false true ; '1 subtest failed'
   ✗ fails (neighbour) undercut-eternal.pg.test.ts «finding 15» [a ratio outside its range] без защиты: ^true$ — a free text as an id true !== false true ; '1 subtest failed'
   ✗ fails (neighbour) undercut-eternal.pg.test.ts «finding 15» [a negative count] без защиты: ^true$ — a free text as an id true !== false true ; '1 subtest failed'
   ✗ fails (own) undercut-eternal.pg.test.ts «finding 15» [a free text as an id] без защиты: ^true$ — a free text as an id true !== false true ; '1 subtest failed'
CAUGHT   row Р-102: GRANT SELECT ON tenant_data.min_price TO repracer_stock (7 s)
   ✗ fails (own) verify 0076_verify_schema_invariants_v17.sql /tenant_data\.min_price: SELECT of the stock role does not match its allow list/ — psql:migrations/0076_verify_schema_invariants_v17.sql:570: ERROR: schema invariant violations: tenant_data.min_price: SELECT of the stock role does not match its allow list (Р-102) tenant_data.min_price.tenant_id: SELECT of the stock role is not in its allow list (Р-102, Р-105) tenant_data.min_price.scope_type: SELECT of the stock role is not in its allow list (Р-102, Р-105) tenant_data.min_price.
   ✗ fails (neighbour) verify 0076_verify_schema_invariants_v17.sql /tenant_data\.write_scope: UPDATE of the stock role does not match its allow list/ — psql:migrations/0076_verify_schema_invariants_v17.sql:570: ERROR: schema invariant violations: tenant_data.min_price: SELECT of the stock role does not match its allow list (Р-102) tenant_data.min_price.tenant_id: SELECT of the stock role is not in its allow list (Р-102, Р-105) tenant_data.min_price.scope_type: SELECT of the stock role is not in its allow list (Р-102, Р-105) tenant_data.min_price.
   ✗ fails (neighbour) verify 0076_verify_schema_invariants_v17.sql /tenant_data\.write_scope\.pricing_mode: UPDATE of the stock role is not in its allow list/ — psql:migrations/0076_verify_schema_invariants_v17.sql:570: ERROR: schema invariant violations: tenant_data.min_price: SELECT of the stock role does not match its allow list (Р-102) tenant_data.min_price.tenant_id: SELECT of the stock role is not in its allow list (Р-102, Р-105) tenant_data.min_price.scope_type: SELECT of the stock role is not in its allow list (Р-102, Р-105) tenant_data.min_price.
   ✗ fails (own) smoke «stock role reads prices (Р-102)» — psql:tests/db/smoke_stock.sql:54: WARNING:  CHECK FAILED: stock role reads prices (Р-102) | EXPECTED FAILURE DID NOT HAPPEN
   ✓ green smoke «stock role changes the pricing of a write scope (Р-102)»
CAUGHT   row Р-102: GRANT UPDATE ON tenant_data.write_scope TO repracer_stock (6 s)
   ✗ fails (neighbour) verify 0076_verify_schema_invariants_v17.sql /tenant_data\.min_price: SELECT of the stock role does not match its allow list/ — psql:migrations/0076_verify_schema_invariants_v17.sql:570: ERROR: schema invariant violations: tenant_data.write_scope: UPDATE of the stock role does not match its allow list (Р-102) tenant_data.write_scope.tenant_id: UPDATE of the stock role is not in its allow list (Р-102, Р-105) tenant_data.write_scope.channel_account_id: UPDATE of the stock role is not in its allow list (Р-102, Р-105) tenant_d
   ✗ fails (own) verify 0076_verify_schema_invariants_v17.sql /tenant_data\.write_scope: UPDATE of the stock role does not match its allow list/ — psql:migrations/0076_verify_schema_invariants_v17.sql:570: ERROR: schema invariant violations: tenant_data.write_scope: UPDATE of the stock role does not match its allow list (Р-102) tenant_data.write_scope.tenant_id: UPDATE of the stock role is not in its allow list (Р-102, Р-105) tenant_data.write_scope.channel_account_id: UPDATE of the stock role is not in its allow list (Р-102, Р-105) tenant_d
   ✗ fails (neighbour) verify 0076_verify_schema_invariants_v17.sql /tenant_data\.write_scope\.pricing_mode: UPDATE of the stock role is not in its allow list/ — psql:migrations/0076_verify_schema_invariants_v17.sql:570: ERROR: schema invariant violations: tenant_data.write_scope: UPDATE of the stock role does not match its allow list (Р-102) tenant_data.write_scope.tenant_id: UPDATE of the stock role is not in its allow list (Р-102, Р-105) tenant_data.write_scope.channel_account_id: UPDATE of the stock role is not in its allow list (Р-102, Р-105) tenant_d
   ✓ green smoke «stock role reads prices (Р-102)»
   ✗ fails (neighbour) smoke «stock role changes the pricing of a write scope (Р-102)» — psql:tests/db/smoke_stock.sql:60: WARNING:  CHECK FAILED: stock role changes the pricing of a write scope (Р-102) | EXPECTED FAILURE HAD ANOTHER REASON (expected ^permission denied for table write_scope$, got 23000 write_scope a6000000-0000-0000-0000-000000000003 has unfinished writes; pricing_mode 
CAUGHT   row Р-102: GRANT UPDATE (pricing_mode) ON tenant_data.write_scope TO repracer_stock (6 s)
   ✗ fails (neighbour) verify 0076_verify_schema_invariants_v17.sql /tenant_data\.min_price: SELECT of the stock role does not match its allow list/ — psql:migrations/0076_verify_schema_invariants_v17.sql:570: ERROR: schema invariant violations: tenant_data.write_scope.pricing_mode: UPDATE of the stock role is not in its allow list (Р-102, Р-105) КОНТЕКСТ: PL/pgSQL function inline_code_block line 543 at RAISE 
   ✗ fails (neighbour) verify 0076_verify_schema_invariants_v17.sql /tenant_data\.write_scope: UPDATE of the stock role does not match its allow list/ — psql:migrations/0076_verify_schema_invariants_v17.sql:570: ERROR: schema invariant violations: tenant_data.write_scope.pricing_mode: UPDATE of the stock role is not in its allow list (Р-102, Р-105) КОНТЕКСТ: PL/pgSQL function inline_code_block line 543 at RAISE 
   ✗ fails (own) verify 0076_verify_schema_invariants_v17.sql /tenant_data\.write_scope\.pricing_mode: UPDATE of the stock role is not in its allow list/ — psql:migrations/0076_verify_schema_invariants_v17.sql:570: ERROR: schema invariant violations: tenant_data.write_scope.pricing_mode: UPDATE of the stock role is not in its allow list (Р-102, Р-105) КОНТЕКСТ: PL/pgSQL function inline_code_block line 543 at RAISE 
   ✓ green smoke «stock role reads prices (Р-102)»
   ✗ fails (own, other reason) smoke «stock role changes the pricing of a write scope (Р-102)» — psql:tests/db/smoke_stock.sql:60: WARNING:  CHECK FAILED: stock role changes the pricing of a write scope (Р-102) | EXPECTED FAILURE HAD ANOTHER REASON (expected ^permission denied for table write_scope$, got 23000 write_scope a6000000-0000-0000-0000-000000000003 has unfinished writes; pricing_mode 
CAUGHT   row Р-103: ALTER TABLE tenant_data.guardrail DISABLE TRIGGER zz_append_only (3 s)
   ✗ fails (own) smoke «append-only tenant_data.guardrail» — psql:tests/db/smoke_append_only.sql:108: WARNING:  CHECK FAILED: append-only tenant_data.guardrail | EXPECTED FAILURE DID NOT HAPPEN
   ✓ green smoke «append-only channel_data.pricing_halt_review»
   ✓ green smoke «append-only platform.external_identity_revocation»
   ✓ green smoke «append-only tenant_data.price_daily_correction»
CAUGHT   row Р-103: ALTER TABLE channel_data.pricing_halt_review DISABLE TRIGGER zz_append_only (5 s)
   ✓ green smoke «append-only tenant_data.guardrail»
   ✗ fails (own) smoke «append-only channel_data.pricing_halt_review» — psql:tests/db/smoke_append_only.sql:108: WARNING:  CHECK FAILED: append-only channel_data.pricing_halt_review | EXPECTED FAILURE DID NOT HAPPEN
   ✓ green smoke «append-only platform.external_identity_revocation»
   ✓ green smoke «append-only tenant_data.price_daily_correction»
CAUGHT   row Р-103: ALTER TABLE tenant_data.price_daily_correction DISABLE TRIGGER zz_append_only (5 s)
   ✓ green smoke «append-only tenant_data.guardrail»
   ✓ green smoke «append-only channel_data.pricing_halt_review»
   ✓ green smoke «append-only platform.external_identity_revocation»
   ✗ fails (own) smoke «append-only tenant_data.price_daily_correction» — psql:tests/db/smoke_append_only.sql:108: WARNING:  CHECK FAILED: append-only tenant_data.price_daily_correction | EXPECTED FAILURE DID NOT HAPPEN
CAUGHT   row Р-103: ALTER TABLE platform.external_identity_revocation DISABLE TRIGGER zz_append_only (5 s)
   ✓ green smoke «append-only tenant_data.guardrail»
   ✓ green smoke «append-only channel_data.pricing_halt_review»
   ✗ fails (own) smoke «append-only platform.external_identity_revocation» — psql:tests/db/smoke_append_only.sql:108: WARNING:  CHECK FAILED: append-only platform.external_identity_revocation | EXPECTED FAILURE DID NOT HAPPEN
   ✓ green smoke «append-only tenant_data.price_daily_correction»
CAUGHT   row находка 1 (шаг 18): security.require_person_for_admin_write(): «IF u IS NULL THEN…» → «IF false THEN…» (5 s)
   ✗ fails (own) smoke «the administrative service records an automatic review without a person (Р-97)» — psql:tests/db/smoke_app.sql:432: WARNING:  CHECK FAILED: the administrative service records an automatic review without a person (Р-97) | EXPECTED FAILURE DID NOT HAPPEN
   ✓ green smoke «a status change of a write scope by a person is not in the audit log (step 18 finding 1)»
CAUGHT   row находка 1 (шаг 18): security.audit_admin_write(): «    -- Находка 1 ревью шага 18: в журнал попадает …» → «    IF NOT cols && TG_ARGV THE…» (5 s)
   ✓ green smoke «the administrative service records an automatic review without a person (Р-97)»
   ✗ fails (own) smoke «a status change of a write scope by a person is not in the audit log (step 18 finding 1)» — psql:tests/db/smoke_admin.sql:240: ERROR:  a status change of a write scope by a person is not in the audit log (step 18 finding 1)
CAUGHT   row OQ-153: maintenance.purge_user_identities(uuid): «IF NOT EXISTS (SELECT 1 FROM platform.app_user u W…» → «IF false THEN…» (5 s)
   ✗ fails (own) smoke «sign-ins of an active user are purged (OQ-153)» — psql:tests/db/smoke_retention.sql:151: WARNING:  CHECK FAILED: sign-ins of an active user are purged (OQ-153) | EXPECTED FAILURE DID NOT HAPPEN
CAUGHT   row Р-101 (находка 2, шаг 18): tenant_data.migration_consent_item_guard(): «IF c.user_id IS NULL OR c.user_id IS DISTINCT FROM…» → «IF false THEN…» (6 s)
   ✗ fails (own) smoke «listing added to a consent by another owner (Р-101)» — psql:tests/db/smoke_admin.sql:257: WARNING:  CHECK FAILED: listing added to a consent by another owner (Р-101) | EXPECTED FAILURE DID NOT HAPPEN
   ✓ green smoke «listing added to a consent without a second factor (Р-101)»
   ✓ green smoke «listing added to a consent given in an earlier transaction (Р-101)»
   ✓ green smoke «consent revoked in the name of another owner (Р-101)»
   ✓ green smoke «consent revoked without a second factor (Р-101)»
CAUGHT   row Р-101 (находка 2, шаг 18): tenant_data.migration_consent_item_guard(): «IF NOT security.session_mfa() THEN…» → «IF false THEN…» (6 s)
   ✓ green smoke «listing added to a consent by another owner (Р-101)»
   ✗ fails (own) smoke «listing added to a consent without a second factor (Р-101)» — psql:tests/db/smoke_admin.sql:262: WARNING:  CHECK FAILED: listing added to a consent without a second factor (Р-101) | EXPECTED FAILURE DID NOT HAPPEN
   ✓ green smoke «listing added to a consent given in an earlier transaction (Р-101)»
   ✓ green smoke «consent revoked in the name of another owner (Р-101)»
   ✓ green smoke «consent revoked without a second factor (Р-101)»
CAUGHT   row Р-101 (находка 2, шаг 18): tenant_data.migration_consent_item_guard(): «IF c.given_at <> now() THEN…» → «IF false THEN…» (6 s)
   ✓ green smoke «listing added to a consent by another owner (Р-101)»
   ✓ green smoke «listing added to a consent without a second factor (Р-101)»
   ✗ fails (own) smoke «listing added to a consent given in an earlier transaction (Р-101)» — psql:tests/db/smoke_admin.sql:268: WARNING:  CHECK FAILED: listing added to a consent given in an earlier transaction (Р-101) | EXPECTED FAILURE DID NOT HAPPEN
   ✓ green smoke «consent revoked in the name of another owner (Р-101)»
   ✓ green smoke «consent revoked without a second factor (Р-101)»
CAUGHT   row Р-101 (находка 2, шаг 18): tenant_data.migration_consent_revocation_guard(): «IF NOT security.session_mfa() THEN…» → «IF false THEN…» (7 s)
   ✓ green smoke «listing added to a consent by another owner (Р-101)»
   ✓ green smoke «listing added to a consent without a second factor (Р-101)»
   ✓ green smoke «listing added to a consent given in an earlier transaction (Р-101)»
   ✓ green smoke «consent revoked in the name of another owner (Р-101)»
   ✗ fails (own) smoke «consent revoked without a second factor (Р-101)» — psql:tests/db/smoke_admin.sql:283: WARNING:  CHECK FAILED: consent revoked without a second factor (Р-101) | EXPECTED FAILURE DID NOT HAPPEN
CAUGHT   row Р-101 (находка 2, шаг 18): tenant_data.migration_consent_revocation_guard(): «IF mem.membership_id IS NULL OR NEW.revoked_by_mem…» → «IF false THEN…» (7 s)
   ✓ green smoke «listing added to a consent by another owner (Р-101)»
   ✓ green smoke «listing added to a consent without a second factor (Р-101)»
   ✓ green smoke «listing added to a consent given in an earlier transaction (Р-101)»
   ✗ fails (own) smoke «consent revoked in the name of another owner (Р-101)» — psql:tests/db/smoke_admin.sql:278: WARNING:  CHECK FAILED: consent revoked in the name of another owner (Р-101) | EXPECTED FAILURE DID NOT HAPPEN
   ✓ green smoke «consent revoked without a second factor (Р-101)»
CAUGHT   row Р-107 (находка 3, шаг 18): channel_data.price_intent_manual_guard(): «IF mem.membership_id IS NULL OR NEW.created_by_mem…» → «IF false THEN…» (7 s)
   ✗ fails (own) smoke «manual price intent in the name of another member (Р-107)» — psql:tests/db/smoke_app.sql:401: WARNING:  CHECK FAILED: manual price intent in the name of another member (Р-107) | EXPECTED FAILURE DID NOT HAPPEN
   ✓ green smoke «manual price intent by a viewer (Р-107)»
   ✗ fails (neighbour) smoke «path creates a manual price intent of the owner (Р-107)» — psql:tests/db/smoke_app.sql:373: WARNING:  CHECK FAILED: path creates a manual price intent of the owner (Р-107) | EXPECTED FAILURE HAD ANOTHER REASON (expected a manual price intent is created only by a person in the administrative service in the name of the session user, got 42501 role <NULL> may 
CAUGHT   row Р-107 (находка 3, шаг 18): channel_data.price_intent_manual_guard(): «IF NOT security.pricing_permission(mem.role, 'ENAB…» → «IF false THEN…» (4 s)
   ✓ green smoke «manual price intent in the name of another member (Р-107)»
   ✗ fails (own) smoke «manual price intent by a viewer (Р-107)» — psql:tests/db/smoke_app.sql:406: WARNING:  CHECK FAILED: manual price intent by a viewer (Р-107) | EXPECTED FAILURE DID NOT HAPPEN
   ✓ green smoke «path creates a manual price intent of the owner (Р-107)»
CAUGHT   row Р-107 (находка 3, шаг 18): channel_data.price_intent_manual_guard(): «NOT (NEW.trigger_type = 'MANUAL' OR coalesce(NEW.r…» → «NOT (NEW.trigger_type = 'MANUA…» (4 s)
   ✗ fails (neighbour) smoke «manual price intent in the name of another member (Р-107)» — psql:tests/db/smoke_app.sql:401: WARNING:  CHECK FAILED: manual price intent in the name of another member (Р-107) | EXPECTED FAILURE DID NOT HAPPEN
   ✗ fails (neighbour) smoke «manual price intent by a viewer (Р-107)» — psql:tests/db/smoke_app.sql:406: WARNING:  CHECK FAILED: manual price intent by a viewer (Р-107) | EXPECTED FAILURE DID NOT HAPPEN
   ✗ fails (own) smoke «path creates a manual price intent of the owner (Р-107)» — psql:tests/db/smoke_app.sql:373: WARNING:  CHECK FAILED: path creates a manual price intent of the owner (Р-107) | EXPECTED FAILURE DID NOT HAPPEN
CAUGHT   row находка 4 (шаг 18): channel_data.pricing_halt_insert_guard(): «IF security.admin_session() THEN…» → «IF false THEN…» (4 s)
   ✓ green verify 0076_verify_schema_invariants_v17.sql /pricing_halt: trigger a00_pricing_halt_insert_guard has a WHEN condition that is not in the list/
   ✗ fails (own) smoke «system halt created by a person (step 18 finding 4)» — psql:tests/db/smoke_admin.sql:300: WARNING:  CHECK FAILED: system halt created by a person (step 18 finding 4) | EXPECTED FAILURE DID NOT HAPPEN
   ✓ green smoke «halt sample observation recorded by a viewer in the administrative service (step 19 review finding 3)»
CAUGHT   row находка 6 (шаг 18): platform.external_identity_one_active(): «IF current_setting('transaction_isolation') <> 're…» → «IF false THEN…» (4 s)
   ✓ green verify 0076_verify_schema_invariants_v17.sql /platform\.external_identity_one_active\(\): owned by repracer_resolver but not SECURITY DEFINER/
   ✗ fails (own) identity.pg.test.ts «step 18 finding 6» [step 18 finding 6: a link in REPEATABLE READ is refused] без защиты: ^linked$ — 'step 18 finding 6: a link in REPEATABLE READ is refused' 'linked'
CAUGHT   row находка 4 (шаг 18): DROP TRIGGER a00_pricing_halt_insert_guard ON channel_data.pricing_halt; CREATE TRIGGER a00_pricing_halt_inser (4 s)
   ✗ fails (own) verify 0076_verify_schema_invariants_v17.sql /pricing_halt: trigger a00_pricing_halt_insert_guard has a WHEN condition that is not in the list/ — psql:migrations/0076_verify_schema_invariants_v17.sql:570: ERROR: schema invariant violations: channel_data.pricing_halt: trigger a00_pricing_halt_insert_guard has a WHEN condition that is not in the list: false (step 19) КОНТЕКСТ: PL/pgSQL function inline_code_block line 543 at RAISE 
   ✗ fails (own) smoke «system halt created by a person (step 18 finding 4)» — psql:tests/db/smoke_admin.sql:300: WARNING:  CHECK FAILED: system halt created by a person (step 18 finding 4) | EXPECTED FAILURE DID NOT HAPPEN
   ✓ green smoke «halt sample observation recorded by a viewer in the administrative service (step 19 review finding 3)»
CAUGHT   row находка 4 (шаг 18): channel_data.pricing_halt_sample_insert_guard(): «IF security.admin_session() THEN…» → «IF false THEN…» (4 s)
   ✓ green verify 0076_verify_schema_invariants_v17.sql /pricing_halt: trigger a00_pricing_halt_insert_guard has a WHEN condition that is not in the list/
   ✓ green smoke «system halt created by a person (step 18 finding 4)»
   ✗ fails (own) smoke «halt sample observation recorded by a viewer in the administrative service (step 19 review finding 3)» — psql:tests/db/smoke_admin.sql:306: WARNING:  CHECK FAILED: halt sample observation recorded by a viewer in the administrative service (step 19 review finding 3) | EXPECTED FAILURE DID NOT HAPPEN
CAUGHT   row находка 6 (шаг 18): ALTER FUNCTION platform.external_identity_one_active() SECURITY INVOKER (4 s)
   ✗ fails (own) verify 0076_verify_schema_invariants_v17.sql /platform\.external_identity_one_active\(\): owned by repracer_resolver but not SECURITY DEFINER/ — psql:migrations/0076_verify_schema_invariants_v17.sql:570: ERROR: schema invariant violations: platform.external_identity_one_active(): owned by repracer_resolver but not SECURITY DEFINER (step 19) КОНТЕКСТ: PL/pgSQL function inline_code_block line 543 at RAISE 
   ✓ green identity.pg.test.ts «step 18 finding 6» [step 18 finding 6: a link in REPEATABLE READ is refused] без защиты: ^linked$
CAUGHT   row находка 5 (шаг 18): GRANT DELETE ON platform.external_identity_revocation TO repracer_retention (4 s)
   ✗ fails (own) verify 0076_verify_schema_invariants_v17.sql /role repracer_retention may delete sign-in links/ — psql:migrations/0076_verify_schema_invariants_v17.sql:570: ERROR: schema invariant violations: role repracer_retention may delete sign-in links; only the purge of a disabled user may (step 18 finding 5, OQ-153) КОНТЕКСТ: PL/pgSQL function inline_code_block line 543 at RAISE 
   ✗ fails (neighbour) verify 0076_verify_schema_invariants_v17.sql /security\.forbid_mutation does not refuse a DELETE/ — psql:migrations/0076_verify_schema_invariants_v17.sql:570: ERROR: schema invariant violations: role repracer_retention may delete sign-in links; only the purge of a disabled user may (step 18 finding 5, OQ-153) КОНТЕКСТ: PL/pgSQL function inline_code_block line 543 at RAISE 
   ✗ fails (own) smoke «retention role deletes sign-in revocations directly (step 18 finding 5)» — psql:tests/db/smoke_retention.sql:36: WARNING:  CHECK FAILED: retention role deletes sign-in revocations directly (step 18 finding 5) | EXPECTED FAILURE DID NOT HAPPEN
   ✓ green smoke «retention role deletes sign-in links directly (step 18 finding 5)»
CAUGHT   row находка 5 (шаг 18): GRANT DELETE ON platform.external_identity TO repracer_retention (4 s)
   ✗ fails (own) verify 0076_verify_schema_invariants_v17.sql /role repracer_retention may delete sign-in links/ — psql:migrations/0076_verify_schema_invariants_v17.sql:570: ERROR: schema invariant violations: role repracer_retention may delete sign-in links; only the purge of a disabled user may (step 18 finding 5, OQ-153) КОНТЕКСТ: PL/pgSQL function inline_code_block line 543 at RAISE 
   ✗ fails (neighbour) verify 0076_verify_schema_invariants_v17.sql /security\.forbid_mutation does not refuse a DELETE/ — psql:migrations/0076_verify_schema_invariants_v17.sql:570: ERROR: schema invariant violations: role repracer_retention may delete sign-in links; only the purge of a disabled user may (step 18 finding 5, OQ-153) КОНТЕКСТ: PL/pgSQL function inline_code_block line 543 at RAISE 
   ✓ green smoke «retention role deletes sign-in revocations directly (step 18 finding 5)»
   ✗ fails (own) smoke «retention role deletes sign-in links directly (step 18 finding 5)» — psql:tests/db/smoke_retention.sql:39: WARNING:  CHECK FAILED: retention role deletes sign-in links directly (step 18 finding 5) | EXPECTED FAILURE DID NOT HAPPEN
CAUGHT   row находка 7 (шаг 18): security.explanation_node_declared(jsonb,text,boolean): «IF jsonb_typeof(node) NOT IN ('object', 'array') T…» → «IF false THEN…» (3 s)
   ✗ fails (own) undercut-eternal.pg.test.ts «finding 15» [step 18 finding 7: a scalar among the sanity checks is refused as a declared-keys violation] без защиты: ^error: cannot call jsonb_each — step 18 finding 7: a scalar among the sanity checks is refused as a declared-keys violation + actual - expected + 'error: cannot call jsonb_each on a non-object' - false 'error: cannot call jsonb_each on a non-object' ; '1 subtest failed'
   ✗ fails (neighbour) undercut-eternal.pg.test.ts «finding 15» [step 18 finding 7: a scalar among the strategy steps is refused | step 18 finding 7: a scalar among the sanity checks is refused] без защиты: ^true$ — step 18 finding 7: a scalar among the sanity checks is refused as a declared-keys violation + actual - expected + 'error: cannot call jsonb_each on a non-object' - false 'error: cannot call jsonb_each on a non-object' ; '1 subtest failed'
CAUGHT   row находка 7 (шаг 18): security.explanation_node_declared(jsonb,text,boolean): «IF NOT security.explanation_node_declared(v, path …» → «IF jsonb_typeof(v) = 'object' …» (3 s)
   ✗ fails (neighbour) undercut-eternal.pg.test.ts «finding 15» [step 18 finding 7: a scalar among the sanity checks is refused as a declared-keys violation] без защиты: ^error: cannot call jsonb_each — step 18 finding 7: a scalar among the strategy steps is refused true !== false true ; step 18 finding 7: a scalar among the sanity checks is refused true !== false true ; '2 subtests failed'
   ✗ fails (own) undercut-eternal.pg.test.ts «finding 15» [step 18 finding 7: a scalar among the strategy steps is refused | step 18 finding 7: a scalar among the sanity checks is refused] без защиты: ^true$ — step 18 finding 7: a scalar among the strategy steps is refused true !== false true ; step 18 finding 7: a scalar among the sanity checks is refused true !== false true ; '2 subtests failed'
CAUGHT   row находка 5 (шаг 18): security.forbid_mutation(): «IF TG_OP = 'DELETE' AND current_user IN ('repracer…» → «IF TG_OP = 'DELETE' THEN…» (5 s)
   ✗ fails (neighbour) verify 0076_verify_schema_invariants_v17.sql /role repracer_retention may delete sign-in links/ — psql:migrations/0076_verify_schema_invariants_v17.sql:570: ERROR: schema invariant violations: behaviour check (Р-83, findings 4 and 15, Р-91): security.forbid_mutation does not refuse a DELETE (finding 4) КОНТЕКСТ: PL/pgSQL function inline_code_block line 543 at RAISE 
   ✗ fails (own) verify 0076_verify_schema_invariants_v17.sql /security\.forbid_mutation does not refuse a DELETE/ — psql:migrations/0076_verify_schema_invariants_v17.sql:570: ERROR: schema invariant violations: behaviour check (Р-83, findings 4 and 15, Р-91): security.forbid_mutation does not refuse a DELETE (finding 4) КОНТЕКСТ: PL/pgSQL function inline_code_block line 543 at RAISE 
   ✓ green smoke «retention role deletes sign-in revocations directly (step 18 finding 5)»
   ✓ green smoke «retention role deletes sign-in links directly (step 18 finding 5)»
CAUGHT   row Р-105: ALTER POLICY stock_quantity ON tenant_data.channel_write USING (tenant_id = security.current_tenant_id()) WITH (3 s)
   ✗ fails (neighbour) verify 0076_verify_schema_invariants_v17.sql /channel_write_history: policy stock_quantity of the stock role is not limited to the QUANTITY field/ — psql:migrations/0076_verify_schema_invariants_v17.sql:570: ERROR: schema invariant violations: tenant_data.channel_write: policy stock_quantity of the stock role is not limited to the QUANTITY field (Р-105) КОНТЕКСТ: PL/pgSQL function inline_code_block line 543 at RAISE 
   ✗ fails (own) verify 0076_verify_schema_invariants_v17.sql /channel_write: policy stock_quantity of the stock role is not limited to the QUANTITY field/ — psql:migrations/0076_verify_schema_invariants_v17.sql:570: ERROR: schema invariant violations: tenant_data.channel_write: policy stock_quantity of the stock role is not limited to the QUANTITY field (Р-105) КОНТЕКСТ: PL/pgSQL function inline_code_block line 543 at RAISE 
   ✗ fails (neighbour) verify 0076_verify_schema_invariants_v17.sql /write_scope: policy stock_quantity of the stock role is not limited to the QUANTITY field/ — psql:migrations/0076_verify_schema_invariants_v17.sql:570: ERROR: schema invariant violations: tenant_data.channel_write: policy stock_quantity of the stock role is not limited to the QUANTITY field (Р-105) КОНТЕКСТ: PL/pgSQL function inline_code_block line 543 at RAISE 
   ✗ fails (neighbour) verify 0076_verify_schema_invariants_v17.sql /tenant_data\.write_scope\.pricing_mode: UPDATE of the stock role is not in its allow list/ — psql:migrations/0076_verify_schema_invariants_v17.sql:570: ERROR: schema invariant violations: tenant_data.channel_write: policy stock_quantity of the stock role is not limited to the QUANTITY field (Р-105) КОНТЕКСТ: PL/pgSQL function inline_code_block line 543 at RAISE 
   ✗ fails (neighbour) verify 0076_verify_schema_invariants_v17.sql /write_submission: policy stock_quantity of the stock role is not limited to the QUANTITY field/ — psql:migrations/0076_verify_schema_invariants_v17.sql:570: ERROR: schema invariant violations: tenant_data.channel_write: policy stock_quantity of the stock role is not limited to the QUANTITY field (Р-105) КОНТЕКСТ: PL/pgSQL function inline_code_block line 543 at RAISE 
   ✓ green smoke «stock role writes price history of a channel write (Р-105)» — not reached (tests/db/smoke_stock.sql: ERROR:  the stock role sees price writes or does not see quantity writes (Р-105))
   ✗ fails (own) smoke «the stock role sees price writes or does not see quantity writes (Р-105)» — psql:tests/db/smoke_stock.sql:88: ERROR:  the stock role sees price writes or does not see quantity writes (Р-105)
CAUGHT   row Р-105: ALTER POLICY stock_quantity ON tenant_data.channel_write_history USING (tenant_id = security.current_tenant_id (3 s)
   ✗ fails (own) verify 0076_verify_schema_invariants_v17.sql /channel_write_history: policy stock_quantity of the stock role is not limited to the QUANTITY field/ — psql:migrations/0076_verify_schema_invariants_v17.sql:570: ERROR: schema invariant violations: tenant_data.channel_write_history: policy stock_quantity of the stock role is not limited to the QUANTITY field (Р-105) КОНТЕКСТ: PL/pgSQL function inline_code_block line 543 at RAISE 
   ✗ fails (neighbour) verify 0076_verify_schema_invariants_v17.sql /channel_write: policy stock_quantity of the stock role is not limited to the QUANTITY field/ — psql:migrations/0076_verify_schema_invariants_v17.sql:570: ERROR: schema invariant violations: tenant_data.channel_write_history: policy stock_quantity of the stock role is not limited to the QUANTITY field (Р-105) КОНТЕКСТ: PL/pgSQL function inline_code_block line 543 at RAISE 
   ✗ fails (neighbour) verify 0076_verify_schema_invariants_v17.sql /write_scope: policy stock_quantity of the stock role is not limited to the QUANTITY field/ — psql:migrations/0076_verify_schema_invariants_v17.sql:570: ERROR: schema invariant violations: tenant_data.channel_write_history: policy stock_quantity of the stock role is not limited to the QUANTITY field (Р-105) КОНТЕКСТ: PL/pgSQL function inline_code_block line 543 at RAISE 
   ✗ fails (neighbour) verify 0076_verify_schema_invariants_v17.sql /tenant_data\.write_scope\.pricing_mode: UPDATE of the stock role is not in its allow list/ — psql:migrations/0076_verify_schema_invariants_v17.sql:570: ERROR: schema invariant violations: tenant_data.channel_write_history: policy stock_quantity of the stock role is not limited to the QUANTITY field (Р-105) КОНТЕКСТ: PL/pgSQL function inline_code_block line 543 at RAISE 
   ✗ fails (neighbour) verify 0076_verify_schema_invariants_v17.sql /write_submission: policy stock_quantity of the stock role is not limited to the QUANTITY field/ — psql:migrations/0076_verify_schema_invariants_v17.sql:570: ERROR: schema invariant violations: tenant_data.channel_write_history: policy stock_quantity of the stock role is not limited to the QUANTITY field (Р-105) КОНТЕКСТ: PL/pgSQL function inline_code_block line 543 at RAISE 
   ✗ fails (own) smoke «stock role writes price history of a channel write (Р-105)» — psql:tests/db/smoke_stock.sql:94: WARNING:  CHECK FAILED: stock role writes price history of a channel write (Р-105) | EXPECTED FAILURE DID NOT HAPPEN
   ✓ green smoke «the stock role sees price writes or does not see quantity writes (Р-105)»
CAUGHT   row Р-105: ALTER POLICY stock_quantity ON tenant_data.write_scope USING (tenant_id = security.current_tenant_id()) (4 s)
   ✗ fails (neighbour) verify 0076_verify_schema_invariants_v17.sql /channel_write_history: policy stock_quantity of the stock role is not limited to the QUANTITY field/ — psql:migrations/0076_verify_schema_invariants_v17.sql:570: ERROR: schema invariant violations: tenant_data.write_scope: policy stock_quantity of the stock role is not limited to the QUANTITY field (Р-105) КОНТЕКСТ: PL/pgSQL function inline_code_block line 543 at RAISE 
   ✗ fails (neighbour) verify 0076_verify_schema_invariants_v17.sql /channel_write: policy stock_quantity of the stock role is not limited to the QUANTITY field/ — psql:migrations/0076_verify_schema_invariants_v17.sql:570: ERROR: schema invariant violations: tenant_data.write_scope: policy stock_quantity of the stock role is not limited to the QUANTITY field (Р-105) КОНТЕКСТ: PL/pgSQL function inline_code_block line 543 at RAISE 
   ✗ fails (own) verify 0076_verify_schema_invariants_v17.sql /write_scope: policy stock_quantity of the stock role is not limited to the QUANTITY field/ — psql:migrations/0076_verify_schema_invariants_v17.sql:570: ERROR: schema invariant violations: tenant_data.write_scope: policy stock_quantity of the stock role is not limited to the QUANTITY field (Р-105) КОНТЕКСТ: PL/pgSQL function inline_code_block line 543 at RAISE 
   ✗ fails (neighbour) verify 0076_verify_schema_invariants_v17.sql /tenant_data\.write_scope\.pricing_mode: UPDATE of the stock role is not in its allow list/ — psql:migrations/0076_verify_schema_invariants_v17.sql:570: ERROR: schema invariant violations: tenant_data.write_scope: policy stock_quantity of the stock role is not limited to the QUANTITY field (Р-105) КОНТЕКСТ: PL/pgSQL function inline_code_block line 543 at RAISE 
   ✗ fails (neighbour) verify 0076_verify_schema_invariants_v17.sql /write_submission: policy stock_quantity of the stock role is not limited to the QUANTITY field/ — psql:migrations/0076_verify_schema_invariants_v17.sql:570: ERROR: schema invariant violations: tenant_data.write_scope: policy stock_quantity of the stock role is not limited to the QUANTITY field (Р-105) КОНТЕКСТ: PL/pgSQL function inline_code_block line 543 at RAISE 
   ✓ green smoke «stock role writes price history of a channel write (Р-105)» — not reached (tests/db/smoke_stock.sql: ERROR:  the stock role sees price writes or does not see quantity writes (Р-105))
   ✗ fails (own) smoke «the stock role sees price writes or does not see quantity writes (Р-105)» — psql:tests/db/smoke_stock.sql:88: ERROR:  the stock role sees price writes or does not see quantity writes (Р-105)
CAUGHT   row Р-105: GRANT UPDATE (pricing_mode) ON tenant_data.write_scope TO repracer_stock (4 s)
   ✗ fails (neighbour) verify 0076_verify_schema_invariants_v17.sql /channel_write_history: policy stock_quantity of the stock role is not limited to the QUANTITY field/ — psql:migrations/0076_verify_schema_invariants_v17.sql:570: ERROR: schema invariant violations: tenant_data.write_scope.pricing_mode: UPDATE of the stock role is not in its allow list (Р-102, Р-105) КОНТЕКСТ: PL/pgSQL function inline_code_block line 543 at RAISE 
   ✗ fails (neighbour) verify 0076_verify_schema_invariants_v17.sql /channel_write: policy stock_quantity of the stock role is not limited to the QUANTITY field/ — psql:migrations/0076_verify_schema_invariants_v17.sql:570: ERROR: schema invariant violations: tenant_data.write_scope.pricing_mode: UPDATE of the stock role is not in its allow list (Р-102, Р-105) КОНТЕКСТ: PL/pgSQL function inline_code_block line 543 at RAISE 
   ✗ fails (neighbour) verify 0076_verify_schema_invariants_v17.sql /write_scope: policy stock_quantity of the stock role is not limited to the QUANTITY field/ — psql:migrations/0076_verify_schema_invariants_v17.sql:570: ERROR: schema invariant violations: tenant_data.write_scope.pricing_mode: UPDATE of the stock role is not in its allow list (Р-102, Р-105) КОНТЕКСТ: PL/pgSQL function inline_code_block line 543 at RAISE 
   ✗ fails (own) verify 0076_verify_schema_invariants_v17.sql /tenant_data\.write_scope\.pricing_mode: UPDATE of the stock role is not in its allow list/ — psql:migrations/0076_verify_schema_invariants_v17.sql:570: ERROR: schema invariant violations: tenant_data.write_scope.pricing_mode: UPDATE of the stock role is not in its allow list (Р-102, Р-105) КОНТЕКСТ: PL/pgSQL function inline_code_block line 543 at RAISE 
   ✗ fails (neighbour) verify 0076_verify_schema_invariants_v17.sql /write_submission: policy stock_quantity of the stock role is not limited to the QUANTITY field/ — psql:migrations/0076_verify_schema_invariants_v17.sql:570: ERROR: schema invariant violations: tenant_data.write_scope.pricing_mode: UPDATE of the stock role is not in its allow list (Р-102, Р-105) КОНТЕКСТ: PL/pgSQL function inline_code_block line 543 at RAISE 
   ✓ green smoke «stock role writes price history of a channel write (Р-105)»
   ✓ green smoke «the stock role sees price writes or does not see quantity writes (Р-105)»
CAUGHT   row шаг 19: атрибуты функций защит: ALTER FUNCTION security.audit_admin_write() SECURITY INVOKER (2 s)
   ✗ fails (own) verify 0076_verify_schema_invariants_v17.sql /security\.audit_admin_write\(\): owned by repracer_audit_writer but not SECURITY DEFINER/ — psql:migrations/0076_verify_schema_invariants_v17.sql:570: ERROR: schema invariant violations: security.audit_admin_write(): owned by repracer_audit_writer but not SECURITY DEFINER (step 19) КОНТЕКСТ: PL/pgSQL function inline_code_block line 543 at RAISE 
   ✓ green smoke «an administrative change is not in the audit log (Р-97)» — not reached (tests/db/smoke_app.sql: ERROR:  permission denied for table audit_event)
CAUGHT   row Р-105: ALTER POLICY stock_quantity ON channel_data.write_submission USING (tenant_id = security.current_tenant_id()) (4 s)
   ✗ fails (neighbour) verify 0076_verify_schema_invariants_v17.sql /channel_write_history: policy stock_quantity of the stock role is not limited to the QUANTITY field/ — psql:migrations/0076_verify_schema_invariants_v17.sql:570: ERROR: schema invariant violations: channel_data.write_submission: policy stock_quantity of the stock role is not limited to the QUANTITY field (Р-105) КОНТЕКСТ: PL/pgSQL function inline_code_block line 543 at RAISE 
   ✗ fails (neighbour) verify 0076_verify_schema_invariants_v17.sql /channel_write: policy stock_quantity of the stock role is not limited to the QUANTITY field/ — psql:migrations/0076_verify_schema_invariants_v17.sql:570: ERROR: schema invariant violations: channel_data.write_submission: policy stock_quantity of the stock role is not limited to the QUANTITY field (Р-105) КОНТЕКСТ: PL/pgSQL function inline_code_block line 543 at RAISE 
   ✗ fails (neighbour) verify 0076_verify_schema_invariants_v17.sql /write_scope: policy stock_quantity of the stock role is not limited to the QUANTITY field/ — psql:migrations/0076_verify_schema_invariants_v17.sql:570: ERROR: schema invariant violations: channel_data.write_submission: policy stock_quantity of the stock role is not limited to the QUANTITY field (Р-105) КОНТЕКСТ: PL/pgSQL function inline_code_block line 543 at RAISE 
   ✗ fails (neighbour) verify 0076_verify_schema_invariants_v17.sql /tenant_data\.write_scope\.pricing_mode: UPDATE of the stock role is not in its allow list/ — psql:migrations/0076_verify_schema_invariants_v17.sql:570: ERROR: schema invariant violations: channel_data.write_submission: policy stock_quantity of the stock role is not limited to the QUANTITY field (Р-105) КОНТЕКСТ: PL/pgSQL function inline_code_block line 543 at RAISE 
   ✗ fails (own) verify 0076_verify_schema_invariants_v17.sql /write_submission: policy stock_quantity of the stock role is not limited to the QUANTITY field/ — psql:migrations/0076_verify_schema_invariants_v17.sql:570: ERROR: schema invariant violations: channel_data.write_submission: policy stock_quantity of the stock role is not limited to the QUANTITY field (Р-105) КОНТЕКСТ: PL/pgSQL function inline_code_block line 543 at RAISE 
   ✓ green smoke «stock role writes price history of a channel write (Р-105)»
   ✓ green smoke «the stock role sees price writes or does not see quantity writes (Р-105)»
CAUGHT   row Р-109: tenant_data.migration_consent_item_guard(): «AND l.checked_at > lc.checked_at) THEN…» → «AND false) THEN…» (4 s)
   ✓ green smoke «consent to a listing whose preflight verdict is INELIGIBLE (Р-109)»
   ✓ green smoke «listing added to a consent without a preflight check (Р-101, Р-2)»
   ✗ fails (own) smoke «consent to a superseded preflight check (Р-109)» — psql:tests/db/smoke_admin.sql:329: WARNING:  CHECK FAILED: consent to a superseded preflight check (Р-109) | EXPECTED FAILURE DID NOT HAPPEN
   ✓ green smoke «consent to a preflight check older than 24 hours (Р-109)»
   ✓ green smoke «consent acknowledging other losses than the preflight check found (Р-109)»
   ✓ green smoke «preflight LOSS finding without the name of the loss (Р-109)»
CAUGHT   row Р-109: tenant_data.migration_consent_item_guard(): «IF lc.checked_at < now() - interval '24 hours' THE…» → «IF false THEN…» (4 s)
   ✓ green smoke «consent to a listing whose preflight verdict is INELIGIBLE (Р-109)»
   ✓ green smoke «listing added to a consent without a preflight check (Р-101, Р-2)»
   ✓ green smoke «consent to a superseded preflight check (Р-109)»
   ✗ fails (own) smoke «consent to a preflight check older than 24 hours (Р-109)» — psql:tests/db/smoke_admin.sql:333: WARNING:  CHECK FAILED: consent to a preflight check older than 24 hours (Р-109) | EXPECTED FAILURE DID NOT HAPPEN
   ✓ green smoke «consent acknowledging other losses than the preflight check found (Р-109)»
   ✓ green smoke «preflight LOSS finding without the name of the loss (Р-109)»
CAUGHT   row Р-109: tenant_data.migration_consent_item_guard(): «IF lc.verdict IS NULL OR lc.verdict IS DISTINCT FR…» → «IF false THEN…» (4 s)
   ✗ fails (own) smoke «consent to a listing whose preflight verdict is INELIGIBLE (Р-109)» — psql:tests/db/smoke_admin.sql:325: WARNING:  CHECK FAILED: consent to a listing whose preflight verdict is INELIGIBLE (Р-109) | EXPECTED FAILURE DID NOT HAPPEN
   ✗ fails (own) smoke «listing added to a consent without a preflight check (Р-101, Р-2)» — psql:tests/db/smoke_admin.sql:272: WARNING:  CHECK FAILED: listing added to a consent without a preflight check (Р-101, Р-2) | EXPECTED FAILURE DID NOT HAPPEN
   ✓ green smoke «consent to a superseded preflight check (Р-109)»
   ✓ green smoke «consent to a preflight check older than 24 hours (Р-109)»
   ✓ green smoke «consent acknowledging other losses than the preflight check found (Р-109)»
   ✓ green smoke «preflight LOSS finding without the name of the loss (Р-109)»
CAUGHT   row Р-109: ALTER TABLE channel_data.listing_migration_check DROP CONSTRAINT listing_migration_check_findings_shape (3 s)
   ✓ green smoke «consent to a listing whose preflight verdict is INELIGIBLE (Р-109)»
   ✓ green smoke «listing added to a consent without a preflight check (Р-101, Р-2)»
   ✓ green smoke «consent to a superseded preflight check (Р-109)»
   ✓ green smoke «consent to a preflight check older than 24 hours (Р-109)»
   ✓ green smoke «consent acknowledging other losses than the preflight check found (Р-109)»
   ✗ fails (own) smoke «preflight LOSS finding without the name of the loss (Р-109)» — psql:tests/db/smoke_admin.sql:344: WARNING:  CHECK FAILED: preflight LOSS finding without the name of the loss (Р-109) | EXPECTED FAILURE DID NOT HAPPEN
CAUGHT   row Р-109: tenant_data.migration_consent_item_guard(): «IF losses IS DISTINCT FROM (SELECT…» → «IF false AND losses IS DISTINC…» (3 s)
   ✓ green smoke «consent to a listing whose preflight verdict is INELIGIBLE (Р-109)»
   ✓ green smoke «listing added to a consent without a preflight check (Р-101, Р-2)»
   ✓ green smoke «consent to a superseded preflight check (Р-109)»
   ✓ green smoke «consent to a preflight check older than 24 hours (Р-109)»
   ✗ fails (own) smoke «consent acknowledging other losses than the preflight check found (Р-109)» — psql:tests/db/smoke_admin.sql:337: WARNING:  CHECK FAILED: consent acknowledging other losses than the preflight check found (Р-109) | EXPECTED FAILURE DID NOT HAPPEN
   ✓ green smoke «preflight LOSS finding without the name of the loss (Р-109)»

| Строка | Инвариант | Мутация | Поймана своей проверкой | Свои проверки мутации |
|---|---|---|---|---|
| 12 | Р-43, Р-44: потолок при создании и отправке записи | `DROP TRIGGER ba_channel_write_ceiling_insert ON tenant_data.channel_write` | да | ✗ smoke «write created above lowered max_price (Р-44, check 2)» |
| 12 | Р-43, Р-44: потолок при создании и отправке записи | `DROP TRIGGER ba_channel_write_ceiling_dispatch ON tenant_data.channel_write` | да | ✗ smoke «dispatch above lowered max_price (Р-44, check 3)» |
| 13 | Р-44: без округления до границы, причина отказа обязательна | `ALTER TABLE channel_data.price_decision DROP CONSTRAINT price_decision_no_bound_clamp` | да | ✗ smoke «clamp to floor instead of rejection (Р-44)» |
| 13 | Р-44: без округления до границы, причина отказа обязательна | `ALTER TABLE channel_data.price_decision DROP CONSTRAINT price_decision_rejection_reason_iff` | да | ✗ smoke «REJECTED without a reason» |
| 14 | Р-43: потолок не в guardrail | `ALTER TABLE tenant_data.guardrail DROP CONSTRAINT guardrail_ceiling_moved_to_max_price` | да | ✗ smoke «guardrail carrying a ceiling (moved to max_price, Р-43)» |
| 16 | Р-52: снятие остановки только с записью журнала | `DROP TRIGGER c_pricing_halt_release_journal ON channel_data.pricing_halt` | да | ✗ smoke «manual release without a journal record (Р-52)» |
| 17 | Р-51: признак цены по конкурентам копируется в решение | `DROP TRIGGER aa_price_decision_copy_derivation ON channel_data.price_decision` | да | ✗ smoke «competitor_derived is not derived from rule_code» |
| 18 | Р-57: валюты EUR и USD | `ALTER TABLE tenant_data.write_scope DROP CONSTRAINT write_scope_supported_currency` | да | ✗ smoke «currency outside EUR and USD» |
| 19 | Р-58: налоговый режим единицы записи цены | `ALTER TABLE tenant_data.write_scope DROP CONSTRAINT write_scope_tax_regime_for_price` | да | ✓ smoke «net price basis with VAT regime (Р-58)»<br>✗ smoke «price write scope without tax regime (Р-58)» |
| 20, 21 | OQ-98: отказ хранит параметры причины | `ALTER TABLE channel_data.price_decision DROP CONSTRAINT price_decision_rejection_explained` | да | ✗ smoke «rejection without its reason parameters (OQ-98)»<br>✓ store.pg.test.ts «OQ-93, OQ-94, OQ-98» [OQ-98: a rejection without its reason parameters is refused] без защиты: resolved |
| 22 | Р-64: завершение записи — с причиной; ждущая запись объявляется событием | `ALTER TABLE tenant_data.channel_write_history DROP CONSTRAINT channel_write_history_end_explained` | да | ✗ smoke «write discarded without a reason (Р-64)»<br>✗ smoke «write history ended without a reason (Р-64)» |
| 22 | Р-64: завершение записи — с причиной; ждущая запись объявляется событием | `DROP TRIGGER zz_channel_write_announce_dispatch ON tenant_data.channel_write` | да | ✗ write-queue.pg.test.ts «control — without the dispatcher» [a PENDING write has no scope.write.v1 event: nobody would ever learn about it] без защиты: ^[1-9][0-9]*$ |
| 23 | Р-61: курс ЕЦБ неизменяем; курс — в решении с переводом себестоимости | `DROP TRIGGER zz_fx_rate_immutable ON platform.fx_rate` | да | ✗ smoke «ECB rate is immutable (Р-61)» |
| 23 | Р-61: курс ЕЦБ неизменяем; курс — в решении с переводом себестоимости | `DROP TRIGGER aa_price_decision_fx_recorded ON channel_data.price_decision` | да | ✗ fx-day-boundary.pg.test.ts «Р-61 in the database» [Р-61: a decision on a converted cost without its exchange rate is refused] без защиты: resolved |
| 23 | Р-61: курс ЕЦБ неизменяем; курс — в решении с переводом себестоимости | `ALTER TABLE channel_data.price_decision DROP CONSTRAINT price_decision_fx_shape` | да | ✗ smoke «decision exchange rate without its fields (Р-61)» |
| 24, 26 | Р-62, Р-65: граница суток — пояс витрины | `ALTER TABLE platform.marketplace DROP CONSTRAINT marketplace_time_zone_known_if_confirmed` | да | ✗ smoke «US storefront confirmed without a time zone» |
| 24, 26 | Р-62, Р-65: граница суток — пояс витрины | `DROP TRIGGER aa_channel_write_budget_day_tz ON tenant_data.channel_write` | да | ✗ smoke «budgeted write while the storefront day boundary is unconfirmed (Р-65)»<br>✗ smoke «budget day is not the current storefront day (Р-65)» |
| 24, 26 | Р-62, Р-65: граница суток — пояс витрины | `DROP TRIGGER aa_price_daily_day_tz ON tenant_data.price_daily` | да | ✗ fx-day-boundary.pg.test.ts «Р-65: a US storefront» [Р-65: a price day of a US storefront is not closed in Europe/Berlin \| Р-65: a price day of a US storefront is not closed in America/Los_Angeles] без защиты: resolved |
| 25 | Р-60: тенант в базе своего региона | `DROP TRIGGER tenant_region_guard ON tenant_data.tenant` | да | ✗ smoke «tenant in wrong region DB (Р-60)» |
| 27 | Р-69, Р-70: остановки человеком и системные | `ALTER TABLE channel_data.pricing_halt DROP CONSTRAINT pricing_halt_system_only` | да | ✗ step12.pg.test.ts «Р-69: a system halt is only for broken channel data» [Р-69: a person cannot create a system halt] без защиты: resolved |
| 27 | Р-69, Р-70: остановки человеком и системные | `DROP TRIGGER aa_price_stop_role_guard ON tenant_data.price_stop` | да | ✗ step12.pg.test.ts «Р-69, Р-70, OQ-125 in the database» [OQ-129: a viewer does not stop pricing \| OQ-125: an operator does not resume a tenant stop] без защиты: ^(STOPPED\|RELEASED)$ |
| 27 | Р-69, Р-70: остановки человеком и системные | `DROP TRIGGER ab_price_decision_stop_guard ON channel_data.price_decision` | да | ✗ smoke «approval while the tenant is stopped by a person (Р-69)» |
| 27 | Р-69, Р-70: остановки человеком и системные | `DROP TRIGGER bb_channel_write_stop_guard ON tenant_data.channel_write` | да | ✗ smoke «dispatch while the tenant is stopped by a person (Р-69)» |
| 27 | Р-69, Р-70: остановки человеком и системные | `DROP TRIGGER ca_pricing_halt_release_role_guard ON channel_data.pricing_halt` | да | ✗ smoke «manual halt release without a second factor (finding 12, Р-88)» |
| 28, 32, 39, 40 | Р-68, Р-74, Р-80: слепок по классам, код причины NO_OP, столбцы intent в решении, NO_OP без ссылки на снимок | `ALTER TABLE channel_data.price_decision DROP CONSTRAINT price_decision_explanation_by_class` | да | ✗ smoke «NO_OP decision with an explanation (Р-74)» |
| 28, 32, 39, 40 | Р-68, Р-74, Р-80: слепок по классам, код причины NO_OP, столбцы intent в решении, NO_OP без ссылки на снимок | `ALTER TABLE channel_data.price_decision DROP CONSTRAINT price_decision_no_change_reason_code` | да | ✗ smoke «NO_OP decision with an unknown no-change reason (Р-74)» |
| 28, 32, 39, 40 | Р-68, Р-74, Р-80: слепок по классам, код причины NO_OP, столбцы intent в решении, NO_OP без ссылки на снимок | `DROP TRIGGER a0_price_decision_intent_columns ON channel_data.price_decision` | да | ✗ smoke «decision intent columns are taken from the client, not from the intent (Р-80)» |
| 28, 32, 39, 40 | Р-68, Р-74, Р-80: слепок по классам, код причины NO_OP, столбцы intent в решении, NO_OP без ссылки на снимок | `DROP TRIGGER a_price_decision_snapshot_ref_guard ON channel_data.price_decision_snapshot_ref` | да | ✗ step14.pg.test.ts «finding 10, Р-80» [finding 10: a snapshot reference of a NO_OP decision is refused] без защиты: "command":"INSERT" |
| 29 | Р-71: сумма с валютой | `ALTER TABLE channel_data.price_decision DROP CONSTRAINT price_decision_amounts_have_currency` | да | ✗ smoke «rejection parameters with an amount without its currency (Р-71)» |
| 29 | Р-71: сумма с валютой | `ALTER TABLE tenant_data.channel_write DROP CONSTRAINT channel_write_end_params_currency` | да | ✗ smoke «write ended with an amount without its currency (Р-71)» |
| 29 | Р-71: сумма с валютой | `ALTER TABLE channel_data.rejected_competitor_snapshot DROP CONSTRAINT rejected_competitor_snapshot_details_cur` | да | ✗ smoke «rejected snapshot details: an amount without its currency (Р-71)» |
| 30 | Р-73: «опасное» согласовано с отклонением | `ALTER TABLE tenant_data.price_intent_core DROP CONSTRAINT price_intent_core_dangerous_consistent` | да | ✗ smoke «eternal core: dangerous flag against the deviation (Р-73)» |
| 31, 37, 38 | OQ-125, OQ-129, находка 4: матрица прав остановок, автор — пользователь сессии | `CREATE OR REPLACE FUNCTION security.pricing_permission(p_role text, p_action text) RETURNS boolean LANGUAGE sq` | да | ✗ step14.pg.test.ts «finding 2» [/[A-Z_]+ × [A-Z_]+/] без защиты: ^true$ |
| 31, 37, 38 | OQ-125, OQ-129, находка 4: матрица прав остановок, автор — пользователь сессии | `tenant_data.price_stop_role_guard(): «IF security.current_user_id() IS NULL OR u IS DIST…» → «IF false THEN…»` | да | ✗ step14.pg.test.ts «finding 4» [finding 4: a stop is not written in the name of another membership] без защиты: ^STOPPED$ |
| 33 | Р-75: справочник объяснения неизменяем | `DROP TRIGGER explanation_ruleset_immutable ON platform.explanation_ruleset` | да | ✗ smoke «explanation ruleset is immutable (Р-75)» |
| 34 | Р-76: остановки и снятия — в журнале аудита | `DROP TRIGGER zb_price_stop_audit ON tenant_data.price_stop` | да | ✗ role-separation.pg.test.ts «the audit log is still written» [Р-76: the stop is written to the audit log by the trigger with the session user as author] без защиты: \+ \[\] |
| 34 | Р-76: остановки и снятия — в журнале аудита | `DROP TRIGGER zb_pricing_halt_audit ON channel_data.pricing_halt` | да | ✗ smoke «the system halt is not in the audit log» |
| 34 | Р-76: остановки и снятия — в журнале аудита | `DROP TRIGGER zb_pricing_halt_review_audit ON channel_data.pricing_halt_review` | да | ✗ smoke «the manual release is not in the audit log with its author» |
| 35 | Р-77: движок без стратегии не включается | `ALTER TABLE tenant_data.write_scope DROP CONSTRAINT write_scope_engine_has_strategy` | да | ✗ smoke «ENGINE without a strategy (Р-77)» |
| 41 | Р-79: подтверждённый архив ядра — со справочниками | `ALTER TABLE maintenance.partition_export DROP CONSTRAINT partition_export_core_archive_self_contained` | да | ✗ step14.pg.test.ts «Р-79» [Р-79: a verified archive of the core without the explanation dictionary is refused] без защиты: "command":"INSERT" |
| 42 | Р-83: пол с полом маржи перед каждой отправкой | `tenant_data.channel_write_before_update(): «NEW.floor_at_dispatch_minor := tenant_data.assert_…» → «NEW.floor_at_dispatch_minor :=…»` | да | ✗ verify 0076_verify_schema_invariants_v17.sql /below the recomputed margin floor was dispatched/<br>✗ write-recheck.pg.test.ts «the unit cost rose between decision and dispatch» [/cost: the write reached the channel: .*/] без защиты: ^false$ |
| 43 | Р-85, Р-91, находка 15: из вечного ядра не выводится значение канала | `ALTER TABLE tenant_data.price_intent_core DROP CONSTRAINT price_intent_core_competitor_rejection_not_kept` | да | ✗ smoke «eternal core: a competitor-derived rejection keeps its proposed price (Р-85)» |
| 43 | Р-85, Р-91, находка 15: из вечного ядра не выводится значение канала | `ALTER TABLE tenant_data.price_intent_core DROP CONSTRAINT price_intent_core_explanation_keys_declared` | да | ✗ verify 0076_verify_schema_invariants_v17.sql /undeclared reason parameter was stored/<br>✗ smoke «eternal core: an undeclared reason parameter in the explanation (finding 15)»<br>✗ smoke «decision explanation with an undeclared reason parameter (finding 15)» |
| 44 | Находки 1–3, Р-88: журнал проверок, автоматическое снятие, второй фактор | `DROP TRIGGER a_pricing_halt_review_guard ON channel_data.pricing_halt_review` | да | ✗ smoke «automatic review recorded in a user session (finding 3)» |
| 44 | Находки 1–3, Р-88: журнал проверок, автоматическое снятие, второй фактор | `DROP TRIGGER zc_pricing_halt_review_released_in_tx ON channel_data.pricing_halt_review` | да | ✗ audit-guards.pg.test.ts «finding 1» [a release record without the release fails at commit] без защиты: ^accepted$ |
| 44 | Находки 1–3, Р-88: журнал проверок, автоматическое снятие, второй фактор | `tenant_data.price_stop_role_guard(): «AND NOT security.session_mfa() THEN…» → «AND false THEN…»` | да | ✗ audit-guards.pg.test.ts «Р-88: releasing the tenant stop needs a second factor» [Р-88: the tenant stop is not released without a second factor] без защиты: ^RELEASED$ |
| 45 | C2: день бюджета при повторе — текущий день витрины | `DROP TRIGGER ab_channel_write_budget_day_retry ON tenant_data.channel_write` | да | ✗ smoke «retry after midnight is charged to today, whose budget is exhausted (C2, Р-19)»<br>✗ smoke «retry while the storefront day boundary is unconfirmed (C2, Р-65)» |
| Р-96 | путь решения — только вычисление и запись цены | `GRANT INSERT ON tenant_data.migration_consent TO repracer_app` | да | ✗ verify 0076_verify_schema_invariants_v17.sql /tenant_data\.migration_consent: INSERT of the decision path does not match the allow list/<br>✗ другая причина smoke «path creates an eBay migration consent (Р-96, Р-2)» |
| Р-96 | путь решения — только вычисление и запись цены | `GRANT UPDATE ON tenant_data.tenant TO repracer_app` | да | ✗ verify 0076_verify_schema_invariants_v17.sql /tenant_data\.tenant: UPDATE of the decision path does not match the allow list/<br>✗ smoke «path opts the tenant into Kaufland Smart Pricing (Р-96, Р-12, Р-41)» |
| Р-96 | путь решения — только вычисление и запись цены | `GRANT INSERT ON tenant_data.min_price TO repracer_app` | да | ✗ verify 0076_verify_schema_invariants_v17.sql /tenant_data\.min_price: INSERT of the decision path does not match the allow list/<br>✗ другая причина smoke «path lowers min_price (Р-96, Р-5)» |
| Р-96 | путь решения — только вычисление и запись цены | `GRANT INSERT ON tenant_data.cost_profile TO repracer_app` | да | ✗ verify 0076_verify_schema_invariants_v17.sql /tenant_data\.cost_profile: INSERT of the decision path does not match the allow list/<br>✗ другая причина smoke «path changes the unit cost (Р-96, Р-83)» |
| Р-96 | путь решения — только вычисление и запись цены | `GRANT UPDATE ON channel_data.pricing_halt TO repracer_app` | да | ✗ verify 0076_verify_schema_invariants_v17.sql /channel_data\.pricing_halt: UPDATE of the decision path does not match the allow list/<br>✗ smoke «path schedules the review of a halt (finding 2 ревью шага 16)» |
| Р-96 | путь решения — только вычисление и запись цены | `GRANT INSERT ON channel_data.pricing_halt_review TO repracer_app` | да | ✗ verify 0076_verify_schema_invariants_v17.sql /channel_data\.pricing_halt_review: INSERT of the decision path does not match the allow list/<br>✗ smoke «path writes an automatic halt review (finding 2 ревью шага 16)» |
| Р-96 | путь решения — только вычисление и запись цены | `GRANT INSERT ON audit.audit_event TO repracer_app` | да | ✗ verify 0076_verify_schema_invariants_v17.sql /audit\.audit_event: INSERT of the decision path does not match the allow list/<br>✗ smoke «path forges an audit event (finding 5, Р-90)» |
| Р-96 | путь решения — только вычисление и запись цены | `GRANT EXECUTE ON FUNCTION security.invite_member(uuid, text, text, bytea, interval) TO repracer_app` | да | ✗ verify 0076_verify_schema_invariants_v17.sql /security\.invite_member.*SECURITY DEFINER function executable by the decision path/<br>✗ другая причина smoke «path invites a member (Р-90)» |
| Р-96 | путь решения — только вычисление и запись цены | `CREATE OR REPLACE FUNCTION tenant_data.lock_decision_products(p_tenant_id uuid, p_write_scope_ids uuid[]) RETU` | да | ✗ store.pg.test.ts «Р-54: a concurrent bound change serialises» [decision commit must wait for the bound change] без защиты: ^true$ |
| находка 2 | автоматическое снятие — итог базы по выборке, не запись пути решения | `channel_data.review_halt_by_sample(uuid,uuid,timestamptz): «IF failed > 0 THEN…» → «IF false THEN…»` | да | ✗ audit-guards.pg.test.ts «finding 3» [SAMPLE_FAILED: one failed observation fails the review] без защиты: ^RELEASED$ |
| находка 2 | автоматическое снятие — итог базы по выборке, не запись пути решения | `channel_data.review_halt_by_sample(uuid,uuid,timestamptz): «IF accepted < required THEN…» → «IF false THEN…»` | да | ✗ audit-guards.pg.test.ts «finding 3» [NO_SAMPLE: fewer accepted products than the sample requires] без защиты: ^RELEASED$ |
| находка 2 | автоматическое снятие — итог базы по выборке, не запись пути решения | `channel_data.review_halt_by_sample(uuid,uuid,timestamptz): «sm.recorded_at >= h.next_review_at AND …» → «…»` | да | ✗ audit-guards.pg.test.ts «finding 3» [NO_SAMPLE: an observation recorded before the review window elapsed does not count] без защиты: ^RELEASED$ |
| находка 2 | автоматическое снятие — итог базы по выборке, не запись пути решения | `channel_data.review_halt_by_sample(uuid,uuid,timestamptz): «v_at      timestamptz := least(p_at, now());…» → «v_at      timestamptz := p_at;…»` | да | ✗ audit-guards.pg.test.ts «finding 3» [finding 3: the next review is scheduled from the database clock, not from a moment in the future] без защиты: ^false$ |
| находка 2 | автоматическое снятие — итог базы по выборке, не запись пути решения | `channel_data.review_halt_by_sample(uuid,uuid,timestamptz): «AND sm.observed_at <= v_at;…» → «;…»` | да | ✗ audit-guards.pg.test.ts «finding 3» [NO_SAMPLE: an observation after the review moment does not count] без защиты: ^RELEASED$ |
| находка 2 | автоматическое снятие — итог базы по выборке, не запись пути решения | `channel_data.review_halt_by_sample(uuid,uuid,timestamptz): «AND om.channel_product_ref = sm.channel_product_re…» → «))…»` | да | ✗ audit-guards.pg.test.ts «finding 3» [NO_SAMPLE: a stale observation and a product outside the storefront do not count] без защиты: ^RELEASED$ |
| находка 2 | автоматическое снятие — итог базы по выборке, не запись пути решения | `channel_data.review_halt_by_sample(uuid,uuid,timestamptz): «IF p_tenant_id IS DISTINCT FROM security.current_t…» → «IF false THEN…»` | да | ✗ audit-guards.pg.test.ts «finding 3» [the review of a halt runs only in the context of its own tenant] без защиты: ^accepted$ |
| находка 4 | неизменяемость проверяется попыткой изменения | `ALTER TABLE tenant_data.min_price DISABLE TRIGGER zz_append_only` | да | ✗ smoke «append-only tenant_data.min_price» |
| находка 4 | неизменяемость проверяется попыткой изменения | `ALTER TABLE channel_data.price_decision DISABLE TRIGGER zz_append_only` | да | ✗ smoke «append-only channel_data.price_decision» |
| находка 4 | неизменяемость проверяется попыткой изменения | `ALTER TABLE channel_data.price_intent DISABLE TRIGGER zz_append_only` | да | ✗ smoke «append-only channel_data.price_intent» |
| находка 4 | неизменяемость проверяется попыткой изменения | `ALTER TABLE tenant_data.pricing_strategy DISABLE TRIGGER zz_append_only` | да | ✗ smoke «append-only tenant_data.pricing_strategy» |
| находка 4 | неизменяемость проверяется попыткой изменения | `CREATE OR REPLACE FUNCTION security.forbid_mutation() RETURNS trigger LANGUAGE plpgsql AS $$ BEGIN RETURN coal` | да | ✗ verify 0076_verify_schema_invariants_v17.sql /forbid_mutation does not refuse an UPDATE/<br>✗ smoke «append-only tenant_data.min_price» |
| Р-97 | административная запись — только по действию человека и вся в аудите | `DROP TRIGGER a0_admin_write_person_insert ON tenant_data.product` | да | ✗ verify 0076_verify_schema_invariants_v17.sql /tenant_data\.product: administrative INSERT without the person guard/<br>✗ другая причина smoke «administrative change without a person (Р-97)» |
| Р-97 | административная запись — только по действию человека и вся в аудите | `DROP TRIGGER zz_admin_write_audit_insert ON tenant_data.product` | да | ✗ verify 0076_verify_schema_invariants_v17.sql /tenant_data\.product: administrative INSERT is not written to the audit log/<br>✗ smoke «an administrative change is not in the audit log (Р-97)» |
| Р-97 | административная запись — только по действию человека и вся в аудите | `DROP TRIGGER a0_admin_write_person_insert ON channel_data.pricing_halt_review` | да | ✗ smoke «the administrative service records an automatic review without a person (Р-97)» |
| Р-97 | административная запись — только по действию человека и вся в аудите | `ALTER TABLE audit.audit_event DROP CONSTRAINT audit_event_check1` | да | ✗ smoke «administrative change by a user outside the tenant (Р-97)»<br>✗ smoke «administrative change in the platform tenant (step 17 finding 9)» |
| Р-97 | административная запись — только по действию человека и вся в аудите | `security.audit_admin_write(): «IF NOT security.admin_session() THEN…» → «IF true THEN…»` | да | ✗ smoke «an administrative change is not in the audit log (Р-97)» |
| Р-97 | административная запись — только по действию человека и вся в аудите | `security.admin_session(): «pg_has_role(session_user, 'repracer_admin', 'MEMBE…» → «false…»` | да | ✗ smoke «administrative change without a person (Р-97)» |
| находка 5 | создание тенанта не присоединяет существующего пользователя мимо приглашения | `security.provision_tenant(uuid,text,text,jsonb): «IF m ->> 'role' IS DISTINCT FROM 'OWNER' THEN…» → «IF false THEN…»` | да | ✗ smoke «existing user attached as a member without an invitation (step 16 finding 5)» |
| находка 5 | создание тенанта не присоединяет существующего пользователя мимо приглашения | `security.provision_tenant(uuid,text,text,jsonb): «IF lower(trim(m ->> 'email')) IS DISTINCT FROM exi…» → «IF false THEN…»` | да | ✗ smoke «existing user provisioned as owner under another email (step 16 finding 5)» |
| находка 5 | создание тенанта не присоединяет существующего пользователя мимо приглашения | `security.provision_tenant(uuid,text,text,jsonb): «IF NOT EXISTS (SELECT 1 FROM platform.external_ide…» → «IF false AND NOT EXISTS (SELEC…»` | да | ✗ smoke «existing user who never signed in provisioned as owner (step 16 finding 5)» |
| Р-98 | перепривязка входа — только приглашением владельца, прежний вход отозван | `security.accept_identity_invitation(bytea,text,text,text,boolean): «IF NOT inv.relink THEN…» → «IF false THEN…»` | да | ✗ identity.pg.test.ts «Р-98» [an ordinary invitation does not relink] без защиты: resolved |
| Р-98 | перепривязка входа — только приглашением владельца, прежний вход отозван | `security.accept_identity_invitation(bytea,text,text,text,boolean): «IF EXISTS (SELECT 1 FROM platform.external_identit…» → «IF false THEN…»` | да | ✗ identity.pg.test.ts «Р-98» [the revoked sign-in accepts nothing] без защиты: resolved |
| Р-98 | перепривязка входа — только приглашением владельца, прежний вход отозван | `security.invite_relink(uuid,uuid,bytea,interval): «IF NOT security.session_mfa() THEN…» → «IF false THEN…»` | да | ✗ identity.pg.test.ts «Р-98» [Р-98: a relink invitation without a second factor] без защиты: resolved |
| Р-98 | перепривязка входа — только приглашением владельца, прежний вход отозван | `security.invite_relink(uuid,uuid,bytea,interval): «AND m.status = 'ACTIVE' AND m.role = 'OWNER') THEN…» → «AND m.status = 'ACTIVE') THEN…»` | да | ✗ identity.pg.test.ts «Р-98» [Р-98: only an active owner relinks] без защиты: resolved |
| Р-98 | перепривязка входа — только приглашением владельца, прежний вход отозван | `security.invite_relink(uuid,uuid,bytea,interval): «IF NOT EXISTS (SELECT 1 FROM tenant_data.membershi…» → «IF false THEN…»` | да | ✗ identity.pg.test.ts «Р-98» [Р-98: a relink is issued only to a member of the tenant] без защиты: resolved |
| Р-98 | перепривязка входа — только приглашением владельца, прежний вход отозван | `DROP TRIGGER a_external_identity_one_active ON platform.external_identity` | да | ✗ identity.pg.test.ts «step 17 finding 3» [Р-98: the second acceptance waits for the first \| /Р-98: two active sign-ins of one provider for one user: ([0-9a-f-]{36})/] без защиты: ^(true\|[0-9a-f-]{36})$ |
| Р-98 | перепривязка входа — только приглашением владельца, прежний вход отозван | `platform.external_identity_one_active(): «PERFORM pg_advisory_xact_lock(hashtextextended('pl…» → «…»` | да | ✗ identity.pg.test.ts «step 17 finding 3» [Р-98: the second acceptance waits for the first] без защиты: ^true$ |
| Р-98 | перепривязка входа — только приглашением владельца, прежний вход отозван | `security.resolve_external_identity(text,text): «AND NOT EXISTS (SELECT 1 FROM platform.external_id…» → «…»` | да | ✗ identity.pg.test.ts «Р-98» [the revoked sign-in resolves nobody] без защиты: userId |
| Р-98 | перепривязка входа — только приглашением владельца, прежний вход отозван | `DROP TRIGGER zz_identity_relinked_audit ON platform.identity_invitation` | да | ✗ identity.pg.test.ts «Р-98» [Р-98: the invitation and the relink are audited] без защиты: ^(?!.*identity\.relinked\b) |
| Р-98 | перепривязка входа — только приглашением владельца, прежний вход отозван | `DROP TRIGGER zz_identity_relink_invited_audit ON platform.identity_invitation` | да | ✗ identity.pg.test.ts «Р-98» [Р-98: the invitation and the relink are audited] без защиты: ^(?!.*identity\.relink_invited) |
| OQ-151 | подрез закреплённой версии стратегии не начинает срок хранения | `channel_data.pricing_strategy_undercut_guard(): «IF EXISTS (SELECT 1 FROM tenant_data.write_scope s…» → «IF false AND EXISTS (SELECT 1 …»` | да | ✗ undercut-eternal.pg.test.ts «Р-91: the strategy version keeps its type» [OQ-151: the undercut of a pinned version does not start expiring] без защиты: ^accepted$ |
| OQ-151 | подрез закреплённой версии стратегии не начинает срок хранения | `DROP TRIGGER b_write_scope_pins_live_strategy_version ON tenant_data.write_scope` | да | ✗ undercut-eternal.pg.test.ts «Р-91: the strategy version keeps its type» [OQ-151: a scope is not pinned back to a version whose undercut expires] без защиты: ^accepted$ |
| OQ-151 | подрез закреплённой версии стратегии не начинает срок хранения | `DROP TRIGGER zb_write_scope_release_strategy_version ON tenant_data.write_scope` | да | ✗ undercut-eternal.pg.test.ts «Р-91: the strategy version keeps its type» [the released version starts its 18 months] без защиты: 0: version: 1 superseded: false |
| OQ-151 | подрез закреплённой версии стратегии не начинает срок хранения | `tenant_data.pricing_strategy_supersede_undercut(): «AND s.status <> 'RETIRED')…» → «AND false)…»` | да | ✗ undercut-eternal.pg.test.ts «Р-91: the strategy version keeps its type» [OQ-151: a new version is created while the old one is still pinned] без защиты: still pinned by a write scope |
| находка 6 | слепок проверяется по видам и значениям параметров, а не только по именам ключей | `security.param_value_valid(jsonb,jsonb): «RETURN t = 'number' AND v::text ~ '^-?[0-9]+$';…» → «RETURN t = 'number';…»` | да | ✗ undercut-eternal.pg.test.ts «finding 15» [an amount that is not minor units] без защиты: ^true$ |
| находка 6 | слепок проверяется по видам и значениям параметров, а не только по именам ключей | `security.param_value_valid(jsonb,jsonb): «RETURN t = 'string' AND s IN ('EUR', 'USD');…» → «RETURN t = 'string';…»` | да | ✗ undercut-eternal.pg.test.ts «finding 15» [a currency that is not an ISO code \| a currency outside EUR and USD] без защиты: ^true$ |
| находка 6 | слепок проверяется по видам и значениям параметров, а не только по именам ключей | `security.param_value_valid(jsonb,jsonb): «RETURN t = 'string' AND (NOT spec ? 'v' OR (spec -…» → «RETURN t = 'string';…»` | да | ✗ undercut-eternal.pg.test.ts «finding 15» [an enum value outside the registry] без защиты: ^true$ |
| находка 6 | слепок проверяется по видам и значениям параметров, а не только по именам ключей | `security.param_value_valid(jsonb,jsonb): «RETURN t = 'number' AND v::text ~ '^-?[0-9]+$';…» → «RETURN t IN ('number', 'string…»` | да | ✗ undercut-eternal.pg.test.ts «finding 15» [an amount as a string] без защиты: ^true$ |
| находка 6 | слепок проверяется по видам и значениям параметров, а не только по именам ключей | `security.explanation_field_kinds(): «"$.format":{"k":"enum","v":["r80.1"]}…» → «"$.format":{"k":"code"}…»` | да | ✗ undercut-eternal.pg.test.ts «finding 15» [finding 6: an explanation format shaped as a code other than r80.1 is refused] без защиты: ^true$ |
| находка 6 | слепок проверяется по видам и значениям параметров, а не только по именам ключей | `security.explanation_node_declared(jsonb,text,boolean): «OR (w.value #>> '{}') !~ '^[A-Za-z][A-Za-z0-9_]{0,…» → «…»` | да | ✗ undercut-eternal.pg.test.ts «finding 15» [a withheld name that is not an identifier] без защиты: ^true$ |
| Р-101 | согласие на миграцию eBay — только владелец, от своего имени, со вторым фактором | `tenant_data.migration_consent_guard(): «AND (security.current_user_id() IS NULL OR NEW.use…» → «AND false THEN…»` | да | ✗ smoke «eBay consent in the name of another owner (Р-101)» |
| Р-101 | согласие на миграцию eBay — только владелец, от своего имени, со вторым фактором | `tenant_data.migration_consent_guard(): «AND NOT security.session_mfa() THEN…» → «AND false THEN…»` | да | ✗ smoke «eBay consent by the owner without a second factor (Р-101)» |
| Р-100 | административная запись проверяет роль и административные столбцы | `security.require_person_for_admin_write(): «IF action <> 'OWN_GUARD' AND r IS NOT NULL AND NOT…» → «IF false THEN…»` | да | ✗ smoke «an operator lowers min_price (Р-100)»<br>✗ smoke «eBay consent by an admin in their own name (Р-101)»<br>✗ smoke «write scope status changed by a viewer (step 18 finding 1)»<br>✗ smoke «consent revoked by an admin (Р-101)» |
| Р-100 | административная запись проверяет роль и административные столбцы | `DROP TRIGGER a0_admin_write_person_update ON tenant_data.write_scope` | да | ✗ verify 0076_verify_schema_invariants_v17.sql /tenant_data\.write_scope: administrative UPDATE without the person guard/<br>✗ другая причина smoke «pricing mode changed without a person (step 17 finding 1)» |
| Р-100 | административная запись проверяет роль и административные столбцы | `security.admin_write_action(text): «('tenant_data.min_price', 'MANAGE_PRICING'), …» → «…»` | да | ✗ verify 0076_verify_schema_invariants_v17.sql /tenant_data\.min_price: no administrative action is declared/ |
| находка 4 (шаг 17) | путь решения не пишет действия человека в свои таблицы | `GRANT INSERT ON channel_data.pricing_halt TO repracer_app` | да | ✗ verify 0076_verify_schema_invariants_v17.sql /channel_data\.pricing_halt: INSERT of the decision path does not match the allow list/<br>✗ smoke «path inserts a halt released by a person (step 17 finding 4)» |
| находка 4 (шаг 17) | путь решения не пишет действия человека в свои таблицы | `GRANT UPDATE ON channel_data.divergence_case TO repracer_app` | да | ✗ verify 0076_verify_schema_invariants_v17.sql /channel_data\.divergence_case: UPDATE of the decision path does not match the allow list/<br>✗ smoke «path resolves a divergence case for a person (step 17 finding 4)» |
| находка 4 (шаг 17) | путь решения не пишет действия человека в свои таблицы | `DROP TRIGGER a1_write_scope_path_status_guard ON tenant_data.write_scope` | да | ✗ smoke «path unblocks a write scope (step 17 finding 4)»<br>✗ smoke «path holds a write scope (step 17 finding 4)» |
| находка 5 (шаг 17) | срок проверки остановки переносится со вторым фактором и в аудите | `DROP TRIGGER a1_pricing_halt_review_schedule_guard ON channel_data.pricing_halt` | да | ✗ smoke «the review of a halt moved without a second factor (step 17 finding 5)» |
| находка 5 (шаг 17) | срок проверки остановки переносится со вторым фактором и в аудите | `DROP TRIGGER zz_admin_write_audit_update ON channel_data.pricing_halt` | да | ✗ verify 0076_verify_schema_invariants_v17.sql /channel_data\.pricing_halt: administrative UPDATE is not written to the audit log/<br>✗ smoke «the moved review of a halt is not in the audit log (step 17 finding 5)» |
| находка 8 (шаг 17) | виды значений у каждого скалярного поля слепка | `security.explanation_node_declared(jsonb,text,boolean): «ELSIF NOT security.param_value_valid(v, fields -> …» → «ELSIF false THEN…»` | да | ✗ undercut-eternal.pg.test.ts «finding 15» [a free text in strategy.currentMinor] без защиты: ^true$ |
| находка 8 (шаг 17) | виды значений у каждого скалярного поля слепка | `security.param_value_valid(jsonb,jsonb): «RETURN t = 'string' AND s IN ('EUR', 'USD');…» → «RETURN t = 'string' AND s ~ '^…»` | да | ✗ undercut-eternal.pg.test.ts «finding 15» [a currency outside EUR and USD] без защиты: ^true$ |
| находка 8 (шаг 17) | виды значений у каждого скалярного поля слепка | `security.param_value_valid(jsonb,jsonb): «PERFORM s::timestamptz;…» → «NULL;…»` | да | ✗ undercut-eternal.pg.test.ts «finding 15» [an invalid moment in the price stop context] без защиты: ^true$ |
| находка 8 (шаг 17) | виды значений у каждого скалярного поля слепка | `security.param_value_valid(jsonb,jsonb): «BETWEEN 0 AND 1000;…» → «IS NOT NULL;…»` | да | ✗ undercut-eternal.pg.test.ts «finding 15» [a ratio outside its range] без защиты: ^true$ |
| находка 8 (шаг 17) | виды значений у каждого скалярного поля слепка | `security.param_value_valid(jsonb,jsonb): «RETURN t = 'number' AND v::text ~ '^[0-9]+$';…» → «RETURN t = 'number';…»` | да | ✗ undercut-eternal.pg.test.ts «finding 15» [a negative count] без защиты: ^true$ |
| находка 8 (шаг 17) | виды значений у каждого скалярного поля слепка | `security.param_value_valid(jsonb,jsonb): «RETURN t = 'string' AND s ~ '^[A-Za-z0-9_.:@-]{1,1…» → «RETURN t = 'string';…»` | да | ✗ undercut-eternal.pg.test.ts «finding 15» [a free text as an id] без защиты: ^true$ |
| Р-102 | роль остатков — только остатки и резервации | `GRANT SELECT ON tenant_data.min_price TO repracer_stock` | да | ✗ verify 0076_verify_schema_invariants_v17.sql /tenant_data\.min_price: SELECT of the stock role does not match its allow list/<br>✗ smoke «stock role reads prices (Р-102)» |
| Р-102 | роль остатков — только остатки и резервации | `GRANT UPDATE ON tenant_data.write_scope TO repracer_stock` | да | ✗ verify 0076_verify_schema_invariants_v17.sql /tenant_data\.write_scope: UPDATE of the stock role does not match its allow list/ |
| Р-102 | роль остатков — только остатки и резервации | `GRANT UPDATE (pricing_mode) ON tenant_data.write_scope TO repracer_stock` | да | ✗ verify 0076_verify_schema_invariants_v17.sql /tenant_data\.write_scope\.pricing_mode: UPDATE of the stock role is not in its allow list/<br>✗ другая причина smoke «stock role changes the pricing of a write scope (Р-102)» |
| Р-103 | неизменяемость таблиц, у которых раньше не было строк, проверяется попыткой изменения | `ALTER TABLE tenant_data.guardrail DISABLE TRIGGER zz_append_only` | да | ✗ smoke «append-only tenant_data.guardrail» |
| Р-103 | неизменяемость таблиц, у которых раньше не было строк, проверяется попыткой изменения | `ALTER TABLE channel_data.pricing_halt_review DISABLE TRIGGER zz_append_only` | да | ✗ smoke «append-only channel_data.pricing_halt_review» |
| Р-103 | неизменяемость таблиц, у которых раньше не было строк, проверяется попыткой изменения | `ALTER TABLE platform.external_identity_revocation DISABLE TRIGGER zz_append_only` | да | ✗ smoke «append-only platform.external_identity_revocation» |
| Р-103 | неизменяемость таблиц, у которых раньше не было строк, проверяется попыткой изменения | `ALTER TABLE tenant_data.price_daily_correction DISABLE TRIGGER zz_append_only` | да | ✗ smoke «append-only tenant_data.price_daily_correction» |
| OQ-153 | привязки входа удаляются только у отключённого пользователя | `maintenance.purge_user_identities(uuid): «IF NOT EXISTS (SELECT 1 FROM platform.app_user u W…» → «IF false THEN…»` | да | ✗ smoke «sign-ins of an active user are purged (OQ-153)» |
| находка 1 (шаг 18) | в сессии административного сервиса любое изменение строки — под стражем человека и в аудите | `security.require_person_for_admin_write(): «IF u IS NULL THEN…» → «IF false THEN…»` | да | ✗ smoke «the administrative service records an automatic review without a person (Р-97)» |
| находка 1 (шаг 18) | в сессии административного сервиса любое изменение строки — под стражем человека и в аудите | `security.audit_admin_write(): «    -- Находка 1 ревью шага 18: в журнал попадает …» → «    IF NOT cols && TG_ARGV THE…»` | да | ✗ smoke «a status change of a write scope by a person is not in the audit log (step 18 finding 1)» |
| Р-101 (находка 2, шаг 18) | листинг в согласие добавляет владелец, давший его, со вторым фактором, в той же транзакции, по предполётной проверке; отзыв — владелец от своего имени со вторым фактором | `tenant_data.migration_consent_item_guard(): «IF c.user_id IS NULL OR c.user_id IS DISTINCT FROM…» → «IF false THEN…»` | да | ✗ smoke «listing added to a consent by another owner (Р-101)» |
| Р-101 (находка 2, шаг 18) | листинг в согласие добавляет владелец, давший его, со вторым фактором, в той же транзакции, по предполётной проверке; отзыв — владелец от своего имени со вторым фактором | `tenant_data.migration_consent_item_guard(): «IF NOT security.session_mfa() THEN…» → «IF false THEN…»` | да | ✗ smoke «listing added to a consent without a second factor (Р-101)» |
| Р-101 (находка 2, шаг 18) | листинг в согласие добавляет владелец, давший его, со вторым фактором, в той же транзакции, по предполётной проверке; отзыв — владелец от своего имени со вторым фактором | `tenant_data.migration_consent_item_guard(): «IF c.given_at <> now() THEN…» → «IF false THEN…»` | да | ✗ smoke «listing added to a consent given in an earlier transaction (Р-101)» |
| Р-101 (находка 2, шаг 18) | листинг в согласие добавляет владелец, давший его, со вторым фактором, в той же транзакции, по предполётной проверке; отзыв — владелец от своего имени со вторым фактором | `tenant_data.migration_consent_revocation_guard(): «IF mem.membership_id IS NULL OR NEW.revoked_by_mem…» → «IF false THEN…»` | да | ✗ smoke «consent revoked in the name of another owner (Р-101)» |
| Р-101 (находка 2, шаг 18) | листинг в согласие добавляет владелец, давший его, со вторым фактором, в той же транзакции, по предполётной проверке; отзыв — владелец от своего имени со вторым фактором | `tenant_data.migration_consent_revocation_guard(): «IF NOT security.session_mfa() THEN…» → «IF false THEN…»` | да | ✗ smoke «consent revoked without a second factor (Р-101)» |
| Р-107 (находка 3, шаг 18) | ручной intent — только человек в административном сервисе, от своего имени, с правом менять цену | `channel_data.price_intent_manual_guard(): «IF mem.membership_id IS NULL OR NEW.created_by_mem…» → «IF false THEN…»` | да | ✗ smoke «manual price intent in the name of another member (Р-107)» |
| Р-107 (находка 3, шаг 18) | ручной intent — только человек в административном сервисе, от своего имени, с правом менять цену | `channel_data.price_intent_manual_guard(): «IF NOT security.pricing_permission(mem.role, 'ENAB…» → «IF false THEN…»` | да | ✗ smoke «manual price intent by a viewer (Р-107)» |
| Р-107 (находка 3, шаг 18) | ручной intent — только человек в административном сервисе, от своего имени, с правом менять цену | `channel_data.price_intent_manual_guard(): «NOT (NEW.trigger_type = 'MANUAL' OR coalesce(NEW.r…» → «NOT (NEW.trigger_type = 'MANUA…»` | да | ✗ smoke «path creates a manual price intent of the owner (Р-107)» |
| находка 4 (шаг 18) | системную остановку ставит проверка входов пути решения, а не человек | `channel_data.pricing_halt_insert_guard(): «IF security.admin_session() THEN…» → «IF false THEN…»` | да | ✗ smoke «system halt created by a person (step 18 finding 4)» |
| находка 4 (шаг 18) | системную остановку ставит проверка входов пути решения, а не человек | `channel_data.pricing_halt_sample_insert_guard(): «IF security.admin_session() THEN…» → «IF false THEN…»` | да | ✗ smoke «halt sample observation recorded by a viewer in the administrative service (step 19 review finding 3)» |
| находка 4 (шаг 18) | системную остановку ставит проверка входов пути решения, а не человек | `DROP TRIGGER a00_pricing_halt_insert_guard ON channel_data.pricing_halt; CREATE TRIGGER a00_pricing_halt_inser` | да | ✗ verify 0076_verify_schema_invariants_v17.sql /pricing_halt: trigger a00_pricing_halt_insert_guard has a WHEN condition that is not in the list/<br>✗ smoke «system halt created by a person (step 18 finding 4)» |
| находка 6 (шаг 18) | одна действующая привязка входа — и при изоляции строже READ COMMITTED | `platform.external_identity_one_active(): «IF current_setting('transaction_isolation') <> 're…» → «IF false THEN…»` | да | ✗ identity.pg.test.ts «step 18 finding 6» [step 18 finding 6: a link in REPEATABLE READ is refused] без защиты: ^linked$ |
| находка 6 (шаг 18) | одна действующая привязка входа — и при изоляции строже READ COMMITTED | `ALTER FUNCTION platform.external_identity_one_active() SECURITY INVOKER` | да | ✗ verify 0076_verify_schema_invariants_v17.sql /platform\.external_identity_one_active\(\): owned by repracer_resolver but not SECURITY DEFINER/ |
| находка 5 (шаг 18) | привязки входа удаляет только удаление привязок отключённого пользователя | `GRANT DELETE ON platform.external_identity_revocation TO repracer_retention` | да | ✗ verify 0076_verify_schema_invariants_v17.sql /role repracer_retention may delete sign-in links/<br>✗ smoke «retention role deletes sign-in revocations directly (step 18 finding 5)» |
| находка 5 (шаг 18) | привязки входа удаляет только удаление привязок отключённого пользователя | `GRANT DELETE ON platform.external_identity TO repracer_retention` | да | ✗ verify 0076_verify_schema_invariants_v17.sql /role repracer_retention may delete sign-in links/<br>✗ smoke «retention role deletes sign-in links directly (step 18 finding 5)» |
| находка 5 (шаг 18) | привязки входа удаляет только удаление привязок отключённого пользователя | `security.forbid_mutation(): «IF TG_OP = 'DELETE' AND current_user IN ('repracer…» → «IF TG_OP = 'DELETE' THEN…»` | да | ✗ verify 0076_verify_schema_invariants_v17.sql /security\.forbid_mutation does not refuse a DELETE/ |
| находка 7 (шаг 18) | скаляр на месте узла слепка — отказ | `security.explanation_node_declared(jsonb,text,boolean): «IF jsonb_typeof(node) NOT IN ('object', 'array') T…» → «IF false THEN…»` | да | ✗ undercut-eternal.pg.test.ts «finding 15» [step 18 finding 7: a scalar among the sanity checks is refused as a declared-keys violation] без защиты: ^error: cannot call jsonb_each |
| находка 7 (шаг 18) | скаляр на месте узла слепка — отказ | `security.explanation_node_declared(jsonb,text,boolean): «IF NOT security.explanation_node_declared(v, path …» → «IF jsonb_typeof(v) = 'object' …»` | да | ✗ undercut-eternal.pg.test.ts «finding 15» [step 18 finding 7: a scalar among the strategy steps is refused \| step 18 finding 7: a scalar among the sanity checks is refused] без защиты: ^true$ |
| Р-105 | роль остатков пишет в канал только поле QUANTITY | `ALTER POLICY stock_quantity ON tenant_data.channel_write_history USING (tenant_id = security.current_tenant_id` | да | ✗ verify 0076_verify_schema_invariants_v17.sql /channel_write_history: policy stock_quantity of the stock role is not limited to the QUANTITY field/<br>✗ smoke «stock role writes price history of a channel write (Р-105)» |
| Р-105 | роль остатков пишет в канал только поле QUANTITY | `ALTER POLICY stock_quantity ON tenant_data.channel_write USING (tenant_id = security.current_tenant_id()) WITH` | да | ✗ verify 0076_verify_schema_invariants_v17.sql /channel_write: policy stock_quantity of the stock role is not limited to the QUANTITY field/<br>✗ smoke «the stock role sees price writes or does not see quantity writes (Р-105)» |
| Р-105 | роль остатков пишет в канал только поле QUANTITY | `ALTER POLICY stock_quantity ON tenant_data.write_scope USING (tenant_id = security.current_tenant_id())` | да | ✗ verify 0076_verify_schema_invariants_v17.sql /write_scope: policy stock_quantity of the stock role is not limited to the QUANTITY field/<br>✗ smoke «the stock role sees price writes or does not see quantity writes (Р-105)» |
| Р-105 | роль остатков пишет в канал только поле QUANTITY | `GRANT UPDATE (pricing_mode) ON tenant_data.write_scope TO repracer_stock` | да | ✗ verify 0076_verify_schema_invariants_v17.sql /tenant_data\.write_scope\.pricing_mode: UPDATE of the stock role is not in its allow list/ |
| Р-105 | роль остатков пишет в канал только поле QUANTITY | `ALTER POLICY stock_quantity ON channel_data.write_submission USING (tenant_id = security.current_tenant_id())` | да | ✗ verify 0076_verify_schema_invariants_v17.sql /write_submission: policy stock_quantity of the stock role is not limited to the QUANTITY field/ |
| шаг 19: атрибуты функций защит | функция служебной роли исполняется её правами | `ALTER FUNCTION security.audit_admin_write() SECURITY INVOKER` | да | ✗ verify 0076_verify_schema_invariants_v17.sql /security\.audit_admin_write\(\): owned by repracer_audit_writer but not SECURITY DEFINER/<br>✓ smoke «an administrative change is not in the audit log (Р-97)» |
| Р-109 | элемент согласия eBay — по вердикту, последней и свежей предполётной проверке, с поимённо принятыми потерями | `tenant_data.migration_consent_item_guard(): «IF lc.verdict IS NULL OR lc.verdict IS DISTINCT FR…» → «IF false THEN…»` | да | ✗ smoke «consent to a listing whose preflight verdict is INELIGIBLE (Р-109)»<br>✗ smoke «listing added to a consent without a preflight check (Р-101, Р-2)» |
| Р-109 | элемент согласия eBay — по вердикту, последней и свежей предполётной проверке, с поимённо принятыми потерями | `tenant_data.migration_consent_item_guard(): «AND l.checked_at > lc.checked_at) THEN…» → «AND false) THEN…»` | да | ✗ smoke «consent to a superseded preflight check (Р-109)» |
| Р-109 | элемент согласия eBay — по вердикту, последней и свежей предполётной проверке, с поимённо принятыми потерями | `tenant_data.migration_consent_item_guard(): «IF lc.checked_at < now() - interval '24 hours' THE…» → «IF false THEN…»` | да | ✗ smoke «consent to a preflight check older than 24 hours (Р-109)» |
| Р-109 | элемент согласия eBay — по вердикту, последней и свежей предполётной проверке, с поимённо принятыми потерями | `tenant_data.migration_consent_item_guard(): «IF losses IS DISTINCT FROM (SELECT…» → «IF false AND losses IS DISTINC…»` | да | ✗ smoke «consent acknowledging other losses than the preflight check found (Р-109)» |
| Р-109 | элемент согласия eBay — по вердикту, последней и свежей предполётной проверке, с поимённо принятыми потерями | `ALTER TABLE channel_data.listing_migration_check DROP CONSTRAINT listing_migration_check_findings_shape` | да | ✗ smoke «preflight LOSS finding without the name of the loss (Р-109)» |

Строк с мутациями: 51; ложных (хотя бы одна мутация не поймана заявленными проверками): **0** — —.
Мутаций: 152; не поймано своей проверкой: **0** (из них упала только соседняя проверка строки: 0).
Не мутировались: 1–11 (свойства каталога остались в проверке схемы (0067)); 15 (данные справочника НДС остались в проверке схемы (0067)); 36 (правило проверяло отсутствие объектов входа).
✗ — проверка упала на мутации (поймала), ✓ — осталась зелёной.
