control run: 173 checks
CAUGHT   row 13: ALTER TABLE channel_data.price_decision DROP CONSTRAINT price_decision_no_bound_clamp (5 s)
   ✗ fails (own) smoke «clamp to floor instead of rejection (Р-44)» — psql:tests/db/smoke_app.sql:303: WARNING:  CHECK FAILED: clamp to floor instead of rejection (Р-44) | EXPECTED FAILURE DID NOT HAPPEN
   ✓ green smoke «REJECTED without a reason»
CAUGHT   row 12: DROP TRIGGER ba_channel_write_ceiling_insert ON tenant_data.channel_write (5 s)
   ✗ fails (own) smoke «write created above lowered max_price (Р-44, check 2)» — psql:tests/db/smoke_app.sql:319: WARNING:  CHECK FAILED: write created above lowered max_price (Р-44, check 2) | EXPECTED FAILURE DID NOT HAPPEN
   ✓ green smoke «dispatch above lowered max_price (Р-44, check 3)»
CAUGHT   row 12: DROP TRIGGER ba_channel_write_ceiling_dispatch ON tenant_data.channel_write (5 s)
   ✓ green smoke «write created above lowered max_price (Р-44, check 2)»
   ✗ fails (own) smoke «dispatch above lowered max_price (Р-44, check 3)» — psql:tests/db/smoke_app.sql:322: WARNING:  CHECK FAILED: dispatch above lowered max_price (Р-44, check 3) | EXPECTED FAILURE DID NOT HAPPEN
CAUGHT   row 13: ALTER TABLE channel_data.price_decision DROP CONSTRAINT price_decision_rejection_reason_iff (5 s)
   ✓ green smoke «clamp to floor instead of rejection (Р-44)»
   ✗ fails (own) smoke «REJECTED without a reason» — psql:tests/db/smoke_app.sql:306: WARNING:  CHECK FAILED: REJECTED without a reason | EXPECTED FAILURE DID NOT HAPPEN
CAUGHT   row 14: ALTER TABLE tenant_data.guardrail DROP CONSTRAINT guardrail_ceiling_moved_to_max_price (5 s)
   ✗ fails (own) smoke «guardrail carrying a ceiling (moved to max_price, Р-43)» — psql:tests/db/smoke_app.sql:138: WARNING:  CHECK FAILED: guardrail carrying a ceiling (moved to max_price, Р-43) | EXPECTED FAILURE DID NOT HAPPEN
CAUGHT   row 16: DROP TRIGGER c_pricing_halt_release_journal ON channel_data.pricing_halt (5 s)
   ✗ fails (own) smoke «manual release without a journal record (Р-52)» — psql:tests/db/smoke_app.sql:400: WARNING:  CHECK FAILED: manual release without a journal record (Р-52) | EXPECTED FAILURE DID NOT HAPPEN
CAUGHT   row 17: DROP TRIGGER aa_price_decision_copy_derivation ON channel_data.price_decision (4 s)
   ✗ fails (own) smoke «competitor_derived is not derived from rule_code» — psql:tests/db/smoke_app.sql:341: ERROR:  competitor_derived is not derived from rule_code
CAUGHT   row 19: ALTER TABLE tenant_data.write_scope DROP CONSTRAINT write_scope_tax_regime_for_price (4 s)
   ✓ green smoke «net price basis with VAT regime (Р-58)»
   ✗ fails (own) smoke «price write scope without tax regime (Р-58)» — psql:tests/db/smoke_app.sql:668: WARNING:  CHECK FAILED: price write scope without tax regime (Р-58) | EXPECTED FAILURE DID NOT HAPPEN
CAUGHT   row 18: ALTER TABLE tenant_data.write_scope DROP CONSTRAINT write_scope_supported_currency (4 s)
   ✗ fails (own) smoke «currency outside EUR and USD» — psql:tests/db/smoke_app.sql:674: WARNING:  CHECK FAILED: currency outside EUR and USD | EXPECTED FAILURE DID NOT HAPPEN
CAUGHT   row 20, 21: ALTER TABLE channel_data.price_decision DROP CONSTRAINT price_decision_rejection_explained (10 s)
   ✗ fails (own) smoke «rejection without its reason parameters (OQ-98)» — psql:tests/db/smoke_app.sql:276: WARNING:  CHECK FAILED: rejection without its reason parameters (OQ-98) | EXPECTED FAILURE DID NOT HAPPEN
   ✓ green store.pg.test.ts «OQ-93, OQ-94, OQ-98» /OQ-98: a rejection without its reason parameters is refused/
CAUGHT   row 22: DROP TRIGGER zz_channel_write_announce_dispatch ON tenant_data.channel_write (10 s)
   ✓ green smoke «write discarded without a reason (Р-64)»
   ✓ green smoke «write history ended without a reason (Р-64)»
   ✗ fails (own) write-queue.pg.test.ts «control — without the dispatcher» /has no scope.write.v1 event/ — a PENDING write has no scope.write.v1 event: nobody would ever learn about it 38 !== 0 38
CAUGHT   row 22: ALTER TABLE tenant_data.channel_write_history DROP CONSTRAINT channel_write_history_end_explained (11 s)
   ✗ fails (own) smoke «write discarded without a reason (Р-64)» — psql:tests/db/smoke_app.sql:240: WARNING:  CHECK FAILED: write discarded without a reason (Р-64) | EXPECTED FAILURE DID NOT HAPPEN
   ✗ fails (own) smoke «write history ended without a reason (Р-64)» — psql:tests/db/smoke_app.sql:247: WARNING:  CHECK FAILED: write history ended without a reason (Р-64) | EXPECTED FAILURE DID NOT HAPPEN
   ✓ green write-queue.pg.test.ts «control — without the dispatcher» /has no scope.write.v1 event/
CAUGHT   row 23: DROP TRIGGER aa_price_decision_fx_recorded ON channel_data.price_decision (7 s)
   ✓ green smoke «ECB rate is immutable (Р-61)»
   ✓ green smoke «decision exchange rate without its fields (Р-61)»
   ✗ fails (own) fx-day-boundary.pg.test.ts «Р-61 in the database» /Р-61: a decision on a converted cost without its exchange rate is refused/ — 'Missing expected rejection: Р-61: a decision on a converted cost without its exchange rate is refused'
CAUGHT   row 23: ALTER TABLE channel_data.price_decision DROP CONSTRAINT price_decision_fx_shape (7 s)
   ✓ green smoke «ECB rate is immutable (Р-61)»
   ✗ fails (own) smoke «decision exchange rate without its fields (Р-61)» — psql:tests/db/smoke_app.sql:285: WARNING:  CHECK FAILED: decision exchange rate without its fields (Р-61) | EXPECTED FAILURE DID NOT HAPPEN
   ✓ green fx-day-boundary.pg.test.ts «Р-61 in the database» /Р-61: a decision on a converted cost without its exchange rate is refused/
CAUGHT   row 23: DROP TRIGGER zz_fx_rate_immutable ON platform.fx_rate (8 s)
   ✗ fails (own) smoke «ECB rate is immutable (Р-61)» — psql:tests/db/smoke_r65.sql:70: WARNING:  CHECK FAILED: ECB rate is immutable (Р-61) | EXPECTED FAILURE DID NOT HAPPEN
   ✓ green smoke «decision exchange rate without its fields (Р-61)»
   ✓ green fx-day-boundary.pg.test.ts «Р-61 in the database» /Р-61: a decision on a converted cost without its exchange rate is refused/
CAUGHT   row 24, 26: ALTER TABLE platform.marketplace DROP CONSTRAINT marketplace_time_zone_known_if_confirmed (4 s)
   ✗ fails (own) smoke «US storefront confirmed without a time zone» — psql:tests/db/smoke_r65.sql:41: WARNING:  CHECK FAILED: US storefront confirmed without a time zone | EXPECTED FAILURE DID NOT HAPPEN
   ✓ green smoke «budgeted write while the storefront day boundary is unconfirmed (Р-65)»
   ✓ green smoke «budget day is not the current storefront day (Р-65)»
   ✓ green fx-day-boundary.pg.test.ts «Р-65: a US storefront» /Р-65: a price day of a US storefront is not closed in/
CAUGHT   row 24, 26: DROP TRIGGER aa_price_daily_day_tz ON tenant_data.price_daily (4 s)
   ✓ green smoke «US storefront confirmed without a time zone»
   ✓ green smoke «budgeted write while the storefront day boundary is unconfirmed (Р-65)»
   ✓ green smoke «budget day is not the current storefront day (Р-65)»
   ✗ fails (own) fx-day-boundary.pg.test.ts «Р-65: a US storefront» /Р-65: a price day of a US storefront is not closed in/ — 'Missing expected rejection: Р-65: a price day of a US storefront is not closed in Europe/Berlin'
CAUGHT   row 24, 26: DROP TRIGGER aa_channel_write_budget_day_tz ON tenant_data.channel_write (4 s)
   ✓ green smoke «US storefront confirmed without a time zone»
   ✗ fails (own) smoke «budgeted write while the storefront day boundary is unconfirmed (Р-65)» — psql:tests/db/smoke_r65.sql:35: WARNING:  CHECK FAILED: budgeted write while the storefront day boundary is unconfirmed (Р-65) | EXPECTED FAILURE DID NOT HAPPEN
   ✗ fails (own) smoke «budget day is not the current storefront day (Р-65)» — psql:tests/db/smoke_r65.sql:39: WARNING:  CHECK FAILED: budget day is not the current storefront day (Р-65) | EXPECTED FAILURE DID NOT HAPPEN
   ✓ green fx-day-boundary.pg.test.ts «Р-65: a US storefront» /Р-65: a price day of a US storefront is not closed in/
CAUGHT   row 25: DROP TRIGGER tenant_region_guard ON tenant_data.tenant (4 s)
   ✗ fails (own) smoke «tenant in wrong region DB (Р-60)» — psql:tests/db/smoke_provision.sql:49: WARNING:  CHECK FAILED: tenant in wrong region DB (Р-60) | EXPECTED FAILURE DID NOT HAPPEN
CAUGHT   row 27: DROP TRIGGER aa_price_stop_role_guard ON tenant_data.price_stop (4 s)
   ✓ green smoke «approval while the tenant is stopped by a person (Р-69)»
   ✓ green smoke «dispatch while the tenant is stopped by a person (Р-69)»
   ✓ green smoke «manual halt release without a second factor (finding 12, Р-88)»
   ✓ green step12.pg.test.ts «Р-69: a system halt is only for broken channel data» /Р-69: a person cannot create a system halt/
   ✗ fails (own) step12.pg.test.ts «Р-69, Р-70, OQ-125 in the database» /OQ-129: a viewer does not stop pricing|OQ-125: an operator does not resume a tenant stop/ — OQ-129: a viewer does not stop pricing + actual - expected + 'STOPPED' - 'FORBIDDEN' 'STOPPED'
CAUGHT   row 27: ALTER TABLE channel_data.pricing_halt DROP CONSTRAINT pricing_halt_system_only (4 s)
   ✓ green smoke «approval while the tenant is stopped by a person (Р-69)»
   ✓ green smoke «dispatch while the tenant is stopped by a person (Р-69)»
   ✓ green smoke «manual halt release without a second factor (finding 12, Р-88)»
   ✗ fails (own) step12.pg.test.ts «Р-69: a system halt is only for broken channel data» /Р-69: a person cannot create a system halt/ — 'Missing expected rejection: Р-69: a person cannot create a system halt'
   ✓ green step12.pg.test.ts «Р-69, Р-70, OQ-125 in the database» /OQ-129: a viewer does not stop pricing|OQ-125: an operator does not resume a tenant stop/
CAUGHT   row 27: DROP TRIGGER ab_price_decision_stop_guard ON channel_data.price_decision (4 s)
   ✗ fails (own) smoke «approval while the tenant is stopped by a person (Р-69)» — psql:tests/db/smoke_admin.sql:101: WARNING:  CHECK FAILED: approval while the tenant is stopped by a person (Р-69) | EXPECTED FAILURE DID NOT HAPPEN
   ✓ green smoke «dispatch while the tenant is stopped by a person (Р-69)»
   ✓ green smoke «manual halt release without a second factor (finding 12, Р-88)»
   ✓ green step12.pg.test.ts «Р-69: a system halt is only for broken channel data» /Р-69: a person cannot create a system halt/
   ✓ green step12.pg.test.ts «Р-69, Р-70, OQ-125 in the database» /OQ-129: a viewer does not stop pricing|OQ-125: an operator does not resume a tenant stop/
CAUGHT   row 27: DROP TRIGGER ca_pricing_halt_release_role_guard ON channel_data.pricing_halt (4 s)
   ✓ green smoke «approval while the tenant is stopped by a person (Р-69)»
   ✓ green smoke «dispatch while the tenant is stopped by a person (Р-69)»
   ✗ fails (own) smoke «manual halt release without a second factor (finding 12, Р-88)» — psql:tests/db/smoke_admin.sql:59: WARNING:  CHECK FAILED: manual halt release without a second factor (finding 12, Р-88) | EXPECTED FAILURE DID NOT HAPPEN
   ✓ green step12.pg.test.ts «Р-69: a system halt is only for broken channel data» /Р-69: a person cannot create a system halt/
   ✓ green step12.pg.test.ts «Р-69, Р-70, OQ-125 in the database» /OQ-129: a viewer does not stop pricing|OQ-125: an operator does not resume a tenant stop/
CAUGHT   row 27: DROP TRIGGER bb_channel_write_stop_guard ON tenant_data.channel_write (4 s)
   ✓ green smoke «approval while the tenant is stopped by a person (Р-69)»
   ✗ fails (own) smoke «dispatch while the tenant is stopped by a person (Р-69)» — psql:tests/db/smoke_admin.sql:104: WARNING:  CHECK FAILED: dispatch while the tenant is stopped by a person (Р-69) | EXPECTED FAILURE DID NOT HAPPEN
   ✓ green smoke «manual halt release without a second factor (finding 12, Р-88)»
   ✓ green step12.pg.test.ts «Р-69: a system halt is only for broken channel data» /Р-69: a person cannot create a system halt/
   ✓ green step12.pg.test.ts «Р-69, Р-70, OQ-125 in the database» /OQ-129: a viewer does not stop pricing|OQ-125: an operator does not resume a tenant stop/
NEIGHBOUR row 28, 32, 39, 40: DROP TRIGGER a0_price_decision_intent_columns ON channel_data.price_decision (4 s)
   ✓ green smoke «NO_OP decision with an explanation (Р-74)» — not reached (tests/db/smoke_app.sql: ERROR:  null value in column "trigger_type" of relation "price_decision_d20260914" violates not-null constraint)
   ✓ green smoke «NO_OP decision with an unknown no-change reason (Р-74)» — not reached (tests/db/smoke_app.sql: ERROR:  null value in column "trigger_type" of relation "price_decision_d20260914" violates not-null constraint)
   ✓ green smoke «decision intent columns are taken from the client, not from the intent (Р-80)» — not reached (tests/db/smoke_app.sql: ERROR:  null value in column "trigger_type" of relation "price_decision_d20260914" violates not-null constraint)
   ✗ fails (neighbour) step14.pg.test.ts «finding 10, Р-80» /finding 10: a snapshot reference of a NO_OP decision is refused/ — 'null value in column "trigger_type" of relation "price_decision_d20260916" violates not-null constraint'
CAUGHT   row 28, 32, 39, 40: ALTER TABLE channel_data.price_decision DROP CONSTRAINT price_decision_explanation_by_class (4 s)
   ✗ fails (own) smoke «NO_OP decision with an explanation (Р-74)» — psql:tests/db/smoke_app.sql:221: WARNING:  CHECK FAILED: NO_OP decision with an explanation (Р-74) | EXPECTED FAILURE DID NOT HAPPEN
   ✓ green smoke «NO_OP decision with an unknown no-change reason (Р-74)»
   ✓ green smoke «decision intent columns are taken from the client, not from the intent (Р-80)»
   ✓ green step14.pg.test.ts «finding 10, Р-80» /finding 10: a snapshot reference of a NO_OP decision is refused/
CAUGHT   row 28, 32, 39, 40: ALTER TABLE channel_data.price_decision DROP CONSTRAINT price_decision_no_change_reason_code (5 s)
   ✓ green smoke «NO_OP decision with an explanation (Р-74)»
   ✗ fails (own) smoke «NO_OP decision with an unknown no-change reason (Р-74)» — psql:tests/db/smoke_app.sql:226: WARNING:  CHECK FAILED: NO_OP decision with an unknown no-change reason (Р-74) | EXPECTED FAILURE DID NOT HAPPEN
   ✓ green smoke «decision intent columns are taken from the client, not from the intent (Р-80)»
   ✓ green step14.pg.test.ts «finding 10, Р-80» /finding 10: a snapshot reference of a NO_OP decision is refused/
CAUGHT   row 29: ALTER TABLE channel_data.price_decision DROP CONSTRAINT price_decision_amounts_have_currency (5 s)
   ✗ fails (own) smoke «rejection parameters with an amount without its currency (Р-71)» — psql:tests/db/smoke_app.sql:281: WARNING:  CHECK FAILED: rejection parameters with an amount without its currency (Р-71) | EXPECTED FAILURE DID NOT HAPPEN
   ✓ green smoke «write ended with an amount without its currency (Р-71)»
   ✓ green smoke «rejected snapshot details: an amount without its currency (Р-71)»
CAUGHT   row 29: ALTER TABLE tenant_data.channel_write DROP CONSTRAINT channel_write_end_params_currency (4 s)
   ✓ green smoke «rejection parameters with an amount without its currency (Р-71)»
   ✗ fails (own) smoke «write ended with an amount without its currency (Р-71)» — psql:tests/db/smoke_app.sql:243: WARNING:  CHECK FAILED: write ended with an amount without its currency (Р-71) | EXPECTED FAILURE DID NOT HAPPEN
   ✓ green smoke «rejected snapshot details: an amount without its currency (Р-71)»
CAUGHT   row 28, 32, 39, 40: DROP TRIGGER a_price_decision_snapshot_ref_guard ON channel_data.price_decision_snapshot_ref (5 s)
   ✓ green smoke «NO_OP decision with an explanation (Р-74)»
   ✓ green smoke «NO_OP decision with an unknown no-change reason (Р-74)»
   ✓ green smoke «decision intent columns are taken from the client, not from the intent (Р-80)»
   ✗ fails (own) step14.pg.test.ts «finding 10, Р-80» /finding 10: a snapshot reference of a NO_OP decision is refused/ — 'finding 10: a snapshot reference of a NO_OP decision is refused' '{"command":"INSERT","rowCount":1,"oid":0,"rows":[],"fields":[],"_types":{"_types":{},"text":{},"binary":{}},"RowCtor":null,"rowAsArray":false,"_prebuiltEmptyResultObject":null}'
CAUGHT   row 29: ALTER TABLE channel_data.rejected_competitor_snapshot DROP CONSTRAINT rejected_competitor_snapshot_details_cur (6 s)
   ✓ green smoke «rejection parameters with an amount without its currency (Р-71)»
   ✓ green smoke «write ended with an amount without its currency (Р-71)»
   ✗ fails (own) smoke «rejected snapshot details: an amount without its currency (Р-71)» — psql:tests/db/smoke_app.sql:424: WARNING:  CHECK FAILED: rejected snapshot details: an amount without its currency (Р-71) | EXPECTED FAILURE DID NOT HAPPEN
CAUGHT   row 31, 37, 38: CREATE OR REPLACE FUNCTION security.pricing_permission(p_role text, p_action text) RETURNS boolean LANGUAGE sq (6 s)
   ✗ fails (own) step14.pg.test.ts «finding 2» /the matrix is not trivially all-true|×/ — ADMIN × GIVE_MIGRATION_CONSENT true !== false true
   ✓ green step14.pg.test.ts «finding 4» /finding 4: a stop is not written in the name of another membership/
CAUGHT   row 30: ALTER TABLE tenant_data.price_intent_core DROP CONSTRAINT price_intent_core_dangerous_consistent (6 s)
   ✗ fails (own) smoke «eternal core: dangerous flag against the deviation (Р-73)» — psql:tests/db/smoke_r65.sql:82: WARNING:  CHECK FAILED: eternal core: dangerous flag against the deviation (Р-73) | EXPECTED FAILURE DID NOT HAPPEN
CAUGHT   row 31, 37, 38: tenant_data.price_stop_role_guard(): «IF security.current_user_id() IS NULL OR u IS DIST…» → «IF false THEN…» (4 s)
   ✓ green step14.pg.test.ts «finding 2» /the matrix is not trivially all-true|×/
   ✗ fails (own) step14.pg.test.ts «finding 4» /finding 4: a stop is not written in the name of another membership/ — finding 4: a stop is not written in the name of another membership + actual - expected + 'STOPPED' - 'FORBIDDEN' 'STOPPED'
CAUGHT   row 33: DROP TRIGGER explanation_ruleset_immutable ON platform.explanation_ruleset (4 s)
   ✗ fails (own) smoke «explanation ruleset is immutable (Р-75)» — psql:tests/db/smoke_r65.sql:66: WARNING:  CHECK FAILED: explanation ruleset is immutable (Р-75) | EXPECTED FAILURE DID NOT HAPPEN
CAUGHT   row 34: DROP TRIGGER zb_price_stop_audit ON tenant_data.price_stop (5 s)
   ✓ green smoke «the system halt is not in the audit log»
   ✓ green smoke «the manual release is not in the audit log with its author»
   ✗ fails (own) role-separation.pg.test.ts «the audit log is still written» /pricing.stop_created/ — Expected values to be strictly deep-equal: + actual - expected + [] - [ - { - action: 'pricing.stop_created', - actor_type: 'USER', - actor_user_id: '943b7131-192f-4caf-97de-70a69327ca5d' - } - ]
CAUGHT   row 34: DROP TRIGGER zb_pricing_halt_audit ON channel_data.pricing_halt (4 s)
   ✗ fails (own) smoke «the system halt is not in the audit log» — psql:tests/db/smoke_admin.sql:52: ERROR:  the system halt is not in the audit log
   ✓ green smoke «the manual release is not in the audit log with its author» — not reached (tests/db/smoke_admin.sql: ERROR:  the system halt is not in the audit log)
   ✓ green role-separation.pg.test.ts «the audit log is still written» /pricing.stop_created/
CAUGHT   row 34: DROP TRIGGER zb_pricing_halt_review_audit ON channel_data.pricing_halt_review (4 s)
   ✓ green smoke «the system halt is not in the audit log»
   ✗ fails (own) smoke «the manual release is not in the audit log with its author» — psql:tests/db/smoke_admin.sql:74: ERROR:  the manual release is not in the audit log with its author
   ✓ green role-separation.pg.test.ts «the audit log is still written» /pricing.stop_created/
CAUGHT   row 35: ALTER TABLE tenant_data.write_scope DROP CONSTRAINT write_scope_engine_has_strategy (4 s)
   ✗ fails (own) smoke «ENGINE without a strategy (Р-77)» — psql:tests/db/smoke_app.sql:140: WARNING:  CHECK FAILED: ENGINE without a strategy (Р-77) | EXPECTED FAILURE DID NOT HAPPEN
CAUGHT   row 41: ALTER TABLE maintenance.partition_export DROP CONSTRAINT partition_export_core_archive_self_contained (4 s)
   ✗ fails (own) step14.pg.test.ts «Р-79» /Р-79: a verified archive of the core without the explanation dictionary is refused/ — 'Р-79: a verified archive of the core without the explanation dictionary is refused' '{"command":"INSERT","rowCount":1,"oid":0,"rows":[],"fields":[],"_types":{"_types":{},"text":{},"binary":{}},"RowCtor":null,"rowAsArray":false,"_prebuiltEmptyResultObject":null}'
CAUGHT   row 42: tenant_data.channel_write_before_update(): «NEW.floor_at_dispatch_minor := tenant_data.assert_…» → «NEW.floor_at_dispatch_minor :=…» (5 s)
   ✗ fails (own) verify 0073_verify_schema_invariants_v16.sql /below the recomputed margin floor was dispatched/ — psql:migrations/0073_verify_schema_invariants_v16.sql:567: ERROR: schema invariant violations: behaviour check (Р-83, findings 4 and 15, Р-91): a price write below the recomputed margin floor was dispatched КОНТЕКСТ: PL/pgSQL function inline_code_block line 542 at RAISE 
   ✗ fails (own) write-recheck.pg.test.ts «the unit cost rose between decision and dispatch» /the write reached the channel/ — 'cost: the write reached the channel: [{"action":"DISPATCHED","channelWriteId":"84721d1a-51f6-4c32-9b95-e962307ad876","version":2,"attemptNo":1,"outcome":"ACCEPTED","recorded":"APPLIED","reason":null},{"action":"IDLE"}]' false
CAUGHT   row 43: ALTER TABLE tenant_data.price_intent_core DROP CONSTRAINT price_intent_core_competitor_rejection_not_kept (5 s)
   ✓ green verify 0073_verify_schema_invariants_v16.sql /undeclared reason parameter was stored/
   ✗ fails (own) smoke «eternal core: a competitor-derived rejection keeps its proposed price (Р-85)» — psql:tests/db/smoke_r65.sql:84: WARNING:  CHECK FAILED: eternal core: a competitor-derived rejection keeps its proposed price (Р-85) | EXPECTED FAILURE DID NOT HAPPEN
   ✓ green smoke «decision explanation with an undeclared reason parameter (finding 15)»
   ✓ green smoke «eternal core: an undeclared reason parameter in the explanation (finding 15)»
NEIGHBOUR row 43: ALTER TABLE channel_data.price_decision DROP CONSTRAINT price_decision_explanation_keys_declared (4 s)
   ✓ green verify 0073_verify_schema_invariants_v16.sql /undeclared reason parameter was stored/
   ✓ green smoke «eternal core: a competitor-derived rejection keeps its proposed price (Р-85)»
   ✗ fails (own, other reason) smoke «decision explanation with an undeclared reason parameter (finding 15)» — psql:tests/db/smoke_app.sql:291: WARNING:  CHECK FAILED: decision explanation with an undeclared reason parameter (finding 15) | EXPECTED FAILURE HAD ANOTHER REASON (expected price_decision_explanation_keys_declared, got 23514 new row for relation "price_intent_core_y2026m09_h01" violates check cons
   ✓ green smoke «eternal core: an undeclared reason parameter in the explanation (finding 15)»
CAUGHT   row 43: ALTER TABLE tenant_data.price_intent_core DROP CONSTRAINT price_intent_core_explanation_keys_declared (5 s)
   ✓ green verify 0073_verify_schema_invariants_v16.sql /undeclared reason parameter was stored/
   ✓ green smoke «eternal core: a competitor-derived rejection keeps its proposed price (Р-85)»
   ✓ green smoke «decision explanation with an undeclared reason parameter (finding 15)»
   ✗ fails (own) smoke «eternal core: an undeclared reason parameter in the explanation (finding 15)» — psql:tests/db/smoke_r65.sql:86: WARNING:  CHECK FAILED: eternal core: an undeclared reason parameter in the explanation (finding 15) | EXPECTED FAILURE DID NOT HAPPEN
CAUGHT   row 44: DROP TRIGGER a_pricing_halt_review_guard ON channel_data.pricing_halt_review (5 s)
   ✗ fails (own) smoke «automatic review recorded in a user session (finding 3)» — psql:tests/db/smoke_app.sql:416: WARNING:  CHECK FAILED: automatic review recorded in a user session (finding 3) | EXPECTED FAILURE DID NOT HAPPEN
   ✗ fails (neighbour) audit-guards.pg.test.ts «finding 1» /a release record without the release fails at commit/ — Input: 'halt review 8618a9bc-5425-44bb-88d8-7d8695a5eb6b records a release of pricing halt f2484c0c-75a1-4ce4-9f6f-07126cc3e019 that did not happen' 'halt review 8618a9bc-5425-44bb-88d8-7d8695a5eb6b records a release of pricing halt f2484c0c-75a1-4ce4-9f6f-07126cc3e019 that did not happen'
   ✓ green audit-guards.pg.test.ts «Р-88: releasing the tenant stop needs a second factor» /Р-88: the tenant stop is not released without a second factor/
CAUGHT   row 44: DROP TRIGGER zc_pricing_halt_review_released_in_tx ON channel_data.pricing_halt_review (4 s)
   ✓ green smoke «automatic review recorded in a user session (finding 3)»
   ✗ fails (own) audit-guards.pg.test.ts «finding 1» /a release record without the release fails at commit/ — 'a release record without the release fails at commit' 'accepted'
   ✓ green audit-guards.pg.test.ts «Р-88: releasing the tenant stop needs a second factor» /Р-88: the tenant stop is not released without a second factor/
CAUGHT   row 45: DROP TRIGGER ab_channel_write_budget_day_retry ON tenant_data.channel_write (4 s)
   ✗ fails (own) smoke «retry after midnight is charged to today, whose budget is exhausted (C2, Р-19)» — psql:tests/db/smoke_r65.sql:52: WARNING:  CHECK FAILED: retry after midnight is charged to today, whose budget is exhausted (C2, Р-19) | EXPECTED FAILURE DID NOT HAPPEN
   ✗ fails (own) smoke «retry while the storefront day boundary is unconfirmed (C2, Р-65)» — psql:tests/db/smoke_r65.sql:62: WARNING:  CHECK FAILED: retry while the storefront day boundary is unconfirmed (C2, Р-65) | EXPECTED FAILURE DID NOT HAPPEN
CAUGHT   row 44: tenant_data.price_stop_role_guard(): «AND NOT security.session_mfa() THEN…» → «AND false THEN…» (4 s)
   ✓ green smoke «automatic review recorded in a user session (finding 3)»
   ✓ green audit-guards.pg.test.ts «finding 1» /a release record without the release fails at commit/
   ✗ fails (own) audit-guards.pg.test.ts «Р-88: releasing the tenant stop needs a second factor» /Р-88: the tenant stop is not released without a second factor/ — Р-88: the tenant stop is not released without a second factor + actual - expected + 'RELEASED' - 'MFA_REQUIRED' 'RELEASED'
CAUGHT   row Р-96: GRANT INSERT ON tenant_data.migration_consent TO repracer_app (4 s)
   ✗ fails (own) verify 0073_verify_schema_invariants_v16.sql /tenant_data\.migration_consent: INSERT of the decision path does not match the allow list/ — psql:migrations/0073_verify_schema_invariants_v16.sql:567: ERROR: schema invariant violations: tenant_data.migration_consent: INSERT of the decision path does not match the allow list (Р-96) tenant_data.migration_consent.tenant_id: INSERT of the decision path is not in the allow list (Р-96) tenant_data.migration_consent.channel_account_id: INSERT of the decision path is not in the allow list (Р-96
   ✗ fails (neighbour) verify 0073_verify_schema_invariants_v16.sql /tenant_data\.tenant: UPDATE of the decision path does not match the allow list/ — psql:migrations/0073_verify_schema_invariants_v16.sql:567: ERROR: schema invariant violations: tenant_data.migration_consent: INSERT of the decision path does not match the allow list (Р-96) tenant_data.migration_consent.tenant_id: INSERT of the decision path is not in the allow list (Р-96) tenant_data.migration_consent.channel_account_id: INSERT of the decision path is not in the allow list (Р-96
   ✗ fails (neighbour) verify 0073_verify_schema_invariants_v16.sql /tenant_data\.min_price: INSERT of the decision path does not match the allow list/ — psql:migrations/0073_verify_schema_invariants_v16.sql:567: ERROR: schema invariant violations: tenant_data.migration_consent: INSERT of the decision path does not match the allow list (Р-96) tenant_data.migration_consent.tenant_id: INSERT of the decision path is not in the allow list (Р-96) tenant_data.migration_consent.channel_account_id: INSERT of the decision path is not in the allow list (Р-96
   ✗ fails (neighbour) verify 0073_verify_schema_invariants_v16.sql /tenant_data\.cost_profile: INSERT of the decision path does not match the allow list/ — psql:migrations/0073_verify_schema_invariants_v16.sql:567: ERROR: schema invariant violations: tenant_data.migration_consent: INSERT of the decision path does not match the allow list (Р-96) tenant_data.migration_consent.tenant_id: INSERT of the decision path is not in the allow list (Р-96) tenant_data.migration_consent.channel_account_id: INSERT of the decision path is not in the allow list (Р-96
   ✗ fails (neighbour) verify 0073_verify_schema_invariants_v16.sql /channel_data\.pricing_halt: UPDATE of the decision path does not match the allow list/ — psql:migrations/0073_verify_schema_invariants_v16.sql:567: ERROR: schema invariant violations: tenant_data.migration_consent: INSERT of the decision path does not match the allow list (Р-96) tenant_data.migration_consent.tenant_id: INSERT of the decision path is not in the allow list (Р-96) tenant_data.migration_consent.channel_account_id: INSERT of the decision path is not in the allow list (Р-96
   ✗ fails (neighbour) verify 0073_verify_schema_invariants_v16.sql /channel_data\.pricing_halt_review: INSERT of the decision path does not match the allow list/ — psql:migrations/0073_verify_schema_invariants_v16.sql:567: ERROR: schema invariant violations: tenant_data.migration_consent: INSERT of the decision path does not match the allow list (Р-96) tenant_data.migration_consent.tenant_id: INSERT of the decision path is not in the allow list (Р-96) tenant_data.migration_consent.channel_account_id: INSERT of the decision path is not in the allow list (Р-96
   ✗ fails (neighbour) verify 0073_verify_schema_invariants_v16.sql /audit\.audit_event: INSERT of the decision path does not match the allow list/ — psql:migrations/0073_verify_schema_invariants_v16.sql:567: ERROR: schema invariant violations: tenant_data.migration_consent: INSERT of the decision path does not match the allow list (Р-96) tenant_data.migration_consent.tenant_id: INSERT of the decision path is not in the allow list (Р-96) tenant_data.migration_consent.channel_account_id: INSERT of the decision path is not in the allow list (Р-96
   ✗ fails (neighbour) verify 0073_verify_schema_invariants_v16.sql /security\.invite_member.*SECURITY DEFINER function executable by the decision path/ — psql:migrations/0073_verify_schema_invariants_v16.sql:567: ERROR: schema invariant violations: tenant_data.migration_consent: INSERT of the decision path does not match the allow list (Р-96) tenant_data.migration_consent.tenant_id: INSERT of the decision path is not in the allow list (Р-96) tenant_data.migration_consent.channel_account_id: INSERT of the decision path is not in the allow list (Р-96
   ✗ fails (own, other reason) smoke «path creates an eBay migration consent (Р-96, Р-2)» — psql:tests/db/smoke_path.sql:50: WARNING:  CHECK FAILED: path creates an eBay migration consent (Р-96, Р-2) | EXPECTED FAILURE HAD ANOTHER REASON (expected ^permission denied for table migration_consent$, got 42501 migration consent is given only by the session user in their own name (Р-101))
   ✓ green smoke «path opts the tenant into Kaufland Smart Pricing (Р-96, Р-12, Р-41)»
   ✓ green smoke «path lowers min_price (Р-96, Р-5)»
   ✓ green smoke «path changes the unit cost (Р-96, Р-83)»
   ✓ green smoke «path schedules the review of a halt (finding 2 ревью шага 16)»
   ✓ green smoke «path writes an automatic halt review (finding 2 ревью шага 16)»
   ✓ green smoke «path forges an audit event (finding 5, Р-90)»
   ✓ green smoke «path invites a member (Р-90)»
   ✓ green store.pg.test.ts «Р-54: a concurrent bound change serialises» /decision commit must wait for the bound change/
CAUGHT   row Р-96: GRANT INSERT ON tenant_data.min_price TO repracer_app (5 s)
   ✗ fails (neighbour) verify 0073_verify_schema_invariants_v16.sql /tenant_data\.migration_consent: INSERT of the decision path does not match the allow list/ — psql:migrations/0073_verify_schema_invariants_v16.sql:567: ERROR: schema invariant violations: tenant_data.min_price: INSERT of the decision path does not match the allow list (Р-96) tenant_data.min_price.tenant_id: INSERT of the decision path is not in the allow list (Р-96) tenant_data.min_price.scope_type: INSERT of the decision path is not in the allow list (Р-96) tenant_data.min_price.product_
   ✗ fails (neighbour) verify 0073_verify_schema_invariants_v16.sql /tenant_data\.tenant: UPDATE of the decision path does not match the allow list/ — psql:migrations/0073_verify_schema_invariants_v16.sql:567: ERROR: schema invariant violations: tenant_data.min_price: INSERT of the decision path does not match the allow list (Р-96) tenant_data.min_price.tenant_id: INSERT of the decision path is not in the allow list (Р-96) tenant_data.min_price.scope_type: INSERT of the decision path is not in the allow list (Р-96) tenant_data.min_price.product_
   ✗ fails (own) verify 0073_verify_schema_invariants_v16.sql /tenant_data\.min_price: INSERT of the decision path does not match the allow list/ — psql:migrations/0073_verify_schema_invariants_v16.sql:567: ERROR: schema invariant violations: tenant_data.min_price: INSERT of the decision path does not match the allow list (Р-96) tenant_data.min_price.tenant_id: INSERT of the decision path is not in the allow list (Р-96) tenant_data.min_price.scope_type: INSERT of the decision path is not in the allow list (Р-96) tenant_data.min_price.product_
   ✗ fails (neighbour) verify 0073_verify_schema_invariants_v16.sql /tenant_data\.cost_profile: INSERT of the decision path does not match the allow list/ — psql:migrations/0073_verify_schema_invariants_v16.sql:567: ERROR: schema invariant violations: tenant_data.min_price: INSERT of the decision path does not match the allow list (Р-96) tenant_data.min_price.tenant_id: INSERT of the decision path is not in the allow list (Р-96) tenant_data.min_price.scope_type: INSERT of the decision path is not in the allow list (Р-96) tenant_data.min_price.product_
   ✗ fails (neighbour) verify 0073_verify_schema_invariants_v16.sql /channel_data\.pricing_halt: UPDATE of the decision path does not match the allow list/ — psql:migrations/0073_verify_schema_invariants_v16.sql:567: ERROR: schema invariant violations: tenant_data.min_price: INSERT of the decision path does not match the allow list (Р-96) tenant_data.min_price.tenant_id: INSERT of the decision path is not in the allow list (Р-96) tenant_data.min_price.scope_type: INSERT of the decision path is not in the allow list (Р-96) tenant_data.min_price.product_
   ✗ fails (neighbour) verify 0073_verify_schema_invariants_v16.sql /channel_data\.pricing_halt_review: INSERT of the decision path does not match the allow list/ — psql:migrations/0073_verify_schema_invariants_v16.sql:567: ERROR: schema invariant violations: tenant_data.min_price: INSERT of the decision path does not match the allow list (Р-96) tenant_data.min_price.tenant_id: INSERT of the decision path is not in the allow list (Р-96) tenant_data.min_price.scope_type: INSERT of the decision path is not in the allow list (Р-96) tenant_data.min_price.product_
   ✗ fails (neighbour) verify 0073_verify_schema_invariants_v16.sql /audit\.audit_event: INSERT of the decision path does not match the allow list/ — psql:migrations/0073_verify_schema_invariants_v16.sql:567: ERROR: schema invariant violations: tenant_data.min_price: INSERT of the decision path does not match the allow list (Р-96) tenant_data.min_price.tenant_id: INSERT of the decision path is not in the allow list (Р-96) tenant_data.min_price.scope_type: INSERT of the decision path is not in the allow list (Р-96) tenant_data.min_price.product_
   ✗ fails (neighbour) verify 0073_verify_schema_invariants_v16.sql /security\.invite_member.*SECURITY DEFINER function executable by the decision path/ — psql:migrations/0073_verify_schema_invariants_v16.sql:567: ERROR: schema invariant violations: tenant_data.min_price: INSERT of the decision path does not match the allow list (Р-96) tenant_data.min_price.tenant_id: INSERT of the decision path is not in the allow list (Р-96) tenant_data.min_price.scope_type: INSERT of the decision path is not in the allow list (Р-96) tenant_data.min_price.product_
   ✓ green smoke «path creates an eBay migration consent (Р-96, Р-2)»
   ✓ green smoke «path opts the tenant into Kaufland Smart Pricing (Р-96, Р-12, Р-41)»
   ✗ fails (own, other reason) smoke «path lowers min_price (Р-96, Р-5)» — psql:tests/db/smoke_path.sql:60: WARNING:  CHECK FAILED: path lowers min_price (Р-96, Р-5) | EXPECTED FAILURE HAD ANOTHER REASON (expected ^permission denied for table min_price$, got 23000 tenant_data.min_price: version must be 2 (got 99))
   ✓ green smoke «path changes the unit cost (Р-96, Р-83)»
   ✓ green smoke «path schedules the review of a halt (finding 2 ревью шага 16)»
   ✓ green smoke «path writes an automatic halt review (finding 2 ревью шага 16)»
   ✓ green smoke «path forges an audit event (finding 5, Р-90)»
   ✓ green smoke «path invites a member (Р-90)»
   ✓ green store.pg.test.ts «Р-54: a concurrent bound change serialises» /decision commit must wait for the bound change/
CAUGHT   row Р-96: GRANT UPDATE ON tenant_data.tenant TO repracer_app (5 s)
   ✗ fails (neighbour) verify 0073_verify_schema_invariants_v16.sql /tenant_data\.migration_consent: INSERT of the decision path does not match the allow list/ — psql:migrations/0073_verify_schema_invariants_v16.sql:567: ERROR: schema invariant violations: tenant_data.tenant: UPDATE of the decision path does not match the allow list (Р-96) tenant_data.tenant.data_region: UPDATE of the decision path is not in the allow list (Р-96) tenant_data.tenant.kaufland_smart_pricing_opt_in_at: UPDATE of the decision path is not in the allow list (Р-96) tenant_data.ten
   ✗ fails (own) verify 0073_verify_schema_invariants_v16.sql /tenant_data\.tenant: UPDATE of the decision path does not match the allow list/ — psql:migrations/0073_verify_schema_invariants_v16.sql:567: ERROR: schema invariant violations: tenant_data.tenant: UPDATE of the decision path does not match the allow list (Р-96) tenant_data.tenant.data_region: UPDATE of the decision path is not in the allow list (Р-96) tenant_data.tenant.kaufland_smart_pricing_opt_in_at: UPDATE of the decision path is not in the allow list (Р-96) tenant_data.ten
   ✗ fails (neighbour) verify 0073_verify_schema_invariants_v16.sql /tenant_data\.min_price: INSERT of the decision path does not match the allow list/ — psql:migrations/0073_verify_schema_invariants_v16.sql:567: ERROR: schema invariant violations: tenant_data.tenant: UPDATE of the decision path does not match the allow list (Р-96) tenant_data.tenant.data_region: UPDATE of the decision path is not in the allow list (Р-96) tenant_data.tenant.kaufland_smart_pricing_opt_in_at: UPDATE of the decision path is not in the allow list (Р-96) tenant_data.ten
   ✗ fails (neighbour) verify 0073_verify_schema_invariants_v16.sql /tenant_data\.cost_profile: INSERT of the decision path does not match the allow list/ — psql:migrations/0073_verify_schema_invariants_v16.sql:567: ERROR: schema invariant violations: tenant_data.tenant: UPDATE of the decision path does not match the allow list (Р-96) tenant_data.tenant.data_region: UPDATE of the decision path is not in the allow list (Р-96) tenant_data.tenant.kaufland_smart_pricing_opt_in_at: UPDATE of the decision path is not in the allow list (Р-96) tenant_data.ten
   ✗ fails (neighbour) verify 0073_verify_schema_invariants_v16.sql /channel_data\.pricing_halt: UPDATE of the decision path does not match the allow list/ — psql:migrations/0073_verify_schema_invariants_v16.sql:567: ERROR: schema invariant violations: tenant_data.tenant: UPDATE of the decision path does not match the allow list (Р-96) tenant_data.tenant.data_region: UPDATE of the decision path is not in the allow list (Р-96) tenant_data.tenant.kaufland_smart_pricing_opt_in_at: UPDATE of the decision path is not in the allow list (Р-96) tenant_data.ten
   ✗ fails (neighbour) verify 0073_verify_schema_invariants_v16.sql /channel_data\.pricing_halt_review: INSERT of the decision path does not match the allow list/ — psql:migrations/0073_verify_schema_invariants_v16.sql:567: ERROR: schema invariant violations: tenant_data.tenant: UPDATE of the decision path does not match the allow list (Р-96) tenant_data.tenant.data_region: UPDATE of the decision path is not in the allow list (Р-96) tenant_data.tenant.kaufland_smart_pricing_opt_in_at: UPDATE of the decision path is not in the allow list (Р-96) tenant_data.ten
   ✗ fails (neighbour) verify 0073_verify_schema_invariants_v16.sql /audit\.audit_event: INSERT of the decision path does not match the allow list/ — psql:migrations/0073_verify_schema_invariants_v16.sql:567: ERROR: schema invariant violations: tenant_data.tenant: UPDATE of the decision path does not match the allow list (Р-96) tenant_data.tenant.data_region: UPDATE of the decision path is not in the allow list (Р-96) tenant_data.tenant.kaufland_smart_pricing_opt_in_at: UPDATE of the decision path is not in the allow list (Р-96) tenant_data.ten
   ✗ fails (neighbour) verify 0073_verify_schema_invariants_v16.sql /security\.invite_member.*SECURITY DEFINER function executable by the decision path/ — psql:migrations/0073_verify_schema_invariants_v16.sql:567: ERROR: schema invariant violations: tenant_data.tenant: UPDATE of the decision path does not match the allow list (Р-96) tenant_data.tenant.data_region: UPDATE of the decision path is not in the allow list (Р-96) tenant_data.tenant.kaufland_smart_pricing_opt_in_at: UPDATE of the decision path is not in the allow list (Р-96) tenant_data.ten
   ✓ green smoke «path creates an eBay migration consent (Р-96, Р-2)»
   ✗ fails (own) smoke «path opts the tenant into Kaufland Smart Pricing (Р-96, Р-12, Р-41)» — psql:tests/db/smoke_path.sql:57: WARNING:  CHECK FAILED: path opts the tenant into Kaufland Smart Pricing (Р-96, Р-12, Р-41) | EXPECTED FAILURE DID NOT HAPPEN
   ✓ green smoke «path lowers min_price (Р-96, Р-5)»
   ✓ green smoke «path changes the unit cost (Р-96, Р-83)»
   ✓ green smoke «path schedules the review of a halt (finding 2 ревью шага 16)»
   ✓ green smoke «path writes an automatic halt review (finding 2 ревью шага 16)»
   ✓ green smoke «path forges an audit event (finding 5, Р-90)»
   ✓ green smoke «path invites a member (Р-90)»
   ✓ green store.pg.test.ts «Р-54: a concurrent bound change serialises» /decision commit must wait for the bound change/
CAUGHT   row Р-96: GRANT INSERT ON tenant_data.cost_profile TO repracer_app (5 s)
   ✗ fails (neighbour) verify 0073_verify_schema_invariants_v16.sql /tenant_data\.migration_consent: INSERT of the decision path does not match the allow list/ — psql:migrations/0073_verify_schema_invariants_v16.sql:567: ERROR: schema invariant violations: tenant_data.cost_profile: INSERT of the decision path does not match the allow list (Р-96) tenant_data.cost_profile.tenant_id: INSERT of the decision path is not in the allow list (Р-96) tenant_data.cost_profile.product_id: INSERT of the decision path is not in the allow list (Р-96) tenant_data.cost_prof
   ✗ fails (neighbour) verify 0073_verify_schema_invariants_v16.sql /tenant_data\.tenant: UPDATE of the decision path does not match the allow list/ — psql:migrations/0073_verify_schema_invariants_v16.sql:567: ERROR: schema invariant violations: tenant_data.cost_profile: INSERT of the decision path does not match the allow list (Р-96) tenant_data.cost_profile.tenant_id: INSERT of the decision path is not in the allow list (Р-96) tenant_data.cost_profile.product_id: INSERT of the decision path is not in the allow list (Р-96) tenant_data.cost_prof
   ✗ fails (neighbour) verify 0073_verify_schema_invariants_v16.sql /tenant_data\.min_price: INSERT of the decision path does not match the allow list/ — psql:migrations/0073_verify_schema_invariants_v16.sql:567: ERROR: schema invariant violations: tenant_data.cost_profile: INSERT of the decision path does not match the allow list (Р-96) tenant_data.cost_profile.tenant_id: INSERT of the decision path is not in the allow list (Р-96) tenant_data.cost_profile.product_id: INSERT of the decision path is not in the allow list (Р-96) tenant_data.cost_prof
   ✗ fails (own) verify 0073_verify_schema_invariants_v16.sql /tenant_data\.cost_profile: INSERT of the decision path does not match the allow list/ — psql:migrations/0073_verify_schema_invariants_v16.sql:567: ERROR: schema invariant violations: tenant_data.cost_profile: INSERT of the decision path does not match the allow list (Р-96) tenant_data.cost_profile.tenant_id: INSERT of the decision path is not in the allow list (Р-96) tenant_data.cost_profile.product_id: INSERT of the decision path is not in the allow list (Р-96) tenant_data.cost_prof
   ✗ fails (neighbour) verify 0073_verify_schema_invariants_v16.sql /channel_data\.pricing_halt: UPDATE of the decision path does not match the allow list/ — psql:migrations/0073_verify_schema_invariants_v16.sql:567: ERROR: schema invariant violations: tenant_data.cost_profile: INSERT of the decision path does not match the allow list (Р-96) tenant_data.cost_profile.tenant_id: INSERT of the decision path is not in the allow list (Р-96) tenant_data.cost_profile.product_id: INSERT of the decision path is not in the allow list (Р-96) tenant_data.cost_prof
   ✗ fails (neighbour) verify 0073_verify_schema_invariants_v16.sql /channel_data\.pricing_halt_review: INSERT of the decision path does not match the allow list/ — psql:migrations/0073_verify_schema_invariants_v16.sql:567: ERROR: schema invariant violations: tenant_data.cost_profile: INSERT of the decision path does not match the allow list (Р-96) tenant_data.cost_profile.tenant_id: INSERT of the decision path is not in the allow list (Р-96) tenant_data.cost_profile.product_id: INSERT of the decision path is not in the allow list (Р-96) tenant_data.cost_prof
   ✗ fails (neighbour) verify 0073_verify_schema_invariants_v16.sql /audit\.audit_event: INSERT of the decision path does not match the allow list/ — psql:migrations/0073_verify_schema_invariants_v16.sql:567: ERROR: schema invariant violations: tenant_data.cost_profile: INSERT of the decision path does not match the allow list (Р-96) tenant_data.cost_profile.tenant_id: INSERT of the decision path is not in the allow list (Р-96) tenant_data.cost_profile.product_id: INSERT of the decision path is not in the allow list (Р-96) tenant_data.cost_prof
   ✗ fails (neighbour) verify 0073_verify_schema_invariants_v16.sql /security\.invite_member.*SECURITY DEFINER function executable by the decision path/ — psql:migrations/0073_verify_schema_invariants_v16.sql:567: ERROR: schema invariant violations: tenant_data.cost_profile: INSERT of the decision path does not match the allow list (Р-96) tenant_data.cost_profile.tenant_id: INSERT of the decision path is not in the allow list (Р-96) tenant_data.cost_profile.product_id: INSERT of the decision path is not in the allow list (Р-96) tenant_data.cost_prof
   ✓ green smoke «path creates an eBay migration consent (Р-96, Р-2)»
   ✓ green smoke «path opts the tenant into Kaufland Smart Pricing (Р-96, Р-12, Р-41)»
   ✓ green smoke «path lowers min_price (Р-96, Р-5)»
   ✗ fails (own, other reason) smoke «path changes the unit cost (Р-96, Р-83)» — psql:tests/db/smoke_path.sql:66: WARNING:  CHECK FAILED: path changes the unit cost (Р-96, Р-83) | EXPECTED FAILURE HAD ANOTHER REASON (expected ^permission denied for table cost_profile$, got 23000 tenant_data.cost_profile: version must be 1 (got 99))
   ✓ green smoke «path schedules the review of a halt (finding 2 ревью шага 16)»
   ✓ green smoke «path writes an automatic halt review (finding 2 ревью шага 16)»
   ✓ green smoke «path forges an audit event (finding 5, Р-90)»
   ✓ green smoke «path invites a member (Р-90)»
   ✓ green store.pg.test.ts «Р-54: a concurrent bound change serialises» /decision commit must wait for the bound change/
CAUGHT   row Р-96: GRANT UPDATE ON channel_data.pricing_halt TO repracer_app (5 s)
   ✗ fails (neighbour) verify 0073_verify_schema_invariants_v16.sql /tenant_data\.migration_consent: INSERT of the decision path does not match the allow list/ — psql:migrations/0073_verify_schema_invariants_v16.sql:567: ERROR: schema invariant violations: channel_data.pricing_halt: UPDATE of the decision path does not match the allow list (Р-96) channel_data.pricing_halt.released_at: UPDATE of the decision path is not in the allow list (Р-96) channel_data.pricing_halt.released_by_membership_id: UPDATE of the decision path is not in the allow list (Р-96) c
   ✗ fails (neighbour) verify 0073_verify_schema_invariants_v16.sql /tenant_data\.tenant: UPDATE of the decision path does not match the allow list/ — psql:migrations/0073_verify_schema_invariants_v16.sql:567: ERROR: schema invariant violations: channel_data.pricing_halt: UPDATE of the decision path does not match the allow list (Р-96) channel_data.pricing_halt.released_at: UPDATE of the decision path is not in the allow list (Р-96) channel_data.pricing_halt.released_by_membership_id: UPDATE of the decision path is not in the allow list (Р-96) c
   ✗ fails (neighbour) verify 0073_verify_schema_invariants_v16.sql /tenant_data\.min_price: INSERT of the decision path does not match the allow list/ — psql:migrations/0073_verify_schema_invariants_v16.sql:567: ERROR: schema invariant violations: channel_data.pricing_halt: UPDATE of the decision path does not match the allow list (Р-96) channel_data.pricing_halt.released_at: UPDATE of the decision path is not in the allow list (Р-96) channel_data.pricing_halt.released_by_membership_id: UPDATE of the decision path is not in the allow list (Р-96) c
   ✗ fails (neighbour) verify 0073_verify_schema_invariants_v16.sql /tenant_data\.cost_profile: INSERT of the decision path does not match the allow list/ — psql:migrations/0073_verify_schema_invariants_v16.sql:567: ERROR: schema invariant violations: channel_data.pricing_halt: UPDATE of the decision path does not match the allow list (Р-96) channel_data.pricing_halt.released_at: UPDATE of the decision path is not in the allow list (Р-96) channel_data.pricing_halt.released_by_membership_id: UPDATE of the decision path is not in the allow list (Р-96) c
   ✗ fails (own) verify 0073_verify_schema_invariants_v16.sql /channel_data\.pricing_halt: UPDATE of the decision path does not match the allow list/ — psql:migrations/0073_verify_schema_invariants_v16.sql:567: ERROR: schema invariant violations: channel_data.pricing_halt: UPDATE of the decision path does not match the allow list (Р-96) channel_data.pricing_halt.released_at: UPDATE of the decision path is not in the allow list (Р-96) channel_data.pricing_halt.released_by_membership_id: UPDATE of the decision path is not in the allow list (Р-96) c
   ✗ fails (neighbour) verify 0073_verify_schema_invariants_v16.sql /channel_data\.pricing_halt_review: INSERT of the decision path does not match the allow list/ — psql:migrations/0073_verify_schema_invariants_v16.sql:567: ERROR: schema invariant violations: channel_data.pricing_halt: UPDATE of the decision path does not match the allow list (Р-96) channel_data.pricing_halt.released_at: UPDATE of the decision path is not in the allow list (Р-96) channel_data.pricing_halt.released_by_membership_id: UPDATE of the decision path is not in the allow list (Р-96) c
   ✗ fails (neighbour) verify 0073_verify_schema_invariants_v16.sql /audit\.audit_event: INSERT of the decision path does not match the allow list/ — psql:migrations/0073_verify_schema_invariants_v16.sql:567: ERROR: schema invariant violations: channel_data.pricing_halt: UPDATE of the decision path does not match the allow list (Р-96) channel_data.pricing_halt.released_at: UPDATE of the decision path is not in the allow list (Р-96) channel_data.pricing_halt.released_by_membership_id: UPDATE of the decision path is not in the allow list (Р-96) c
   ✗ fails (neighbour) verify 0073_verify_schema_invariants_v16.sql /security\.invite_member.*SECURITY DEFINER function executable by the decision path/ — psql:migrations/0073_verify_schema_invariants_v16.sql:567: ERROR: schema invariant violations: channel_data.pricing_halt: UPDATE of the decision path does not match the allow list (Р-96) channel_data.pricing_halt.released_at: UPDATE of the decision path is not in the allow list (Р-96) channel_data.pricing_halt.released_by_membership_id: UPDATE of the decision path is not in the allow list (Р-96) c
   ✓ green smoke «path creates an eBay migration consent (Р-96, Р-2)»
   ✓ green smoke «path opts the tenant into Kaufland Smart Pricing (Р-96, Р-12, Р-41)»
   ✓ green smoke «path lowers min_price (Р-96, Р-5)»
   ✓ green smoke «path changes the unit cost (Р-96, Р-83)»
   ✗ fails (own) smoke «path schedules the review of a halt (finding 2 ревью шага 16)» — psql:tests/db/smoke_path.sql:85: WARNING:  CHECK FAILED: path schedules the review of a halt (finding 2 ревью шага 16) | EXPECTED FAILURE DID NOT HAPPEN
   ✓ green smoke «path writes an automatic halt review (finding 2 ревью шага 16)»
   ✓ green smoke «path forges an audit event (finding 5, Р-90)»
   ✓ green smoke «path invites a member (Р-90)»
   ✓ green store.pg.test.ts «Р-54: a concurrent bound change serialises» /decision commit must wait for the bound change/
CAUGHT   row Р-96: GRANT INSERT ON channel_data.pricing_halt_review TO repracer_app (5 s)
   ✗ fails (neighbour) verify 0073_verify_schema_invariants_v16.sql /tenant_data\.migration_consent: INSERT of the decision path does not match the allow list/ — psql:migrations/0073_verify_schema_invariants_v16.sql:567: ERROR: schema invariant violations: channel_data.pricing_halt_review: INSERT of the decision path does not match the allow list (Р-96) channel_data.pricing_halt_review.tenant_id: INSERT of the decision path is not in the allow list (Р-96) channel_data.pricing_halt_review.pricing_halt_id: INSERT of the decision path is not in the allow list
   ✗ fails (neighbour) verify 0073_verify_schema_invariants_v16.sql /tenant_data\.tenant: UPDATE of the decision path does not match the allow list/ — psql:migrations/0073_verify_schema_invariants_v16.sql:567: ERROR: schema invariant violations: channel_data.pricing_halt_review: INSERT of the decision path does not match the allow list (Р-96) channel_data.pricing_halt_review.tenant_id: INSERT of the decision path is not in the allow list (Р-96) channel_data.pricing_halt_review.pricing_halt_id: INSERT of the decision path is not in the allow list
   ✗ fails (neighbour) verify 0073_verify_schema_invariants_v16.sql /tenant_data\.min_price: INSERT of the decision path does not match the allow list/ — psql:migrations/0073_verify_schema_invariants_v16.sql:567: ERROR: schema invariant violations: channel_data.pricing_halt_review: INSERT of the decision path does not match the allow list (Р-96) channel_data.pricing_halt_review.tenant_id: INSERT of the decision path is not in the allow list (Р-96) channel_data.pricing_halt_review.pricing_halt_id: INSERT of the decision path is not in the allow list
   ✗ fails (neighbour) verify 0073_verify_schema_invariants_v16.sql /tenant_data\.cost_profile: INSERT of the decision path does not match the allow list/ — psql:migrations/0073_verify_schema_invariants_v16.sql:567: ERROR: schema invariant violations: channel_data.pricing_halt_review: INSERT of the decision path does not match the allow list (Р-96) channel_data.pricing_halt_review.tenant_id: INSERT of the decision path is not in the allow list (Р-96) channel_data.pricing_halt_review.pricing_halt_id: INSERT of the decision path is not in the allow list
   ✗ fails (neighbour) verify 0073_verify_schema_invariants_v16.sql /channel_data\.pricing_halt: UPDATE of the decision path does not match the allow list/ — psql:migrations/0073_verify_schema_invariants_v16.sql:567: ERROR: schema invariant violations: channel_data.pricing_halt_review: INSERT of the decision path does not match the allow list (Р-96) channel_data.pricing_halt_review.tenant_id: INSERT of the decision path is not in the allow list (Р-96) channel_data.pricing_halt_review.pricing_halt_id: INSERT of the decision path is not in the allow list
   ✗ fails (own) verify 0073_verify_schema_invariants_v16.sql /channel_data\.pricing_halt_review: INSERT of the decision path does not match the allow list/ — psql:migrations/0073_verify_schema_invariants_v16.sql:567: ERROR: schema invariant violations: channel_data.pricing_halt_review: INSERT of the decision path does not match the allow list (Р-96) channel_data.pricing_halt_review.tenant_id: INSERT of the decision path is not in the allow list (Р-96) channel_data.pricing_halt_review.pricing_halt_id: INSERT of the decision path is not in the allow list
   ✗ fails (neighbour) verify 0073_verify_schema_invariants_v16.sql /audit\.audit_event: INSERT of the decision path does not match the allow list/ — psql:migrations/0073_verify_schema_invariants_v16.sql:567: ERROR: schema invariant violations: channel_data.pricing_halt_review: INSERT of the decision path does not match the allow list (Р-96) channel_data.pricing_halt_review.tenant_id: INSERT of the decision path is not in the allow list (Р-96) channel_data.pricing_halt_review.pricing_halt_id: INSERT of the decision path is not in the allow list
   ✗ fails (neighbour) verify 0073_verify_schema_invariants_v16.sql /security\.invite_member.*SECURITY DEFINER function executable by the decision path/ — psql:migrations/0073_verify_schema_invariants_v16.sql:567: ERROR: schema invariant violations: channel_data.pricing_halt_review: INSERT of the decision path does not match the allow list (Р-96) channel_data.pricing_halt_review.tenant_id: INSERT of the decision path is not in the allow list (Р-96) channel_data.pricing_halt_review.pricing_halt_id: INSERT of the decision path is not in the allow list
   ✓ green smoke «path creates an eBay migration consent (Р-96, Р-2)»
   ✓ green smoke «path opts the tenant into Kaufland Smart Pricing (Р-96, Р-12, Р-41)»
   ✓ green smoke «path lowers min_price (Р-96, Р-5)»
   ✓ green smoke «path changes the unit cost (Р-96, Р-83)»
   ✓ green smoke «path schedules the review of a halt (finding 2 ревью шага 16)»
   ✗ fails (own) smoke «path writes an automatic halt review (finding 2 ревью шага 16)» — psql:tests/db/smoke_path.sql:88: WARNING:  CHECK FAILED: path writes an automatic halt review (finding 2 ревью шага 16) | EXPECTED FAILURE DID NOT HAPPEN
   ✓ green smoke «path forges an audit event (finding 5, Р-90)»
   ✓ green smoke «path invites a member (Р-90)»
   ✓ green store.pg.test.ts «Р-54: a concurrent bound change serialises» /decision commit must wait for the bound change/
CAUGHT   row Р-96: GRANT INSERT ON audit.audit_event TO repracer_app (5 s)
   ✗ fails (neighbour) verify 0073_verify_schema_invariants_v16.sql /tenant_data\.migration_consent: INSERT of the decision path does not match the allow list/ — psql:migrations/0073_verify_schema_invariants_v16.sql:567: ERROR: schema invariant violations: audit.audit_event: INSERT of the decision path does not match the allow list (Р-96) audit.audit_event.tenant_id: INSERT of the decision path is not in the allow list (Р-96) audit.audit_event.occurred_at: INSERT of the decision path is not in the allow list (Р-96) audit.audit_event.actor_type: INSERT of t
   ✗ fails (neighbour) verify 0073_verify_schema_invariants_v16.sql /tenant_data\.tenant: UPDATE of the decision path does not match the allow list/ — psql:migrations/0073_verify_schema_invariants_v16.sql:567: ERROR: schema invariant violations: audit.audit_event: INSERT of the decision path does not match the allow list (Р-96) audit.audit_event.tenant_id: INSERT of the decision path is not in the allow list (Р-96) audit.audit_event.occurred_at: INSERT of the decision path is not in the allow list (Р-96) audit.audit_event.actor_type: INSERT of t
   ✗ fails (neighbour) verify 0073_verify_schema_invariants_v16.sql /tenant_data\.min_price: INSERT of the decision path does not match the allow list/ — psql:migrations/0073_verify_schema_invariants_v16.sql:567: ERROR: schema invariant violations: audit.audit_event: INSERT of the decision path does not match the allow list (Р-96) audit.audit_event.tenant_id: INSERT of the decision path is not in the allow list (Р-96) audit.audit_event.occurred_at: INSERT of the decision path is not in the allow list (Р-96) audit.audit_event.actor_type: INSERT of t
   ✗ fails (neighbour) verify 0073_verify_schema_invariants_v16.sql /tenant_data\.cost_profile: INSERT of the decision path does not match the allow list/ — psql:migrations/0073_verify_schema_invariants_v16.sql:567: ERROR: schema invariant violations: audit.audit_event: INSERT of the decision path does not match the allow list (Р-96) audit.audit_event.tenant_id: INSERT of the decision path is not in the allow list (Р-96) audit.audit_event.occurred_at: INSERT of the decision path is not in the allow list (Р-96) audit.audit_event.actor_type: INSERT of t
   ✗ fails (neighbour) verify 0073_verify_schema_invariants_v16.sql /channel_data\.pricing_halt: UPDATE of the decision path does not match the allow list/ — psql:migrations/0073_verify_schema_invariants_v16.sql:567: ERROR: schema invariant violations: audit.audit_event: INSERT of the decision path does not match the allow list (Р-96) audit.audit_event.tenant_id: INSERT of the decision path is not in the allow list (Р-96) audit.audit_event.occurred_at: INSERT of the decision path is not in the allow list (Р-96) audit.audit_event.actor_type: INSERT of t
   ✗ fails (neighbour) verify 0073_verify_schema_invariants_v16.sql /channel_data\.pricing_halt_review: INSERT of the decision path does not match the allow list/ — psql:migrations/0073_verify_schema_invariants_v16.sql:567: ERROR: schema invariant violations: audit.audit_event: INSERT of the decision path does not match the allow list (Р-96) audit.audit_event.tenant_id: INSERT of the decision path is not in the allow list (Р-96) audit.audit_event.occurred_at: INSERT of the decision path is not in the allow list (Р-96) audit.audit_event.actor_type: INSERT of t
   ✗ fails (own) verify 0073_verify_schema_invariants_v16.sql /audit\.audit_event: INSERT of the decision path does not match the allow list/ — psql:migrations/0073_verify_schema_invariants_v16.sql:567: ERROR: schema invariant violations: audit.audit_event: INSERT of the decision path does not match the allow list (Р-96) audit.audit_event.tenant_id: INSERT of the decision path is not in the allow list (Р-96) audit.audit_event.occurred_at: INSERT of the decision path is not in the allow list (Р-96) audit.audit_event.actor_type: INSERT of t
   ✗ fails (neighbour) verify 0073_verify_schema_invariants_v16.sql /security\.invite_member.*SECURITY DEFINER function executable by the decision path/ — psql:migrations/0073_verify_schema_invariants_v16.sql:567: ERROR: schema invariant violations: audit.audit_event: INSERT of the decision path does not match the allow list (Р-96) audit.audit_event.tenant_id: INSERT of the decision path is not in the allow list (Р-96) audit.audit_event.occurred_at: INSERT of the decision path is not in the allow list (Р-96) audit.audit_event.actor_type: INSERT of t
   ✓ green smoke «path creates an eBay migration consent (Р-96, Р-2)»
   ✓ green smoke «path opts the tenant into Kaufland Smart Pricing (Р-96, Р-12, Р-41)»
   ✓ green smoke «path lowers min_price (Р-96, Р-5)»
   ✓ green smoke «path changes the unit cost (Р-96, Р-83)»
   ✓ green smoke «path schedules the review of a halt (finding 2 ревью шага 16)»
   ✓ green smoke «path writes an automatic halt review (finding 2 ревью шага 16)»
   ✗ fails (own) smoke «path forges an audit event (finding 5, Р-90)» — psql:tests/db/smoke_path.sql:108: WARNING:  CHECK FAILED: path forges an audit event (finding 5, Р-90) | EXPECTED FAILURE DID NOT HAPPEN
   ✓ green smoke «path invites a member (Р-90)»
   ✓ green store.pg.test.ts «Р-54: a concurrent bound change serialises» /decision commit must wait for the bound change/
CAUGHT   row находка 2: channel_data.review_halt_by_sample(uuid,uuid,timestamptz): «IF failed > 0 THEN…» → «IF false THEN…» (2 s)
   ✗ fails (own) audit-guards.pg.test.ts «finding 3» /SAMPLE_FAILED: one failed observation fails the review/ — SAMPLE_FAILED: one failed observation fails the review + actual - expected + 'RELEASED' - 'SAMPLE_FAILED' 'RELEASED'
   ✗ fails (neighbour) audit-guards.pg.test.ts «finding 3» /NO_SAMPLE: fewer accepted products than the sample requires/ — SAMPLE_FAILED: one failed observation fails the review + actual - expected + 'RELEASED' - 'SAMPLE_FAILED' 'RELEASED'
   ✗ fails (neighbour) audit-guards.pg.test.ts «finding 3» /NOT_DUE: the review window has not elapsed/ — SAMPLE_FAILED: one failed observation fails the review + actual - expected + 'RELEASED' - 'SAMPLE_FAILED' 'RELEASED'
   ✗ fails (neighbour) audit-guards.pg.test.ts «finding 3» /NOT_DUE: the review window has not elapsed and a moment in the future does not shorten it/ — SAMPLE_FAILED: one failed observation fails the review + actual - expected + 'RELEASED' - 'SAMPLE_FAILED' 'RELEASED'
   ✗ fails (neighbour) audit-guards.pg.test.ts «finding 3» /NO_SAMPLE: an observation after the review moment does not count/ — SAMPLE_FAILED: one failed observation fails the review + actual - expected + 'RELEASED' - 'SAMPLE_FAILED' 'RELEASED'
   ✗ fails (neighbour) audit-guards.pg.test.ts «finding 3» /NO_SAMPLE: a stale observation and a product outside the storefront do not count/ — SAMPLE_FAILED: one failed observation fails the review + actual - expected + 'RELEASED' - 'SAMPLE_FAILED' 'RELEASED'
   ✗ fails (neighbour) audit-guards.pg.test.ts «finding 3» /the review of a halt runs only in the context of its own tenant/ — SAMPLE_FAILED: one failed observation fails the review + actual - expected + 'RELEASED' - 'SAMPLE_FAILED' 'RELEASED'
CAUGHT   row Р-96: GRANT EXECUTE ON FUNCTION security.invite_member(uuid, text, text, bytea, interval) TO repracer_app (5 s)
   ✗ fails (neighbour) verify 0073_verify_schema_invariants_v16.sql /tenant_data\.migration_consent: INSERT of the decision path does not match the allow list/ — psql:migrations/0073_verify_schema_invariants_v16.sql:567: ERROR: schema invariant violations: security.invite_member(uuid,text,text,bytea,interval): SECURITY DEFINER function executable by the decision path is not in the allow list (Р-96) КОНТЕКСТ: PL/pgSQL function inline_code_block line 542 at RAISE 
   ✗ fails (neighbour) verify 0073_verify_schema_invariants_v16.sql /tenant_data\.tenant: UPDATE of the decision path does not match the allow list/ — psql:migrations/0073_verify_schema_invariants_v16.sql:567: ERROR: schema invariant violations: security.invite_member(uuid,text,text,bytea,interval): SECURITY DEFINER function executable by the decision path is not in the allow list (Р-96) КОНТЕКСТ: PL/pgSQL function inline_code_block line 542 at RAISE 
   ✗ fails (neighbour) verify 0073_verify_schema_invariants_v16.sql /tenant_data\.min_price: INSERT of the decision path does not match the allow list/ — psql:migrations/0073_verify_schema_invariants_v16.sql:567: ERROR: schema invariant violations: security.invite_member(uuid,text,text,bytea,interval): SECURITY DEFINER function executable by the decision path is not in the allow list (Р-96) КОНТЕКСТ: PL/pgSQL function inline_code_block line 542 at RAISE 
   ✗ fails (neighbour) verify 0073_verify_schema_invariants_v16.sql /tenant_data\.cost_profile: INSERT of the decision path does not match the allow list/ — psql:migrations/0073_verify_schema_invariants_v16.sql:567: ERROR: schema invariant violations: security.invite_member(uuid,text,text,bytea,interval): SECURITY DEFINER function executable by the decision path is not in the allow list (Р-96) КОНТЕКСТ: PL/pgSQL function inline_code_block line 542 at RAISE 
   ✗ fails (neighbour) verify 0073_verify_schema_invariants_v16.sql /channel_data\.pricing_halt: UPDATE of the decision path does not match the allow list/ — psql:migrations/0073_verify_schema_invariants_v16.sql:567: ERROR: schema invariant violations: security.invite_member(uuid,text,text,bytea,interval): SECURITY DEFINER function executable by the decision path is not in the allow list (Р-96) КОНТЕКСТ: PL/pgSQL function inline_code_block line 542 at RAISE 
   ✗ fails (neighbour) verify 0073_verify_schema_invariants_v16.sql /channel_data\.pricing_halt_review: INSERT of the decision path does not match the allow list/ — psql:migrations/0073_verify_schema_invariants_v16.sql:567: ERROR: schema invariant violations: security.invite_member(uuid,text,text,bytea,interval): SECURITY DEFINER function executable by the decision path is not in the allow list (Р-96) КОНТЕКСТ: PL/pgSQL function inline_code_block line 542 at RAISE 
   ✗ fails (neighbour) verify 0073_verify_schema_invariants_v16.sql /audit\.audit_event: INSERT of the decision path does not match the allow list/ — psql:migrations/0073_verify_schema_invariants_v16.sql:567: ERROR: schema invariant violations: security.invite_member(uuid,text,text,bytea,interval): SECURITY DEFINER function executable by the decision path is not in the allow list (Р-96) КОНТЕКСТ: PL/pgSQL function inline_code_block line 542 at RAISE 
   ✗ fails (own) verify 0073_verify_schema_invariants_v16.sql /security\.invite_member.*SECURITY DEFINER function executable by the decision path/ — psql:migrations/0073_verify_schema_invariants_v16.sql:567: ERROR: schema invariant violations: security.invite_member(uuid,text,text,bytea,interval): SECURITY DEFINER function executable by the decision path is not in the allow list (Р-96) КОНТЕКСТ: PL/pgSQL function inline_code_block line 542 at RAISE 
   ✓ green smoke «path creates an eBay migration consent (Р-96, Р-2)»
   ✓ green smoke «path opts the tenant into Kaufland Smart Pricing (Р-96, Р-12, Р-41)»
   ✓ green smoke «path lowers min_price (Р-96, Р-5)»
   ✓ green smoke «path changes the unit cost (Р-96, Р-83)»
   ✓ green smoke «path schedules the review of a halt (finding 2 ревью шага 16)»
   ✓ green smoke «path writes an automatic halt review (finding 2 ревью шага 16)»
   ✓ green smoke «path forges an audit event (finding 5, Р-90)»
   ✗ fails (own, other reason) smoke «path invites a member (Р-90)» — psql:tests/db/smoke_path.sql:119: WARNING:  CHECK FAILED: path invites a member (Р-90) | EXPECTED FAILURE HAD ANOTHER REASON (expected ^permission denied for function invite_member$, got 42501 only an active owner or admin of the tenant invites members)
   ✓ green store.pg.test.ts «Р-54: a concurrent bound change serialises» /decision commit must wait for the bound change/
CAUGHT   row Р-96: CREATE OR REPLACE FUNCTION tenant_data.lock_decision_products(p_tenant_id uuid, p_write_scope_ids uuid[]) RETU (5 s)
   ✓ green verify 0073_verify_schema_invariants_v16.sql /tenant_data\.migration_consent: INSERT of the decision path does not match the allow list/
   ✓ green verify 0073_verify_schema_invariants_v16.sql /tenant_data\.tenant: UPDATE of the decision path does not match the allow list/
   ✓ green verify 0073_verify_schema_invariants_v16.sql /tenant_data\.min_price: INSERT of the decision path does not match the allow list/
   ✓ green verify 0073_verify_schema_invariants_v16.sql /tenant_data\.cost_profile: INSERT of the decision path does not match the allow list/
   ✓ green verify 0073_verify_schema_invariants_v16.sql /channel_data\.pricing_halt: UPDATE of the decision path does not match the allow list/
   ✓ green verify 0073_verify_schema_invariants_v16.sql /channel_data\.pricing_halt_review: INSERT of the decision path does not match the allow list/
   ✓ green verify 0073_verify_schema_invariants_v16.sql /audit\.audit_event: INSERT of the decision path does not match the allow list/
   ✓ green verify 0073_verify_schema_invariants_v16.sql /security\.invite_member.*SECURITY DEFINER function executable by the decision path/
   ✓ green smoke «path creates an eBay migration consent (Р-96, Р-2)»
   ✓ green smoke «path opts the tenant into Kaufland Smart Pricing (Р-96, Р-12, Р-41)»
   ✓ green smoke «path lowers min_price (Р-96, Р-5)»
   ✓ green smoke «path changes the unit cost (Р-96, Р-83)»
   ✓ green smoke «path schedules the review of a halt (finding 2 ревью шага 16)»
   ✓ green smoke «path writes an automatic halt review (finding 2 ревью шага 16)»
   ✓ green smoke «path forges an audit event (finding 5, Р-90)»
   ✓ green smoke «path invites a member (Р-90)»
   ✗ fails (own) store.pg.test.ts «Р-54: a concurrent bound change serialises» /decision commit must wait for the bound change/ — decision commit must wait for the bound change true !== false true
CAUGHT   row находка 2: channel_data.review_halt_by_sample(uuid,uuid,timestamptz): «IF accepted < required THEN…» → «IF false THEN…» (2 s)
   ✗ fails (neighbour) audit-guards.pg.test.ts «finding 3» /SAMPLE_FAILED: one failed observation fails the review/ — 'new row for relation "pricing_halt_review" violates check constraint "pricing_halt_review_check4"' ; NO_SAMPLE: fewer accepted products than the sample requires + actual - expected + 'RELEASED' - 'NO_SAMPLE' 'RELEASED'
   ✗ fails (own) audit-guards.pg.test.ts «finding 3» /NO_SAMPLE: fewer accepted products than the sample requires/ — 'new row for relation "pricing_halt_review" violates check constraint "pricing_halt_review_check4"' ; NO_SAMPLE: fewer accepted products than the sample requires + actual - expected + 'RELEASED' - 'NO_SAMPLE' 'RELEASED'
   ✗ fails (neighbour) audit-guards.pg.test.ts «finding 3» /NOT_DUE: the review window has not elapsed/ — 'new row for relation "pricing_halt_review" violates check constraint "pricing_halt_review_check4"' ; NO_SAMPLE: fewer accepted products than the sample requires + actual - expected + 'RELEASED' - 'NO_SAMPLE' 'RELEASED'
   ✗ fails (neighbour) audit-guards.pg.test.ts «finding 3» /NOT_DUE: the review window has not elapsed and a moment in the future does not shorten it/ — 'new row for relation "pricing_halt_review" violates check constraint "pricing_halt_review_check4"' ; NO_SAMPLE: fewer accepted products than the sample requires + actual - expected + 'RELEASED' - 'NO_SAMPLE' 'RELEASED'
   ✗ fails (neighbour) audit-guards.pg.test.ts «finding 3» /NO_SAMPLE: an observation after the review moment does not count/ — 'new row for relation "pricing_halt_review" violates check constraint "pricing_halt_review_check4"' ; NO_SAMPLE: fewer accepted products than the sample requires + actual - expected + 'RELEASED' - 'NO_SAMPLE' 'RELEASED'
   ✗ fails (neighbour) audit-guards.pg.test.ts «finding 3» /NO_SAMPLE: a stale observation and a product outside the storefront do not count/ — 'new row for relation "pricing_halt_review" violates check constraint "pricing_halt_review_check4"' ; NO_SAMPLE: fewer accepted products than the sample requires + actual - expected + 'RELEASED' - 'NO_SAMPLE' 'RELEASED'
   ✗ fails (neighbour) audit-guards.pg.test.ts «finding 3» /the review of a halt runs only in the context of its own tenant/ — 'new row for relation "pricing_halt_review" violates check constraint "pricing_halt_review_check4"' ; NO_SAMPLE: fewer accepted products than the sample requires + actual - expected + 'RELEASED' - 'NO_SAMPLE' 'RELEASED'
CAUGHT   row находка 2: channel_data.review_halt_by_sample(uuid,uuid,timestamptz): «IF v_at < h.next_review_at THEN…» → «IF false THEN…» (3 s)
   ✗ fails (neighbour) audit-guards.pg.test.ts «finding 3» /SAMPLE_FAILED: one failed observation fails the review/ — NOT_DUE: the review window has not elapsed and a moment in the future does not shorten it + actual - expected + 'NO_SAMPLE' - 'NOT_DUE' ^ 'NO_SAMPLE'
   ✗ fails (neighbour) audit-guards.pg.test.ts «finding 3» /NO_SAMPLE: fewer accepted products than the sample requires/ — NOT_DUE: the review window has not elapsed and a moment in the future does not shorten it + actual - expected + 'NO_SAMPLE' - 'NOT_DUE' ^ 'NO_SAMPLE'
   ✗ fails (own) audit-guards.pg.test.ts «finding 3» /NOT_DUE: the review window has not elapsed/ — NOT_DUE: the review window has not elapsed and a moment in the future does not shorten it + actual - expected + 'NO_SAMPLE' - 'NOT_DUE' ^ 'NO_SAMPLE'
   ✗ fails (neighbour) audit-guards.pg.test.ts «finding 3» /NOT_DUE: the review window has not elapsed and a moment in the future does not shorten it/ — NOT_DUE: the review window has not elapsed and a moment in the future does not shorten it + actual - expected + 'NO_SAMPLE' - 'NOT_DUE' ^ 'NO_SAMPLE'
   ✗ fails (neighbour) audit-guards.pg.test.ts «finding 3» /NO_SAMPLE: an observation after the review moment does not count/ — NOT_DUE: the review window has not elapsed and a moment in the future does not shorten it + actual - expected + 'NO_SAMPLE' - 'NOT_DUE' ^ 'NO_SAMPLE'
   ✗ fails (neighbour) audit-guards.pg.test.ts «finding 3» /NO_SAMPLE: a stale observation and a product outside the storefront do not count/ — NOT_DUE: the review window has not elapsed and a moment in the future does not shorten it + actual - expected + 'NO_SAMPLE' - 'NOT_DUE' ^ 'NO_SAMPLE'
   ✗ fails (neighbour) audit-guards.pg.test.ts «finding 3» /the review of a halt runs only in the context of its own tenant/ — NOT_DUE: the review window has not elapsed and a moment in the future does not shorten it + actual - expected + 'NO_SAMPLE' - 'NOT_DUE' ^ 'NO_SAMPLE'
CAUGHT   row находка 2: channel_data.review_halt_by_sample(uuid,uuid,timestamptz): «v_at      timestamptz := least(p_at, now());…» → «v_at      timestamptz := p_at;…» (3 s)
   ✗ fails (neighbour) audit-guards.pg.test.ts «finding 3» /SAMPLE_FAILED: one failed observation fails the review/ — NOT_DUE: the review window has not elapsed and a moment in the future does not shorten it + actual - expected + 'NO_SAMPLE' - 'NOT_DUE' ^ 'NO_SAMPLE'
   ✗ fails (neighbour) audit-guards.pg.test.ts «finding 3» /NO_SAMPLE: fewer accepted products than the sample requires/ — NOT_DUE: the review window has not elapsed and a moment in the future does not shorten it + actual - expected + 'NO_SAMPLE' - 'NOT_DUE' ^ 'NO_SAMPLE'
   ✗ fails (neighbour) audit-guards.pg.test.ts «finding 3» /NOT_DUE: the review window has not elapsed/ — NOT_DUE: the review window has not elapsed and a moment in the future does not shorten it + actual - expected + 'NO_SAMPLE' - 'NOT_DUE' ^ 'NO_SAMPLE'
   ✗ fails (own) audit-guards.pg.test.ts «finding 3» /NOT_DUE: the review window has not elapsed and a moment in the future does not shorten it/ — NOT_DUE: the review window has not elapsed and a moment in the future does not shorten it + actual - expected + 'NO_SAMPLE' - 'NOT_DUE' ^ 'NO_SAMPLE'
   ✗ fails (neighbour) audit-guards.pg.test.ts «finding 3» /NO_SAMPLE: an observation after the review moment does not count/ — NOT_DUE: the review window has not elapsed and a moment in the future does not shorten it + actual - expected + 'NO_SAMPLE' - 'NOT_DUE' ^ 'NO_SAMPLE'
   ✗ fails (neighbour) audit-guards.pg.test.ts «finding 3» /NO_SAMPLE: a stale observation and a product outside the storefront do not count/ — NOT_DUE: the review window has not elapsed and a moment in the future does not shorten it + actual - expected + 'NO_SAMPLE' - 'NOT_DUE' ^ 'NO_SAMPLE'
   ✗ fails (neighbour) audit-guards.pg.test.ts «finding 3» /the review of a halt runs only in the context of its own tenant/ — NOT_DUE: the review window has not elapsed and a moment in the future does not shorten it + actual - expected + 'NO_SAMPLE' - 'NOT_DUE' ^ 'NO_SAMPLE'
CAUGHT   row находка 2: channel_data.review_halt_by_sample(uuid,uuid,timestamptz): «AND sm.observed_at <= v_at;…» → «;…» (2 s)
   ✗ fails (neighbour) audit-guards.pg.test.ts «finding 3» /SAMPLE_FAILED: one failed observation fails the review/ — NO_SAMPLE: an observation after the review moment does not count + actual - expected + 'RELEASED' - 'NO_SAMPLE' 'RELEASED'
   ✗ fails (neighbour) audit-guards.pg.test.ts «finding 3» /NO_SAMPLE: fewer accepted products than the sample requires/ — NO_SAMPLE: an observation after the review moment does not count + actual - expected + 'RELEASED' - 'NO_SAMPLE' 'RELEASED'
   ✗ fails (neighbour) audit-guards.pg.test.ts «finding 3» /NOT_DUE: the review window has not elapsed/ — NO_SAMPLE: an observation after the review moment does not count + actual - expected + 'RELEASED' - 'NO_SAMPLE' 'RELEASED'
   ✗ fails (neighbour) audit-guards.pg.test.ts «finding 3» /NOT_DUE: the review window has not elapsed and a moment in the future does not shorten it/ — NO_SAMPLE: an observation after the review moment does not count + actual - expected + 'RELEASED' - 'NO_SAMPLE' 'RELEASED'
   ✗ fails (own) audit-guards.pg.test.ts «finding 3» /NO_SAMPLE: an observation after the review moment does not count/ — NO_SAMPLE: an observation after the review moment does not count + actual - expected + 'RELEASED' - 'NO_SAMPLE' 'RELEASED'
   ✗ fails (neighbour) audit-guards.pg.test.ts «finding 3» /NO_SAMPLE: a stale observation and a product outside the storefront do not count/ — NO_SAMPLE: an observation after the review moment does not count + actual - expected + 'RELEASED' - 'NO_SAMPLE' 'RELEASED'
   ✗ fails (neighbour) audit-guards.pg.test.ts «finding 3» /the review of a halt runs only in the context of its own tenant/ — NO_SAMPLE: an observation after the review moment does not count + actual - expected + 'RELEASED' - 'NO_SAMPLE' 'RELEASED'
CAUGHT   row находка 2: channel_data.review_halt_by_sample(uuid,uuid,timestamptz): «AND om.channel_product_ref = sm.channel_product_re…» → «))…» (3 s)
   ✗ fails (neighbour) audit-guards.pg.test.ts «finding 3» /SAMPLE_FAILED: one failed observation fails the review/ — NO_SAMPLE: a stale observation and a product outside the storefront do not count + actual - expected + 'RELEASED' - 'NO_SAMPLE' 'RELEASED'
   ✗ fails (neighbour) audit-guards.pg.test.ts «finding 3» /NO_SAMPLE: fewer accepted products than the sample requires/ — NO_SAMPLE: a stale observation and a product outside the storefront do not count + actual - expected + 'RELEASED' - 'NO_SAMPLE' 'RELEASED'
   ✗ fails (neighbour) audit-guards.pg.test.ts «finding 3» /NOT_DUE: the review window has not elapsed/ — NO_SAMPLE: a stale observation and a product outside the storefront do not count + actual - expected + 'RELEASED' - 'NO_SAMPLE' 'RELEASED'
   ✗ fails (neighbour) audit-guards.pg.test.ts «finding 3» /NOT_DUE: the review window has not elapsed and a moment in the future does not shorten it/ — NO_SAMPLE: a stale observation and a product outside the storefront do not count + actual - expected + 'RELEASED' - 'NO_SAMPLE' 'RELEASED'
   ✗ fails (neighbour) audit-guards.pg.test.ts «finding 3» /NO_SAMPLE: an observation after the review moment does not count/ — NO_SAMPLE: a stale observation and a product outside the storefront do not count + actual - expected + 'RELEASED' - 'NO_SAMPLE' 'RELEASED'
   ✗ fails (own) audit-guards.pg.test.ts «finding 3» /NO_SAMPLE: a stale observation and a product outside the storefront do not count/ — NO_SAMPLE: a stale observation and a product outside the storefront do not count + actual - expected + 'RELEASED' - 'NO_SAMPLE' 'RELEASED'
   ✗ fails (neighbour) audit-guards.pg.test.ts «finding 3» /the review of a halt runs only in the context of its own tenant/ — NO_SAMPLE: a stale observation and a product outside the storefront do not count + actual - expected + 'RELEASED' - 'NO_SAMPLE' 'RELEASED'
CAUGHT   row находка 2: channel_data.review_halt_by_sample(uuid,uuid,timestamptz): «IF p_tenant_id IS DISTINCT FROM security.current_t…» → «IF false THEN…» (3 s)
   ✗ fails (neighbour) audit-guards.pg.test.ts «finding 3» /SAMPLE_FAILED: one failed observation fails the review/ — 'the review of a halt runs only in the context of its own tenant' 'accepted'
   ✗ fails (neighbour) audit-guards.pg.test.ts «finding 3» /NO_SAMPLE: fewer accepted products than the sample requires/ — 'the review of a halt runs only in the context of its own tenant' 'accepted'
   ✗ fails (neighbour) audit-guards.pg.test.ts «finding 3» /NOT_DUE: the review window has not elapsed/ — 'the review of a halt runs only in the context of its own tenant' 'accepted'
   ✗ fails (neighbour) audit-guards.pg.test.ts «finding 3» /NOT_DUE: the review window has not elapsed and a moment in the future does not shorten it/ — 'the review of a halt runs only in the context of its own tenant' 'accepted'
   ✗ fails (neighbour) audit-guards.pg.test.ts «finding 3» /NO_SAMPLE: an observation after the review moment does not count/ — 'the review of a halt runs only in the context of its own tenant' 'accepted'
   ✗ fails (neighbour) audit-guards.pg.test.ts «finding 3» /NO_SAMPLE: a stale observation and a product outside the storefront do not count/ — 'the review of a halt runs only in the context of its own tenant' 'accepted'
   ✗ fails (own) audit-guards.pg.test.ts «finding 3» /the review of a halt runs only in the context of its own tenant/ — 'the review of a halt runs only in the context of its own tenant' 'accepted'
CAUGHT   row находка 4: ALTER TABLE tenant_data.min_price DISABLE TRIGGER zz_append_only (5 s)
   ✗ fails (neighbour) verify 0073_verify_schema_invariants_v16.sql /forbid_mutation does not refuse an UPDATE/ — psql:migrations/0073_verify_schema_invariants_v16.sql:567: ERROR: schema invariant violations: tenant_data.min_price: no enabled BEFORE UPDATE OR DELETE row trigger executing security.forbid_mutation КОНТЕКСТ: PL/pgSQL function inline_code_block line 542 at RAISE 
   ✗ fails (own) smoke «append-only tenant_data.min_price» — psql:tests/db/smoke_append_only.sql:108: WARNING:  CHECK FAILED: append-only tenant_data.min_price | EXPECTED FAILURE DID NOT HAPPEN
   ✓ green smoke «append-only channel_data.price_decision»
   ✓ green smoke «append-only channel_data.price_intent»
   ✓ green smoke «append-only tenant_data.pricing_strategy»
CAUGHT   row находка 4: ALTER TABLE channel_data.price_decision DISABLE TRIGGER zz_append_only (4 s)
   ✗ fails (neighbour) verify 0073_verify_schema_invariants_v16.sql /forbid_mutation does not refuse an UPDATE/ — psql:migrations/0073_verify_schema_invariants_v16.sql:567: ERROR: schema invariant violations: channel_data.price_decision: no enabled BEFORE UPDATE OR DELETE row trigger executing security.forbid_mutation КОНТЕКСТ: PL/pgSQL function inline_code_block line 542 at RAISE 
   ✓ green smoke «append-only tenant_data.min_price»
   ✗ fails (own) smoke «append-only channel_data.price_decision» — psql:tests/db/smoke_append_only.sql:108: WARNING:  CHECK FAILED: append-only channel_data.price_decision | EXPECTED FAILURE DID NOT HAPPEN
   ✓ green smoke «append-only channel_data.price_intent»
   ✓ green smoke «append-only tenant_data.pricing_strategy»
CAUGHT   row находка 4: ALTER TABLE channel_data.price_intent DISABLE TRIGGER zz_append_only (4 s)
   ✗ fails (neighbour) verify 0073_verify_schema_invariants_v16.sql /forbid_mutation does not refuse an UPDATE/ — psql:migrations/0073_verify_schema_invariants_v16.sql:567: ERROR: schema invariant violations: channel_data.price_intent: no enabled BEFORE UPDATE OR DELETE row trigger executing security.forbid_mutation КОНТЕКСТ: PL/pgSQL function inline_code_block line 542 at RAISE 
   ✓ green smoke «append-only tenant_data.min_price»
   ✓ green smoke «append-only channel_data.price_decision»
   ✗ fails (own) smoke «append-only channel_data.price_intent» — psql:tests/db/smoke_append_only.sql:108: WARNING:  CHECK FAILED: append-only channel_data.price_intent | EXPECTED FAILURE DID NOT HAPPEN
   ✓ green smoke «append-only tenant_data.pricing_strategy»
CAUGHT   row находка 4: ALTER TABLE tenant_data.pricing_strategy DISABLE TRIGGER zz_append_only (4 s)
   ✗ fails (neighbour) verify 0073_verify_schema_invariants_v16.sql /forbid_mutation does not refuse an UPDATE/ — psql:migrations/0073_verify_schema_invariants_v16.sql:567: ERROR: schema invariant violations: tenant_data.pricing_strategy: no enabled BEFORE UPDATE OR DELETE row trigger executing security.forbid_mutation КОНТЕКСТ: PL/pgSQL function inline_code_block line 542 at RAISE 
   ✓ green smoke «append-only tenant_data.min_price»
   ✓ green smoke «append-only channel_data.price_decision»
   ✓ green smoke «append-only channel_data.price_intent»
   ✗ fails (own) smoke «append-only tenant_data.pricing_strategy» — psql:tests/db/smoke_append_only.sql:108: WARNING:  CHECK FAILED: append-only tenant_data.pricing_strategy | EXPECTED FAILURE DID NOT HAPPEN
CAUGHT   row находка 4: CREATE OR REPLACE FUNCTION security.forbid_mutation() RETURNS trigger LANGUAGE plpgsql AS $$ BEGIN RETURN coal (4 s)
   ✗ fails (own) verify 0073_verify_schema_invariants_v16.sql /forbid_mutation does not refuse an UPDATE/ — psql:migrations/0073_verify_schema_invariants_v16.sql:567: ERROR: schema invariant violations: behaviour check (Р-83, findings 4 and 15, Р-91): security.forbid_mutation does not refuse an UPDATE (finding 4) КОНТЕКСТ: PL/pgSQL function inline_code_block line 542 at RAISE 
   ✗ fails (own) smoke «append-only tenant_data.min_price» — psql:tests/db/smoke_append_only.sql:108: WARNING:  CHECK FAILED: append-only tenant_data.min_price | EXPECTED FAILURE DID NOT HAPPEN
   ✗ fails (neighbour) smoke «append-only channel_data.price_decision» — psql:tests/db/smoke_append_only.sql:108: WARNING:  CHECK FAILED: append-only channel_data.price_decision | EXPECTED FAILURE DID NOT HAPPEN
   ✗ fails (neighbour) smoke «append-only channel_data.price_intent» — psql:tests/db/smoke_append_only.sql:108: WARNING:  CHECK FAILED: append-only channel_data.price_intent | EXPECTED FAILURE DID NOT HAPPEN
   ✗ fails (neighbour) smoke «append-only tenant_data.pricing_strategy» — psql:tests/db/smoke_append_only.sql:108: WARNING:  CHECK FAILED: append-only tenant_data.pricing_strategy | EXPECTED FAILURE DID NOT HAPPEN
CAUGHT   row Р-97: DROP TRIGGER a0_admin_write_person_insert ON tenant_data.product (4 s)
   ✗ fails (own) verify 0073_verify_schema_invariants_v16.sql /tenant_data\.product: administrative INSERT without the person guard/ — psql:migrations/0073_verify_schema_invariants_v16.sql:567: ERROR: schema invariant violations: tenant_data.product: administrative INSERT without the person guard over its administrative columns (Р-97, Р-100) КОНТЕКСТ: PL/pgSQL function inline_code_block line 542 at RAISE 
   ✗ fails (neighbour) verify 0073_verify_schema_invariants_v16.sql /tenant_data\.product: administrative INSERT is not written to the audit log/ — psql:migrations/0073_verify_schema_invariants_v16.sql:567: ERROR: schema invariant violations: tenant_data.product: administrative INSERT without the person guard over its administrative columns (Р-97, Р-100) КОНТЕКСТ: PL/pgSQL function inline_code_block line 542 at RAISE 
   ✗ fails (own, other reason) smoke «administrative change without a person (Р-97)» — psql:tests/db/smoke_admin.sql:149: WARNING:  CHECK FAILED: administrative change without a person (Р-97) | EXPECTED FAILURE HAD ANOTHER REASON (expected without a person, got 23514 new row for relation "audit_event_y2026m09" violates check constraint "audit_event_check")
   ✓ green smoke «an administrative change is not in the audit log (Р-97)»
   ✓ green smoke «the administrative service records an automatic review without a person (Р-97)»
   ✗ fails (neighbour) smoke «administrative change by a user outside the tenant (Р-97)» — psql:tests/db/smoke_admin.sql:153: WARNING:  CHECK FAILED: administrative change by a user outside the tenant (Р-97) | EXPECTED FAILURE HAD ANOTHER REASON (expected not an active member of tenant, got 23514 new row for relation "audit_event_y2026m09" violates check constraint "audit_event_check1")
   ✗ fails (neighbour) smoke «administrative change in the platform tenant (step 17 finding 9)» — psql:tests/db/smoke_admin.sql:204: WARNING:  CHECK FAILED: administrative change in the platform tenant (step 17 finding 9) | EXPECTED FAILURE HAD ANOTHER REASON (expected not an active member of tenant 00000000-0000-0000-0000-000000000000, got 23514 new row for relation "audit_event_y2026m09" viola
CAUGHT   row Р-97: DROP TRIGGER zz_admin_write_audit_insert ON tenant_data.product (3 s)
   ✗ fails (neighbour) verify 0073_verify_schema_invariants_v16.sql /tenant_data\.product: administrative INSERT without the person guard/ — psql:migrations/0073_verify_schema_invariants_v16.sql:567: ERROR: schema invariant violations: tenant_data.product: administrative INSERT is not written to the audit log (Р-97) КОНТЕКСТ: PL/pgSQL function inline_code_block line 542 at RAISE 
   ✗ fails (own) verify 0073_verify_schema_invariants_v16.sql /tenant_data\.product: administrative INSERT is not written to the audit log/ — psql:migrations/0073_verify_schema_invariants_v16.sql:567: ERROR: schema invariant violations: tenant_data.product: administrative INSERT is not written to the audit log (Р-97) КОНТЕКСТ: PL/pgSQL function inline_code_block line 542 at RAISE 
   ✓ green smoke «administrative change without a person (Р-97)»
   ✗ fails (own) smoke «an administrative change is not in the audit log (Р-97)» — psql:tests/db/smoke_admin.sql:162: ERROR:  an administrative change is not in the audit log (Р-97)
   ✓ green smoke «the administrative service records an automatic review without a person (Р-97)»
   ✓ green smoke «administrative change by a user outside the tenant (Р-97)»
   ✓ green smoke «administrative change in the platform tenant (step 17 finding 9)» — not reached (tests/db/smoke_admin.sql: ERROR:  an administrative change is not in the audit log (Р-97))
NEIGHBOUR row Р-97: security.require_person_for_admin_write(): «IF r IS NULL OR (action <> 'OWN_GUARD' AND NOT sec…» → «IF r IS NOT NULL AND action <>…» (4 s)
   ✓ green verify 0073_verify_schema_invariants_v16.sql /tenant_data\.product: administrative INSERT without the person guard/
   ✓ green verify 0073_verify_schema_invariants_v16.sql /tenant_data\.product: administrative INSERT is not written to the audit log/
   ✓ green smoke «administrative change without a person (Р-97)»
   ✓ green smoke «an administrative change is not in the audit log (Р-97)»
   ✓ green smoke «the administrative service records an automatic review without a person (Р-97)»
   ✗ fails (own, other reason) smoke «administrative change by a user outside the tenant (Р-97)» — psql:tests/db/smoke_admin.sql:153: WARNING:  CHECK FAILED: administrative change by a user outside the tenant (Р-97) | EXPECTED FAILURE HAD ANOTHER REASON (expected not an active member of tenant, got 23514 new row for relation "audit_event_y2026m09" violates check constraint "audit_event_check1")
   ✗ fails (own, other reason) smoke «administrative change in the platform tenant (step 17 finding 9)» — psql:tests/db/smoke_admin.sql:204: WARNING:  CHECK FAILED: administrative change in the platform tenant (step 17 finding 9) | EXPECTED FAILURE HAD ANOTHER REASON (expected not an active member of tenant 00000000-0000-0000-0000-000000000000, got 23514 new row for relation "audit_event_y2026m09" viola
CAUGHT   row Р-97: DROP TRIGGER a0_admin_write_person_insert ON channel_data.pricing_halt_review (4 s)
   ✗ fails (neighbour) verify 0073_verify_schema_invariants_v16.sql /tenant_data\.product: administrative INSERT without the person guard/ — psql:migrations/0073_verify_schema_invariants_v16.sql:567: ERROR: schema invariant violations: channel_data.pricing_halt_review: administrative INSERT without the person guard over its administrative columns (Р-97, Р-100) КОНТЕКСТ: PL/pgSQL function inline_code_block line 542 at RAISE 
   ✗ fails (neighbour) verify 0073_verify_schema_invariants_v16.sql /tenant_data\.product: administrative INSERT is not written to the audit log/ — psql:migrations/0073_verify_schema_invariants_v16.sql:567: ERROR: schema invariant violations: channel_data.pricing_halt_review: administrative INSERT without the person guard over its administrative columns (Р-97, Р-100) КОНТЕКСТ: PL/pgSQL function inline_code_block line 542 at RAISE 
   ✓ green smoke «administrative change without a person (Р-97)»
   ✓ green smoke «an administrative change is not in the audit log (Р-97)»
   ✗ fails (own) smoke «the administrative service records an automatic review without a person (Р-97)» — psql:tests/db/smoke_app.sql:409: WARNING:  CHECK FAILED: the administrative service records an automatic review without a person (Р-97) | EXPECTED FAILURE DID NOT HAPPEN
   ✓ green smoke «administrative change by a user outside the tenant (Р-97)»
   ✓ green smoke «administrative change in the platform tenant (step 17 finding 9)»
CAUGHT   row Р-97: security.audit_admin_write(): «IF NOT security.admin_session() THEN…» → «IF true THEN…» (3 s)
   ✓ green verify 0073_verify_schema_invariants_v16.sql /tenant_data\.product: administrative INSERT without the person guard/
   ✓ green verify 0073_verify_schema_invariants_v16.sql /tenant_data\.product: administrative INSERT is not written to the audit log/
   ✓ green smoke «administrative change without a person (Р-97)»
   ✗ fails (own) smoke «an administrative change is not in the audit log (Р-97)» — psql:tests/db/smoke_admin.sql:162: ERROR:  an administrative change is not in the audit log (Р-97)
   ✓ green smoke «the administrative service records an automatic review without a person (Р-97)»
   ✓ green smoke «administrative change by a user outside the tenant (Р-97)»
   ✓ green smoke «administrative change in the platform tenant (step 17 finding 9)» — not reached (tests/db/smoke_admin.sql: ERROR:  an administrative change is not in the audit log (Р-97))
CAUGHT   row Р-97: security.admin_session(): «pg_has_role(session_user, 'repracer_admin', 'MEMBE…» → «false…» (5 s)
   ✓ green verify 0073_verify_schema_invariants_v16.sql /tenant_data\.product: administrative INSERT without the person guard/
   ✓ green verify 0073_verify_schema_invariants_v16.sql /tenant_data\.product: administrative INSERT is not written to the audit log/
   ✗ fails (own) smoke «administrative change without a person (Р-97)» — psql:tests/db/smoke_admin.sql:149: WARNING:  CHECK FAILED: administrative change without a person (Р-97) | EXPECTED FAILURE DID NOT HAPPEN
   ✗ fails (neighbour) smoke «an administrative change is not in the audit log (Р-97)» — psql:tests/db/smoke_admin.sql:162: ERROR:  an administrative change is not in the audit log (Р-97)
   ✗ fails (neighbour) smoke «the administrative service records an automatic review without a person (Р-97)» — psql:tests/db/smoke_app.sql:409: WARNING:  CHECK FAILED: the administrative service records an automatic review without a person (Р-97) | EXPECTED FAILURE DID NOT HAPPEN
   ✗ fails (neighbour) smoke «administrative change by a user outside the tenant (Р-97)» — psql:tests/db/smoke_admin.sql:153: WARNING:  CHECK FAILED: administrative change by a user outside the tenant (Р-97) | EXPECTED FAILURE DID NOT HAPPEN
   ✓ green smoke «administrative change in the platform tenant (step 17 finding 9)» — not reached (tests/db/smoke_admin.sql: ERROR:  an administrative change is not in the audit log (Р-97))
CAUGHT   row находка 5: security.provision_tenant(uuid,text,text,jsonb): «IF m ->> 'role' IS DISTINCT FROM 'OWNER' THEN…» → «IF false THEN…» (5 s)
   ✗ fails (own) smoke «existing user attached as a member without an invitation (step 16 finding 5)» — psql:tests/db/smoke_provision.sql:56: WARNING:  CHECK FAILED: existing user attached as a member without an invitation (step 16 finding 5) | EXPECTED FAILURE DID NOT HAPPEN
   ✓ green smoke «existing user provisioned as owner under another email (step 16 finding 5)»
   ✓ green smoke «existing user who never signed in provisioned as owner (step 16 finding 5)»
CAUGHT   row находка 5: security.provision_tenant(uuid,text,text,jsonb): «IF lower(trim(m ->> 'email')) IS DISTINCT FROM exi…» → «IF false THEN…» (5 s)
   ✓ green smoke «existing user attached as a member without an invitation (step 16 finding 5)»
   ✗ fails (own) smoke «existing user provisioned as owner under another email (step 16 finding 5)» — psql:tests/db/smoke_provision.sql:60: WARNING:  CHECK FAILED: existing user provisioned as owner under another email (step 16 finding 5) | EXPECTED FAILURE DID NOT HAPPEN
   ✓ green smoke «existing user who never signed in provisioned as owner (step 16 finding 5)»
CAUGHT   row Р-98: security.accept_identity_invitation(bytea,text,text,text,boolean): «IF NOT inv.relink THEN…» → «IF false THEN…» (4 s)
   ✗ fails (own) identity.pg.test.ts «Р-98» /a relink needs a relink invitation|an ordinary invitation does not relink/ — 'Missing expected rejection: an ordinary invitation does not relink'
   ✗ fails (neighbour) identity.pg.test.ts «Р-98» /was unlinked|the revoked sign-in accepts nothing/ — 'Missing expected rejection: an ordinary invitation does not relink'
   ✗ fails (neighbour) identity.pg.test.ts «Р-98» /a relink invitation without a second factor/ — 'Missing expected rejection: an ordinary invitation does not relink'
   ✗ fails (neighbour) identity.pg.test.ts «Р-98» /only an active owner relinks/ — 'Missing expected rejection: an ordinary invitation does not relink'
   ✗ fails (neighbour) identity.pg.test.ts «Р-98» /a relink is issued only to a member of the tenant/ — 'Missing expected rejection: an ordinary invitation does not relink'
   ✓ green identity.pg.test.ts «step 17 finding 3» /the second acceptance waits for the first|two active sign-ins of one provider/
   ✓ green identity.pg.test.ts «step 17 finding 3» /the second acceptance waits for the first/
   ✗ fails (neighbour) identity.pg.test.ts «Р-98» /the revoked sign-in resolves nobody/ — 'Missing expected rejection: an ordinary invitation does not relink'
   ✗ fails (neighbour) identity.pg.test.ts «Р-98» /the invitation and the relink are audited/ — 'Missing expected rejection: an ordinary invitation does not relink'
CAUGHT   row находка 5: security.provision_tenant(uuid,text,text,jsonb): «IF NOT EXISTS (SELECT 1 FROM platform.external_ide…» → «IF false AND NOT EXISTS (SELEC…» (4 s)
   ✓ green smoke «existing user attached as a member without an invitation (step 16 finding 5)»
   ✓ green smoke «existing user provisioned as owner under another email (step 16 finding 5)»
   ✗ fails (own) smoke «existing user who never signed in provisioned as owner (step 16 finding 5)» — psql:tests/db/smoke_provision.sql:64: WARNING:  CHECK FAILED: existing user who never signed in provisioned as owner (step 16 finding 5) | EXPECTED FAILURE DID NOT HAPPEN
CAUGHT   row Р-98: security.accept_identity_invitation(bytea,text,text,text,boolean): «IF EXISTS (SELECT 1 FROM platform.external_identit…» → «IF false THEN…» (4 s)
   ✗ fails (neighbour) identity.pg.test.ts «Р-98» /a relink needs a relink invitation|an ordinary invitation does not relink/ — 'Missing expected rejection: the revoked sign-in accepts nothing'
   ✗ fails (own) identity.pg.test.ts «Р-98» /was unlinked|the revoked sign-in accepts nothing/ — 'Missing expected rejection: the revoked sign-in accepts nothing'
   ✗ fails (neighbour) identity.pg.test.ts «Р-98» /a relink invitation without a second factor/ — 'Missing expected rejection: the revoked sign-in accepts nothing'
   ✗ fails (neighbour) identity.pg.test.ts «Р-98» /only an active owner relinks/ — 'Missing expected rejection: the revoked sign-in accepts nothing'
   ✗ fails (neighbour) identity.pg.test.ts «Р-98» /a relink is issued only to a member of the tenant/ — 'Missing expected rejection: the revoked sign-in accepts nothing'
   ✓ green identity.pg.test.ts «step 17 finding 3» /the second acceptance waits for the first|two active sign-ins of one provider/
   ✓ green identity.pg.test.ts «step 17 finding 3» /the second acceptance waits for the first/
   ✗ fails (neighbour) identity.pg.test.ts «Р-98» /the revoked sign-in resolves nobody/ — 'Missing expected rejection: the revoked sign-in accepts nothing'
   ✗ fails (neighbour) identity.pg.test.ts «Р-98» /the invitation and the relink are audited/ — 'Missing expected rejection: the revoked sign-in accepts nothing'
CAUGHT   row Р-98: security.invite_relink(uuid,uuid,bytea,interval): «AND m.status = 'ACTIVE' AND m.role = 'OWNER') THEN…» → «AND m.status = 'ACTIVE') THEN…» (4 s)
   ✗ fails (neighbour) identity.pg.test.ts «Р-98» /a relink needs a relink invitation|an ordinary invitation does not relink/ — 'Missing expected rejection: Р-98: only an active owner relinks'
   ✗ fails (neighbour) identity.pg.test.ts «Р-98» /was unlinked|the revoked sign-in accepts nothing/ — 'Missing expected rejection: Р-98: only an active owner relinks'
   ✗ fails (neighbour) identity.pg.test.ts «Р-98» /a relink invitation without a second factor/ — 'Missing expected rejection: Р-98: only an active owner relinks'
   ✗ fails (own) identity.pg.test.ts «Р-98» /only an active owner relinks/ — 'Missing expected rejection: Р-98: only an active owner relinks'
   ✗ fails (neighbour) identity.pg.test.ts «Р-98» /a relink is issued only to a member of the tenant/ — 'Missing expected rejection: Р-98: only an active owner relinks'
   ✓ green identity.pg.test.ts «step 17 finding 3» /the second acceptance waits for the first|two active sign-ins of one provider/
   ✓ green identity.pg.test.ts «step 17 finding 3» /the second acceptance waits for the first/
   ✗ fails (neighbour) identity.pg.test.ts «Р-98» /the revoked sign-in resolves nobody/ — 'Missing expected rejection: Р-98: only an active owner relinks'
   ✗ fails (neighbour) identity.pg.test.ts «Р-98» /the invitation and the relink are audited/ — 'Missing expected rejection: Р-98: only an active owner relinks'
CAUGHT   row Р-98: security.invite_relink(uuid,uuid,bytea,interval): «IF NOT EXISTS (SELECT 1 FROM tenant_data.membershi…» → «IF false THEN…» (4 s)
   ✗ fails (neighbour) identity.pg.test.ts «Р-98» /a relink needs a relink invitation|an ordinary invitation does not relink/ — 'Missing expected rejection: Р-98: a relink is issued only to a member of the tenant'
   ✗ fails (neighbour) identity.pg.test.ts «Р-98» /was unlinked|the revoked sign-in accepts nothing/ — 'Missing expected rejection: Р-98: a relink is issued only to a member of the tenant'
   ✗ fails (neighbour) identity.pg.test.ts «Р-98» /a relink invitation without a second factor/ — 'Missing expected rejection: Р-98: a relink is issued only to a member of the tenant'
   ✗ fails (neighbour) identity.pg.test.ts «Р-98» /only an active owner relinks/ — 'Missing expected rejection: Р-98: a relink is issued only to a member of the tenant'
   ✗ fails (own) identity.pg.test.ts «Р-98» /a relink is issued only to a member of the tenant/ — 'Missing expected rejection: Р-98: a relink is issued only to a member of the tenant'
   ✓ green identity.pg.test.ts «step 17 finding 3» /the second acceptance waits for the first|two active sign-ins of one provider/
   ✓ green identity.pg.test.ts «step 17 finding 3» /the second acceptance waits for the first/
   ✗ fails (neighbour) identity.pg.test.ts «Р-98» /the revoked sign-in resolves nobody/ — 'Missing expected rejection: Р-98: a relink is issued only to a member of the tenant'
   ✗ fails (neighbour) identity.pg.test.ts «Р-98» /the invitation and the relink are audited/ — 'Missing expected rejection: Р-98: a relink is issued only to a member of the tenant'
CAUGHT   row Р-98: security.invite_relink(uuid,uuid,bytea,interval): «IF NOT security.session_mfa() THEN…» → «IF false THEN…» (4 s)
   ✗ fails (neighbour) identity.pg.test.ts «Р-98» /a relink needs a relink invitation|an ordinary invitation does not relink/ — 'Missing expected rejection: Р-98: a relink invitation without a second factor'
   ✗ fails (neighbour) identity.pg.test.ts «Р-98» /was unlinked|the revoked sign-in accepts nothing/ — 'Missing expected rejection: Р-98: a relink invitation without a second factor'
   ✗ fails (own) identity.pg.test.ts «Р-98» /a relink invitation without a second factor/ — 'Missing expected rejection: Р-98: a relink invitation without a second factor'
   ✗ fails (neighbour) identity.pg.test.ts «Р-98» /only an active owner relinks/ — 'Missing expected rejection: Р-98: a relink invitation without a second factor'
   ✗ fails (neighbour) identity.pg.test.ts «Р-98» /a relink is issued only to a member of the tenant/ — 'Missing expected rejection: Р-98: a relink invitation without a second factor'
   ✓ green identity.pg.test.ts «step 17 finding 3» /the second acceptance waits for the first|two active sign-ins of one provider/
   ✓ green identity.pg.test.ts «step 17 finding 3» /the second acceptance waits for the first/
   ✗ fails (neighbour) identity.pg.test.ts «Р-98» /the revoked sign-in resolves nobody/ — 'Missing expected rejection: Р-98: a relink invitation without a second factor'
   ✗ fails (neighbour) identity.pg.test.ts «Р-98» /the invitation and the relink are audited/ — 'Missing expected rejection: Р-98: a relink invitation without a second factor'
CAUGHT   row Р-98: security.resolve_external_identity(text,text): «AND NOT EXISTS (SELECT 1 FROM platform.external_id…» → «…» (4 s)
   ✗ fails (neighbour) identity.pg.test.ts «Р-98» /a relink needs a relink invitation|an ordinary invitation does not relink/ — the revoked sign-in resolves nobody + actual - expected + { + memberships: [ + { + membershipId: '70cc7824-44b5-4b31-884d-fa3840bd1032', + role: 'OWNER', + tenantId: '61be1527-0ef0-4e2c-b734-c7fd7c7484e8' + } + ], + userId: 'e4418bcb-1498-45c1-8595-79cba3e53318' + } - null userId: 'e4418bcb-1498-45c1-8595-79cba3e53318' memberships: 0: tenantId: '61be1527-0ef0-4e2c-b734-c7fd7c7484e8' membershipId: '70cc7824-44b5-4b31-884d-fa3840bd1032' role: 'OWNER'
   ✗ fails (neighbour) identity.pg.test.ts «Р-98» /was unlinked|the revoked sign-in accepts nothing/ — the revoked sign-in resolves nobody + actual - expected + { + memberships: [ + { + membershipId: '70cc7824-44b5-4b31-884d-fa3840bd1032', + role: 'OWNER', + tenantId: '61be1527-0ef0-4e2c-b734-c7fd7c7484e8' + } + ], + userId: 'e4418bcb-1498-45c1-8595-79cba3e53318' + } - null userId: 'e4418bcb-1498-45c1-8595-79cba3e53318' memberships: 0: tenantId: '61be1527-0ef0-4e2c-b734-c7fd7c7484e8' membershipId: '70cc7824-44b5-4b31-884d-fa3840bd1032' role: 'OWNER'
   ✗ fails (neighbour) identity.pg.test.ts «Р-98» /a relink invitation without a second factor/ — the revoked sign-in resolves nobody + actual - expected + { + memberships: [ + { + membershipId: '70cc7824-44b5-4b31-884d-fa3840bd1032', + role: 'OWNER', + tenantId: '61be1527-0ef0-4e2c-b734-c7fd7c7484e8' + } + ], + userId: 'e4418bcb-1498-45c1-8595-79cba3e53318' + } - null userId: 'e4418bcb-1498-45c1-8595-79cba3e53318' memberships: 0: tenantId: '61be1527-0ef0-4e2c-b734-c7fd7c7484e8' membershipId: '70cc7824-44b5-4b31-884d-fa3840bd1032' role: 'OWNER'
   ✗ fails (neighbour) identity.pg.test.ts «Р-98» /only an active owner relinks/ — the revoked sign-in resolves nobody + actual - expected + { + memberships: [ + { + membershipId: '70cc7824-44b5-4b31-884d-fa3840bd1032', + role: 'OWNER', + tenantId: '61be1527-0ef0-4e2c-b734-c7fd7c7484e8' + } + ], + userId: 'e4418bcb-1498-45c1-8595-79cba3e53318' + } - null userId: 'e4418bcb-1498-45c1-8595-79cba3e53318' memberships: 0: tenantId: '61be1527-0ef0-4e2c-b734-c7fd7c7484e8' membershipId: '70cc7824-44b5-4b31-884d-fa3840bd1032' role: 'OWNER'
   ✗ fails (neighbour) identity.pg.test.ts «Р-98» /a relink is issued only to a member of the tenant/ — the revoked sign-in resolves nobody + actual - expected + { + memberships: [ + { + membershipId: '70cc7824-44b5-4b31-884d-fa3840bd1032', + role: 'OWNER', + tenantId: '61be1527-0ef0-4e2c-b734-c7fd7c7484e8' + } + ], + userId: 'e4418bcb-1498-45c1-8595-79cba3e53318' + } - null userId: 'e4418bcb-1498-45c1-8595-79cba3e53318' memberships: 0: tenantId: '61be1527-0ef0-4e2c-b734-c7fd7c7484e8' membershipId: '70cc7824-44b5-4b31-884d-fa3840bd1032' role: 'OWNER'
   ✓ green identity.pg.test.ts «step 17 finding 3» /the second acceptance waits for the first|two active sign-ins of one provider/
   ✓ green identity.pg.test.ts «step 17 finding 3» /the second acceptance waits for the first/
   ✗ fails (own) identity.pg.test.ts «Р-98» /the revoked sign-in resolves nobody/ — the revoked sign-in resolves nobody + actual - expected + { + memberships: [ + { + membershipId: '70cc7824-44b5-4b31-884d-fa3840bd1032', + role: 'OWNER', + tenantId: '61be1527-0ef0-4e2c-b734-c7fd7c7484e8' + } + ], + userId: 'e4418bcb-1498-45c1-8595-79cba3e53318' + } - null userId: 'e4418bcb-1498-45c1-8595-79cba3e53318' memberships: 0: tenantId: '61be1527-0ef0-4e2c-b734-c7fd7c7484e8' membershipId: '70cc7824-44b5-4b31-884d-fa3840bd1032' role: 'OWNER'
   ✗ fails (neighbour) identity.pg.test.ts «Р-98» /the invitation and the relink are audited/ — the revoked sign-in resolves nobody + actual - expected + { + memberships: [ + { + membershipId: '70cc7824-44b5-4b31-884d-fa3840bd1032', + role: 'OWNER', + tenantId: '61be1527-0ef0-4e2c-b734-c7fd7c7484e8' + } + ], + userId: 'e4418bcb-1498-45c1-8595-79cba3e53318' + } - null userId: 'e4418bcb-1498-45c1-8595-79cba3e53318' memberships: 0: tenantId: '61be1527-0ef0-4e2c-b734-c7fd7c7484e8' membershipId: '70cc7824-44b5-4b31-884d-fa3840bd1032' role: 'OWNER'
CAUGHT   row Р-98: platform.external_identity_one_active(): «PERFORM pg_advisory_xact_lock(hashtextextended('pl…» → «…» (4 s)
   ✗ fails (neighbour) identity.pg.test.ts «Р-98» /a relink needs a relink invitation|an ordinary invitation does not relink/ — Р-98: the second acceptance waits for the first true !== false true ; 'existing user 19a4d90f-ea02-41b2-8764-83b7ea5abac4 has never signed in: an owner is provisioned after accepting the signup invitation (step 16 finding 5)'
   ✗ fails (neighbour) identity.pg.test.ts «Р-98» /was unlinked|the revoked sign-in accepts nothing/ — Р-98: the second acceptance waits for the first true !== false true ; 'existing user 19a4d90f-ea02-41b2-8764-83b7ea5abac4 has never signed in: an owner is provisioned after accepting the signup invitation (step 16 finding 5)'
   ✗ fails (neighbour) identity.pg.test.ts «Р-98» /a relink invitation without a second factor/ — Р-98: the second acceptance waits for the first true !== false true ; 'existing user 19a4d90f-ea02-41b2-8764-83b7ea5abac4 has never signed in: an owner is provisioned after accepting the signup invitation (step 16 finding 5)'
   ✗ fails (neighbour) identity.pg.test.ts «Р-98» /only an active owner relinks/ — Р-98: the second acceptance waits for the first true !== false true ; 'existing user 19a4d90f-ea02-41b2-8764-83b7ea5abac4 has never signed in: an owner is provisioned after accepting the signup invitation (step 16 finding 5)'
   ✗ fails (neighbour) identity.pg.test.ts «Р-98» /a relink is issued only to a member of the tenant/ — Р-98: the second acceptance waits for the first true !== false true ; 'existing user 19a4d90f-ea02-41b2-8764-83b7ea5abac4 has never signed in: an owner is provisioned after accepting the signup invitation (step 16 finding 5)'
   ✗ fails (neighbour) identity.pg.test.ts «step 17 finding 3» /the second acceptance waits for the first|two active sign-ins of one provider/ — Р-98: the second acceptance waits for the first true !== false true
   ✗ fails (own) identity.pg.test.ts «step 17 finding 3» /the second acceptance waits for the first/ — Р-98: the second acceptance waits for the first true !== false true
   ✗ fails (neighbour) identity.pg.test.ts «Р-98» /the revoked sign-in resolves nobody/ — Р-98: the second acceptance waits for the first true !== false true ; 'existing user 19a4d90f-ea02-41b2-8764-83b7ea5abac4 has never signed in: an owner is provisioned after accepting the signup invitation (step 16 finding 5)'
   ✗ fails (neighbour) identity.pg.test.ts «Р-98» /the invitation and the relink are audited/ — Р-98: the second acceptance waits for the first true !== false true ; 'existing user 19a4d90f-ea02-41b2-8764-83b7ea5abac4 has never signed in: an owner is provisioned after accepting the signup invitation (step 16 finding 5)'
CAUGHT   row Р-98: DROP TRIGGER a_external_identity_one_active ON platform.external_identity (4 s)
   ✗ fails (neighbour) identity.pg.test.ts «Р-98» /a relink needs a relink invitation|an ordinary invitation does not relink/ — Р-98: the second acceptance waits for the first true !== false true ; 'existing user 5089f975-e60b-43d3-89ed-41fc0ec0fce6 has never signed in: an owner is provisioned after accepting the signup invitation (step 16 finding 5)'
   ✗ fails (neighbour) identity.pg.test.ts «Р-98» /was unlinked|the revoked sign-in accepts nothing/ — Р-98: the second acceptance waits for the first true !== false true ; 'existing user 5089f975-e60b-43d3-89ed-41fc0ec0fce6 has never signed in: an owner is provisioned after accepting the signup invitation (step 16 finding 5)'
   ✗ fails (neighbour) identity.pg.test.ts «Р-98» /a relink invitation without a second factor/ — Р-98: the second acceptance waits for the first true !== false true ; 'existing user 5089f975-e60b-43d3-89ed-41fc0ec0fce6 has never signed in: an owner is provisioned after accepting the signup invitation (step 16 finding 5)'
   ✗ fails (neighbour) identity.pg.test.ts «Р-98» /only an active owner relinks/ — Р-98: the second acceptance waits for the first true !== false true ; 'existing user 5089f975-e60b-43d3-89ed-41fc0ec0fce6 has never signed in: an owner is provisioned after accepting the signup invitation (step 16 finding 5)'
   ✗ fails (neighbour) identity.pg.test.ts «Р-98» /a relink is issued only to a member of the tenant/ — Р-98: the second acceptance waits for the first true !== false true ; 'existing user 5089f975-e60b-43d3-89ed-41fc0ec0fce6 has never signed in: an owner is provisioned after accepting the signup invitation (step 16 finding 5)'
   ✗ fails (own) identity.pg.test.ts «step 17 finding 3» /the second acceptance waits for the first|two active sign-ins of one provider/ — Р-98: the second acceptance waits for the first true !== false true
   ✗ fails (neighbour) identity.pg.test.ts «step 17 finding 3» /the second acceptance waits for the first/ — Р-98: the second acceptance waits for the first true !== false true
   ✗ fails (neighbour) identity.pg.test.ts «Р-98» /the revoked sign-in resolves nobody/ — Р-98: the second acceptance waits for the first true !== false true ; 'existing user 5089f975-e60b-43d3-89ed-41fc0ec0fce6 has never signed in: an owner is provisioned after accepting the signup invitation (step 16 finding 5)'
   ✗ fails (neighbour) identity.pg.test.ts «Р-98» /the invitation and the relink are audited/ — Р-98: the second acceptance waits for the first true !== false true ; 'existing user 5089f975-e60b-43d3-89ed-41fc0ec0fce6 has never signed in: an owner is provisioned after accepting the signup invitation (step 16 finding 5)'
CAUGHT   row OQ-151: channel_data.pricing_strategy_undercut_guard(): «IF EXISTS (SELECT 1 FROM tenant_data.write_scope s…» → «IF false AND EXISTS (SELECT 1 …» (4 s)
   ✗ fails (own) undercut-eternal.pg.test.ts «Р-91: the strategy version keeps its type» /the undercut of a pinned version does not start expiring/ — 'OQ-151: the undercut of a pinned version does not start expiring' 'accepted'
   ✗ fails (neighbour) undercut-eternal.pg.test.ts «Р-91: the strategy version keeps its type» /a scope is not pinned back/ — 'OQ-151: the undercut of a pinned version does not start expiring' 'accepted'
   ✗ fails (neighbour) undercut-eternal.pg.test.ts «Р-91: the strategy version keeps its type» /the released version starts its 18 months/ — 'OQ-151: the undercut of a pinned version does not start expiring' 'accepted'
   ✗ fails (neighbour) undercut-eternal.pg.test.ts «Р-91: the strategy version keeps its type» /OQ-151: a new version is created while the old one is still pinned/ — 'OQ-151: the undercut of a pinned version does not start expiring' 'accepted'
CAUGHT   row Р-98: DROP TRIGGER zz_identity_relinked_audit ON platform.identity_invitation (5 s)
   ✗ fails (neighbour) identity.pg.test.ts «Р-98» /a relink needs a relink invitation|an ordinary invitation does not relink/ — Р-98: the invitation and the relink are audited + actual - expected [ 'identity.relink_invited', + 'identity.relink_invited' - 'identity.relinked' ] 0: 'identity.relink_invited' 1: 'identity.relink_invited'
   ✗ fails (neighbour) identity.pg.test.ts «Р-98» /was unlinked|the revoked sign-in accepts nothing/ — Р-98: the invitation and the relink are audited + actual - expected [ 'identity.relink_invited', + 'identity.relink_invited' - 'identity.relinked' ] 0: 'identity.relink_invited' 1: 'identity.relink_invited'
   ✗ fails (neighbour) identity.pg.test.ts «Р-98» /a relink invitation without a second factor/ — Р-98: the invitation and the relink are audited + actual - expected [ 'identity.relink_invited', + 'identity.relink_invited' - 'identity.relinked' ] 0: 'identity.relink_invited' 1: 'identity.relink_invited'
   ✗ fails (neighbour) identity.pg.test.ts «Р-98» /only an active owner relinks/ — Р-98: the invitation and the relink are audited + actual - expected [ 'identity.relink_invited', + 'identity.relink_invited' - 'identity.relinked' ] 0: 'identity.relink_invited' 1: 'identity.relink_invited'
   ✗ fails (neighbour) identity.pg.test.ts «Р-98» /a relink is issued only to a member of the tenant/ — Р-98: the invitation and the relink are audited + actual - expected [ 'identity.relink_invited', + 'identity.relink_invited' - 'identity.relinked' ] 0: 'identity.relink_invited' 1: 'identity.relink_invited'
   ✓ green identity.pg.test.ts «step 17 finding 3» /the second acceptance waits for the first|two active sign-ins of one provider/
   ✓ green identity.pg.test.ts «step 17 finding 3» /the second acceptance waits for the first/
   ✗ fails (neighbour) identity.pg.test.ts «Р-98» /the revoked sign-in resolves nobody/ — Р-98: the invitation and the relink are audited + actual - expected [ 'identity.relink_invited', + 'identity.relink_invited' - 'identity.relinked' ] 0: 'identity.relink_invited' 1: 'identity.relink_invited'
   ✗ fails (own) identity.pg.test.ts «Р-98» /the invitation and the relink are audited/ — Р-98: the invitation and the relink are audited + actual - expected [ 'identity.relink_invited', + 'identity.relink_invited' - 'identity.relinked' ] 0: 'identity.relink_invited' 1: 'identity.relink_invited'
CAUGHT   row Р-98: DROP TRIGGER zz_identity_relink_invited_audit ON platform.identity_invitation (4 s)
   ✗ fails (neighbour) identity.pg.test.ts «Р-98» /a relink needs a relink invitation|an ordinary invitation does not relink/ — Р-98: the invitation and the relink are audited + actual - expected [ - 'identity.relink_invited', 'identity.relinked' ] 0: 'identity.relinked'
   ✗ fails (neighbour) identity.pg.test.ts «Р-98» /was unlinked|the revoked sign-in accepts nothing/ — Р-98: the invitation and the relink are audited + actual - expected [ - 'identity.relink_invited', 'identity.relinked' ] 0: 'identity.relinked'
   ✗ fails (neighbour) identity.pg.test.ts «Р-98» /a relink invitation without a second factor/ — Р-98: the invitation and the relink are audited + actual - expected [ - 'identity.relink_invited', 'identity.relinked' ] 0: 'identity.relinked'
   ✗ fails (neighbour) identity.pg.test.ts «Р-98» /only an active owner relinks/ — Р-98: the invitation and the relink are audited + actual - expected [ - 'identity.relink_invited', 'identity.relinked' ] 0: 'identity.relinked'
   ✗ fails (neighbour) identity.pg.test.ts «Р-98» /a relink is issued only to a member of the tenant/ — Р-98: the invitation and the relink are audited + actual - expected [ - 'identity.relink_invited', 'identity.relinked' ] 0: 'identity.relinked'
   ✓ green identity.pg.test.ts «step 17 finding 3» /the second acceptance waits for the first|two active sign-ins of one provider/
   ✓ green identity.pg.test.ts «step 17 finding 3» /the second acceptance waits for the first/
   ✗ fails (neighbour) identity.pg.test.ts «Р-98» /the revoked sign-in resolves nobody/ — Р-98: the invitation and the relink are audited + actual - expected [ - 'identity.relink_invited', 'identity.relinked' ] 0: 'identity.relinked'
   ✗ fails (own) identity.pg.test.ts «Р-98» /the invitation and the relink are audited/ — Р-98: the invitation and the relink are audited + actual - expected [ - 'identity.relink_invited', 'identity.relinked' ] 0: 'identity.relinked'
CAUGHT   row OQ-151: DROP TRIGGER b_write_scope_pins_live_strategy_version ON tenant_data.write_scope (4 s)
   ✗ fails (neighbour) undercut-eternal.pg.test.ts «Р-91: the strategy version keeps its type» /the undercut of a pinned version does not start expiring/ — 'OQ-151: a scope is not pinned back to a version whose undercut expires' 'accepted'
   ✗ fails (own) undercut-eternal.pg.test.ts «Р-91: the strategy version keeps its type» /a scope is not pinned back/ — 'OQ-151: a scope is not pinned back to a version whose undercut expires' 'accepted'
   ✗ fails (neighbour) undercut-eternal.pg.test.ts «Р-91: the strategy version keeps its type» /the released version starts its 18 months/ — 'OQ-151: a scope is not pinned back to a version whose undercut expires' 'accepted'
   ✗ fails (neighbour) undercut-eternal.pg.test.ts «Р-91: the strategy version keeps its type» /OQ-151: a new version is created while the old one is still pinned/ — 'OQ-151: a scope is not pinned back to a version whose undercut expires' 'accepted'
CAUGHT   row OQ-151: tenant_data.pricing_strategy_supersede_undercut(): «AND s.status <> 'RETIRED')…» → «AND false)…» (4 s)
   ✗ fails (neighbour) undercut-eternal.pg.test.ts «Р-91: the strategy version keeps its type» /the undercut of a pinned version does not start expiring/ — OQ-151: a new version is created while the old one is still pinned + actual - expected + 'strategy 54d417c1-298d-40bb-84af-24ee2b1cfaf6 version 1 is still pinned by a write scope: its undercut does not start expiring (OQ-151)' - 'accepted' 'strategy 54d417c1-298d-40bb-84af-24ee2b1cfaf6 version 1 is still pinned by a write scope: its undercut does not start expiring (OQ-151)'
   ✗ fails (neighbour) undercut-eternal.pg.test.ts «Р-91: the strategy version keeps its type» /a scope is not pinned back/ — OQ-151: a new version is created while the old one is still pinned + actual - expected + 'strategy 54d417c1-298d-40bb-84af-24ee2b1cfaf6 version 1 is still pinned by a write scope: its undercut does not start expiring (OQ-151)' - 'accepted' 'strategy 54d417c1-298d-40bb-84af-24ee2b1cfaf6 version 1 is still pinned by a write scope: its undercut does not start expiring (OQ-151)'
   ✗ fails (neighbour) undercut-eternal.pg.test.ts «Р-91: the strategy version keeps its type» /the released version starts its 18 months/ — OQ-151: a new version is created while the old one is still pinned + actual - expected + 'strategy 54d417c1-298d-40bb-84af-24ee2b1cfaf6 version 1 is still pinned by a write scope: its undercut does not start expiring (OQ-151)' - 'accepted' 'strategy 54d417c1-298d-40bb-84af-24ee2b1cfaf6 version 1 is still pinned by a write scope: its undercut does not start expiring (OQ-151)'
   ✗ fails (own) undercut-eternal.pg.test.ts «Р-91: the strategy version keeps its type» /OQ-151: a new version is created while the old one is still pinned/ — OQ-151: a new version is created while the old one is still pinned + actual - expected + 'strategy 54d417c1-298d-40bb-84af-24ee2b1cfaf6 version 1 is still pinned by a write scope: its undercut does not start expiring (OQ-151)' - 'accepted' 'strategy 54d417c1-298d-40bb-84af-24ee2b1cfaf6 version 1 is still pinned by a write scope: its undercut does not start expiring (OQ-151)'
CAUGHT   row OQ-151: DROP TRIGGER zb_write_scope_release_strategy_version ON tenant_data.write_scope (4 s)
   ✗ fails (neighbour) undercut-eternal.pg.test.ts «Р-91: the strategy version keeps its type» /the undercut of a pinned version does not start expiring/ — the released version starts its 18 months + actual - expected [ { + superseded: false, - superseded: true, version: 1 }, { superseded: false, version: 2 0: version: 1 superseded: false 1: version: 2 superseded: false
   ✗ fails (neighbour) undercut-eternal.pg.test.ts «Р-91: the strategy version keeps its type» /a scope is not pinned back/ — the released version starts its 18 months + actual - expected [ { + superseded: false, - superseded: true, version: 1 }, { superseded: false, version: 2 0: version: 1 superseded: false 1: version: 2 superseded: false
   ✗ fails (own) undercut-eternal.pg.test.ts «Р-91: the strategy version keeps its type» /the released version starts its 18 months/ — the released version starts its 18 months + actual - expected [ { + superseded: false, - superseded: true, version: 1 }, { superseded: false, version: 2 0: version: 1 superseded: false 1: version: 2 superseded: false
   ✗ fails (neighbour) undercut-eternal.pg.test.ts «Р-91: the strategy version keeps its type» /OQ-151: a new version is created while the old one is still pinned/ — the released version starts its 18 months + actual - expected [ { + superseded: false, - superseded: true, version: 1 }, { superseded: false, version: 2 0: version: 1 superseded: false 1: version: 2 superseded: false
CAUGHT   row находка 6: security.param_value_valid(jsonb,jsonb): «RETURN t = 'string' AND s IN ('EUR', 'USD');…» → «RETURN t = 'string';…» (4 s)
   ✗ fails (neighbour) undercut-eternal.pg.test.ts «finding 15» /an amount that is not minor units/ — a currency that is not an ISO code true !== false true ; a currency outside EUR and USD true !== false true ; '2 subtests failed'
   ✗ fails (own) undercut-eternal.pg.test.ts «finding 15» /a currency that is not an ISO code|a currency outside EUR and USD/ — a currency that is not an ISO code true !== false true ; a currency outside EUR and USD true !== false true ; '2 subtests failed'
   ✗ fails (neighbour) undercut-eternal.pg.test.ts «finding 15» /an enum value outside the registry/ — a currency that is not an ISO code true !== false true ; a currency outside EUR and USD true !== false true ; '2 subtests failed'
   ✗ fails (neighbour) undercut-eternal.pg.test.ts «finding 15» /an amount as a string/ — a currency that is not an ISO code true !== false true ; a currency outside EUR and USD true !== false true ; '2 subtests failed'
   ✗ fails (neighbour) undercut-eternal.pg.test.ts «finding 15» /another explanation format/ — a currency that is not an ISO code true !== false true ; a currency outside EUR and USD true !== false true ; '2 subtests failed'
   ✗ fails (neighbour) undercut-eternal.pg.test.ts «finding 15» /a withheld name that is not an identifier/ — a currency that is not an ISO code true !== false true ; a currency outside EUR and USD true !== false true ; '2 subtests failed'
CAUGHT   row находка 6: security.param_value_valid(jsonb,jsonb): «RETURN t = 'string' AND (NOT spec ? 'v' OR (spec -…» → «RETURN t = 'string';…» (5 s)
   ✗ fails (neighbour) undercut-eternal.pg.test.ts «finding 15» /an amount that is not minor units/ — an enum value outside the registry true !== false true ; another explanation format true !== false true ; '2 subtests failed'
   ✗ fails (neighbour) undercut-eternal.pg.test.ts «finding 15» /a currency that is not an ISO code|a currency outside EUR and USD/ — an enum value outside the registry true !== false true ; another explanation format true !== false true ; '2 subtests failed'
   ✗ fails (own) undercut-eternal.pg.test.ts «finding 15» /an enum value outside the registry/ — an enum value outside the registry true !== false true ; another explanation format true !== false true ; '2 subtests failed'
   ✗ fails (neighbour) undercut-eternal.pg.test.ts «finding 15» /an amount as a string/ — an enum value outside the registry true !== false true ; another explanation format true !== false true ; '2 subtests failed'
   ✗ fails (neighbour) undercut-eternal.pg.test.ts «finding 15» /another explanation format/ — an enum value outside the registry true !== false true ; another explanation format true !== false true ; '2 subtests failed'
   ✗ fails (neighbour) undercut-eternal.pg.test.ts «finding 15» /a withheld name that is not an identifier/ — an enum value outside the registry true !== false true ; another explanation format true !== false true ; '2 subtests failed'
CAUGHT   row находка 6: security.param_value_valid(jsonb,jsonb): «RETURN t = 'number' AND v::text ~ '^-?[0-9]+$';…» → «RETURN t = 'number';…» (5 s)
   ✗ fails (own) undercut-eternal.pg.test.ts «finding 15» /an amount that is not minor units/ — an amount that is not minor units true !== false true ; '1 subtest failed'
   ✗ fails (neighbour) undercut-eternal.pg.test.ts «finding 15» /a currency that is not an ISO code|a currency outside EUR and USD/ — an amount that is not minor units true !== false true ; '1 subtest failed'
   ✗ fails (neighbour) undercut-eternal.pg.test.ts «finding 15» /an enum value outside the registry/ — an amount that is not minor units true !== false true ; '1 subtest failed'
   ✗ fails (neighbour) undercut-eternal.pg.test.ts «finding 15» /an amount as a string/ — an amount that is not minor units true !== false true ; '1 subtest failed'
   ✗ fails (neighbour) undercut-eternal.pg.test.ts «finding 15» /another explanation format/ — an amount that is not minor units true !== false true ; '1 subtest failed'
   ✗ fails (neighbour) undercut-eternal.pg.test.ts «finding 15» /a withheld name that is not an identifier/ — an amount that is not minor units true !== false true ; '1 subtest failed'
NEIGHBOUR row находка 6: security.explanation_field_kinds(): «"$.format":{"k":"enum","v":["r80.1"]}…» → «"$.format":{"k":"code"}…» (4 s)
   ✗ fails (neighbour) undercut-eternal.pg.test.ts «finding 15» /an amount that is not minor units/ — the field kinds registry of the database equals the code + actual - expected ... Skipped lines { '$.context.channelHalt.haltId': { k: 'uuid' }, '$.context.channelHalt.haltedAt': { ... '$.format': { + k: 'code' - k: 'enum', - v: [ - 'r80.1' - ] }, '$.gate.failed.check': { k: 'code' }, '$.gate.fx.base': { $.format: k: 'code' $.gate.fx.to: k: 'currency' $.gate.fx.base: k: 'enum' v: 0: 'EUR' $.gate.fx.from: k: 'currency' $.gate.fx.quote: k: 'currency' $.gate.fx.source: k: 'enum' v: 0: 'ECB' $.snapshot.source: k: 'code' $.gate.fx.rateDate: k: 'date' $.gate.fx.rounding: k: 'enum' v: 0: 'UP' 1: 'NEAREST' $.gate.minMarginBp: k: 'bp' $.gate.failed.check: k: 'code' $.strategy.currency: k: 'currency' $
   ✗ fails (neighbour) undercut-eternal.pg.test.ts «finding 15» /a currency that is not an ISO code|a currency outside EUR and USD/ — the field kinds registry of the database equals the code + actual - expected ... Skipped lines { '$.context.channelHalt.haltId': { k: 'uuid' }, '$.context.channelHalt.haltedAt': { ... '$.format': { + k: 'code' - k: 'enum', - v: [ - 'r80.1' - ] }, '$.gate.failed.check': { k: 'code' }, '$.gate.fx.base': { $.format: k: 'code' $.gate.fx.to: k: 'currency' $.gate.fx.base: k: 'enum' v: 0: 'EUR' $.gate.fx.from: k: 'currency' $.gate.fx.quote: k: 'currency' $.gate.fx.source: k: 'enum' v: 0: 'ECB' $.snapshot.source: k: 'code' $.gate.fx.rateDate: k: 'date' $.gate.fx.rounding: k: 'enum' v: 0: 'UP' 1: 'NEAREST' $.gate.minMarginBp: k: 'bp' $.gate.failed.check: k: 'code' $.strategy.currency: k: 'currency' $
   ✗ fails (neighbour) undercut-eternal.pg.test.ts «finding 15» /an enum value outside the registry/ — the field kinds registry of the database equals the code + actual - expected ... Skipped lines { '$.context.channelHalt.haltId': { k: 'uuid' }, '$.context.channelHalt.haltedAt': { ... '$.format': { + k: 'code' - k: 'enum', - v: [ - 'r80.1' - ] }, '$.gate.failed.check': { k: 'code' }, '$.gate.fx.base': { $.format: k: 'code' $.gate.fx.to: k: 'currency' $.gate.fx.base: k: 'enum' v: 0: 'EUR' $.gate.fx.from: k: 'currency' $.gate.fx.quote: k: 'currency' $.gate.fx.source: k: 'enum' v: 0: 'ECB' $.snapshot.source: k: 'code' $.gate.fx.rateDate: k: 'date' $.gate.fx.rounding: k: 'enum' v: 0: 'UP' 1: 'NEAREST' $.gate.minMarginBp: k: 'bp' $.gate.failed.check: k: 'code' $.strategy.currency: k: 'currency' $
   ✗ fails (neighbour) undercut-eternal.pg.test.ts «finding 15» /an amount as a string/ — the field kinds registry of the database equals the code + actual - expected ... Skipped lines { '$.context.channelHalt.haltId': { k: 'uuid' }, '$.context.channelHalt.haltedAt': { ... '$.format': { + k: 'code' - k: 'enum', - v: [ - 'r80.1' - ] }, '$.gate.failed.check': { k: 'code' }, '$.gate.fx.base': { $.format: k: 'code' $.gate.fx.to: k: 'currency' $.gate.fx.base: k: 'enum' v: 0: 'EUR' $.gate.fx.from: k: 'currency' $.gate.fx.quote: k: 'currency' $.gate.fx.source: k: 'enum' v: 0: 'ECB' $.snapshot.source: k: 'code' $.gate.fx.rateDate: k: 'date' $.gate.fx.rounding: k: 'enum' v: 0: 'UP' 1: 'NEAREST' $.gate.minMarginBp: k: 'bp' $.gate.failed.check: k: 'code' $.strategy.currency: k: 'currency' $
   ✗ fails (own, other reason) undercut-eternal.pg.test.ts «finding 15» /another explanation format/ — the field kinds registry of the database equals the code + actual - expected ... Skipped lines { '$.context.channelHalt.haltId': { k: 'uuid' }, '$.context.channelHalt.haltedAt': { ... '$.format': { + k: 'code' - k: 'enum', - v: [ - 'r80.1' - ] }, '$.gate.failed.check': { k: 'code' }, '$.gate.fx.base': { $.format: k: 'code' $.gate.fx.to: k: 'currency' $.gate.fx.base: k: 'enum' v: 0: 'EUR' $.gate.fx.from: k: 'currency' $.gate.fx.quote: k: 'currency' $.gate.fx.source: k: 'enum' v: 0: 'ECB' $.snapshot.source: k: 'code' $.gate.fx.rateDate: k: 'date' $.gate.fx.rounding: k: 'enum' v: 0: 'UP' 1: 'NEAREST' $.gate.minMarginBp: k: 'bp' $.gate.failed.check: k: 'code' $.strategy.currency: k: 'currency' $
   ✗ fails (neighbour) undercut-eternal.pg.test.ts «finding 15» /a withheld name that is not an identifier/ — the field kinds registry of the database equals the code + actual - expected ... Skipped lines { '$.context.channelHalt.haltId': { k: 'uuid' }, '$.context.channelHalt.haltedAt': { ... '$.format': { + k: 'code' - k: 'enum', - v: [ - 'r80.1' - ] }, '$.gate.failed.check': { k: 'code' }, '$.gate.fx.base': { $.format: k: 'code' $.gate.fx.to: k: 'currency' $.gate.fx.base: k: 'enum' v: 0: 'EUR' $.gate.fx.from: k: 'currency' $.gate.fx.quote: k: 'currency' $.gate.fx.source: k: 'enum' v: 0: 'ECB' $.snapshot.source: k: 'code' $.gate.fx.rateDate: k: 'date' $.gate.fx.rounding: k: 'enum' v: 0: 'UP' 1: 'NEAREST' $.gate.minMarginBp: k: 'bp' $.gate.failed.check: k: 'code' $.strategy.currency: k: 'currency' $
CAUGHT   row находка 6: security.explanation_node_declared(jsonb,text,boolean): «OR (w.value #>> '{}') !~ '^[A-Za-z][A-Za-z0-9_]{0,…» → «…» (4 s)
   ✗ fails (neighbour) undercut-eternal.pg.test.ts «finding 15» /an amount that is not minor units/ — a withheld name that is not an identifier true !== false true ; '1 subtest failed'
   ✗ fails (neighbour) undercut-eternal.pg.test.ts «finding 15» /a currency that is not an ISO code|a currency outside EUR and USD/ — a withheld name that is not an identifier true !== false true ; '1 subtest failed'
   ✗ fails (neighbour) undercut-eternal.pg.test.ts «finding 15» /an enum value outside the registry/ — a withheld name that is not an identifier true !== false true ; '1 subtest failed'
   ✗ fails (neighbour) undercut-eternal.pg.test.ts «finding 15» /an amount as a string/ — a withheld name that is not an identifier true !== false true ; '1 subtest failed'
   ✗ fails (neighbour) undercut-eternal.pg.test.ts «finding 15» /another explanation format/ — a withheld name that is not an identifier true !== false true ; '1 subtest failed'
   ✗ fails (own) undercut-eternal.pg.test.ts «finding 15» /a withheld name that is not an identifier/ — a withheld name that is not an identifier true !== false true ; '1 subtest failed'
CAUGHT   row находка 6: security.param_value_valid(jsonb,jsonb): «RETURN t = 'number' AND v::text ~ '^-?[0-9]+$';…» → «RETURN t IN ('number', 'string…» (4 s)
   ✗ fails (neighbour) undercut-eternal.pg.test.ts «finding 15» /an amount that is not minor units/ — an amount as a string true !== false true ; '1 subtest failed'
   ✗ fails (neighbour) undercut-eternal.pg.test.ts «finding 15» /a currency that is not an ISO code|a currency outside EUR and USD/ — an amount as a string true !== false true ; '1 subtest failed'
   ✗ fails (neighbour) undercut-eternal.pg.test.ts «finding 15» /an enum value outside the registry/ — an amount as a string true !== false true ; '1 subtest failed'
   ✗ fails (own) undercut-eternal.pg.test.ts «finding 15» /an amount as a string/ — an amount as a string true !== false true ; '1 subtest failed'
   ✗ fails (neighbour) undercut-eternal.pg.test.ts «finding 15» /another explanation format/ — an amount as a string true !== false true ; '1 subtest failed'
   ✗ fails (neighbour) undercut-eternal.pg.test.ts «finding 15» /a withheld name that is not an identifier/ — an amount as a string true !== false true ; '1 subtest failed'
CAUGHT   row Р-100: security.require_person_for_admin_write(): «IF r IS NULL OR (action <> 'OWN_GUARD' AND NOT sec…» → «IF r IS NULL THEN…» (5 s)
   ✓ green verify 0073_verify_schema_invariants_v16.sql /tenant_data\.write_scope: administrative UPDATE without the person guard/
   ✓ green verify 0073_verify_schema_invariants_v16.sql /tenant_data\.min_price: no administrative action is declared/
   ✗ fails (own) smoke «an operator lowers min_price (Р-100)» — psql:tests/db/smoke_admin.sql:194: WARNING:  CHECK FAILED: an operator lowers min_price (Р-100) | EXPECTED FAILURE DID NOT HAPPEN
   ✗ fails (own) smoke «eBay consent by an admin in their own name (Р-101)» — psql:tests/db/smoke_admin.sql:174: WARNING:  CHECK FAILED: eBay consent by an admin in their own name (Р-101) | EXPECTED FAILURE DID NOT HAPPEN
   ✗ fails (own) smoke «write scope status changed by a viewer (step 18 finding 1)» — psql:tests/db/smoke_admin.sql:233: WARNING:  CHECK FAILED: write scope status changed by a viewer (step 18 finding 1) | EXPECTED FAILURE DID NOT HAPPEN
   ✓ green smoke «pricing mode changed without a person (step 17 finding 1)»
CAUGHT   row Р-101: tenant_data.migration_consent_guard(): «AND NOT security.session_mfa() THEN…» → «AND false THEN…» (5 s)
   ✓ green smoke «eBay consent in the name of another owner (Р-101)»
   ✗ fails (own) smoke «eBay consent by the owner without a second factor (Р-101)» — psql:tests/db/smoke_admin.sql:187: WARNING:  CHECK FAILED: eBay consent by the owner without a second factor (Р-101) | EXPECTED FAILURE DID NOT HAPPEN
CAUGHT   row Р-101: tenant_data.migration_consent_guard(): «AND (security.current_user_id() IS NULL OR NEW.use…» → «AND false THEN…» (5 s)
   ✗ fails (own) smoke «eBay consent in the name of another owner (Р-101)» — psql:tests/db/smoke_admin.sql:182: WARNING:  CHECK FAILED: eBay consent in the name of another owner (Р-101) | EXPECTED FAILURE DID NOT HAPPEN
   ✓ green smoke «eBay consent by the owner without a second factor (Р-101)»
CAUGHT   row Р-100: security.admin_write_action(text): «('tenant_data.min_price', 'MANAGE_PRICING'), …» → «…» (4 s)
   ✗ fails (neighbour) verify 0073_verify_schema_invariants_v16.sql /tenant_data\.write_scope: administrative UPDATE without the person guard/ — psql:migrations/0073_verify_schema_invariants_v16.sql:567: ERROR: schema invariant violations: tenant_data.min_price: no administrative action is declared for the table (Р-100) КОНТЕКСТ: PL/pgSQL function inline_code_block line 542 at RAISE 
   ✗ fails (own) verify 0073_verify_schema_invariants_v16.sql /tenant_data\.min_price: no administrative action is declared/ — psql:migrations/0073_verify_schema_invariants_v16.sql:567: ERROR: schema invariant violations: tenant_data.min_price: no administrative action is declared for the table (Р-100) КОНТЕКСТ: PL/pgSQL function inline_code_block line 542 at RAISE 
   ✓ green smoke «an operator lowers min_price (Р-100)» — not reached (tests/db/smoke_app.sql: ERROR:  administrative change of tenant_data.min_price: no administrative action is declared for the table (Р-100))
   ✓ green smoke «eBay consent by an admin in their own name (Р-101)» — not reached (tests/db/smoke_app.sql: ERROR:  administrative change of tenant_data.min_price: no administrative action is declared for the table (Р-100))
   ✓ green smoke «write scope status changed by a viewer (step 18 finding 1)» — not reached (tests/db/smoke_app.sql: ERROR:  administrative change of tenant_data.min_price: no administrative action is declared for the table (Р-100))
   ✓ green smoke «pricing mode changed without a person (step 17 finding 1)» — not reached (tests/db/smoke_app.sql: ERROR:  administrative change of tenant_data.min_price: no administrative action is declared for the table (Р-100))
CAUGHT   row Р-100: DROP TRIGGER a0_admin_write_person_update ON tenant_data.write_scope (5 s)
   ✗ fails (own) verify 0073_verify_schema_invariants_v16.sql /tenant_data\.write_scope: administrative UPDATE without the person guard/ — psql:migrations/0073_verify_schema_invariants_v16.sql:567: ERROR: schema invariant violations: tenant_data.write_scope: administrative UPDATE without the person guard over its administrative columns (Р-97, Р-100) КОНТЕКСТ: PL/pgSQL function inline_code_block line 542 at RAISE 
   ✗ fails (neighbour) verify 0073_verify_schema_invariants_v16.sql /tenant_data\.min_price: no administrative action is declared/ — psql:migrations/0073_verify_schema_invariants_v16.sql:567: ERROR: schema invariant violations: tenant_data.write_scope: administrative UPDATE without the person guard over its administrative columns (Р-97, Р-100) КОНТЕКСТ: PL/pgSQL function inline_code_block line 542 at RAISE 
   ✓ green smoke «an operator lowers min_price (Р-100)»
   ✓ green smoke «eBay consent by an admin in their own name (Р-101)»
   ✗ fails (neighbour) smoke «write scope status changed by a viewer (step 18 finding 1)» — psql:tests/db/smoke_admin.sql:233: WARNING:  CHECK FAILED: write scope status changed by a viewer (step 18 finding 1) | EXPECTED FAILURE DID NOT HAPPEN
   ✗ fails (own, other reason) smoke «pricing mode changed without a person (step 17 finding 1)» — psql:tests/db/smoke_admin.sql:199: WARNING:  CHECK FAILED: pricing mode changed without a person (step 17 finding 1) | EXPECTED FAILURE HAD ANOTHER REASON (expected without a person, got 23000 write_scope a6000000-0000-0000-0000-000000000001 has unfinished writes; pricing_mode cannot change)
CAUGHT   row находка 4 (шаг 17): GRANT INSERT ON channel_data.pricing_halt TO repracer_app (5 s)
   ✗ fails (own) verify 0073_verify_schema_invariants_v16.sql /channel_data\.pricing_halt: INSERT of the decision path does not match the allow list/ — psql:migrations/0073_verify_schema_invariants_v16.sql:567: ERROR: schema invariant violations: channel_data.pricing_halt: INSERT of the decision path does not match the allow list (Р-96) channel_data.pricing_halt.released_at: INSERT of the decision path is not in the allow list (Р-96) channel_data.pricing_halt.released_by_membership_id: INSERT of the decision path is not in the allow list (Р-96) c
   ✗ fails (neighbour) verify 0073_verify_schema_invariants_v16.sql /channel_data\.divergence_case: UPDATE of the decision path does not match the allow list/ — psql:migrations/0073_verify_schema_invariants_v16.sql:567: ERROR: schema invariant violations: channel_data.pricing_halt: INSERT of the decision path does not match the allow list (Р-96) channel_data.pricing_halt.released_at: INSERT of the decision path is not in the allow list (Р-96) channel_data.pricing_halt.released_by_membership_id: INSERT of the decision path is not in the allow list (Р-96) c
   ✗ fails (own) smoke «path inserts a halt released by a person (step 17 finding 4)» — psql:tests/db/smoke_path.sql:99: WARNING:  CHECK FAILED: path inserts a halt released by a person (step 17 finding 4) | EXPECTED FAILURE DID NOT HAPPEN
   ✓ green smoke «path resolves a divergence case for a person (step 17 finding 4)»
   ✓ green smoke «path unblocks a write scope (step 17 finding 4)»
   ✓ green smoke «path holds a write scope (step 17 finding 4)»
CAUGHT   row находка 4 (шаг 17): GRANT UPDATE ON channel_data.divergence_case TO repracer_app (4 s)
   ✗ fails (neighbour) verify 0073_verify_schema_invariants_v16.sql /channel_data\.pricing_halt: INSERT of the decision path does not match the allow list/ — psql:migrations/0073_verify_schema_invariants_v16.sql:567: ERROR: schema invariant violations: channel_data.divergence_case: UPDATE of the decision path does not match the allow list (Р-96) channel_data.divergence_case.expected_quantity: UPDATE of the decision path is not in the allow list (Р-96) channel_data.divergence_case.observed_quantity: UPDATE of the decision path is not in the allow list (
   ✗ fails (own) verify 0073_verify_schema_invariants_v16.sql /channel_data\.divergence_case: UPDATE of the decision path does not match the allow list/ — psql:migrations/0073_verify_schema_invariants_v16.sql:567: ERROR: schema invariant violations: channel_data.divergence_case: UPDATE of the decision path does not match the allow list (Р-96) channel_data.divergence_case.expected_quantity: UPDATE of the decision path is not in the allow list (Р-96) channel_data.divergence_case.observed_quantity: UPDATE of the decision path is not in the allow list (
   ✓ green smoke «path inserts a halt released by a person (step 17 finding 4)»
   ✗ fails (own) smoke «path resolves a divergence case for a person (step 17 finding 4)» — psql:tests/db/smoke_path.sql:102: WARNING:  CHECK FAILED: path resolves a divergence case for a person (step 17 finding 4) | EXPECTED FAILURE DID NOT HAPPEN
   ✓ green smoke «path unblocks a write scope (step 17 finding 4)»
   ✓ green smoke «path holds a write scope (step 17 finding 4)»
CAUGHT   row находка 5 (шаг 17): DROP TRIGGER a1_pricing_halt_review_schedule_guard ON channel_data.pricing_halt (6 s)
   ✓ green verify 0073_verify_schema_invariants_v16.sql /channel_data\.pricing_halt: administrative UPDATE is not written to the audit log/
   ✗ fails (own) smoke «the review of a halt moved without a second factor (step 17 finding 5)» — psql:tests/db/smoke_admin.sql:212: WARNING:  CHECK FAILED: the review of a halt moved without a second factor (step 17 finding 5) | EXPECTED FAILURE DID NOT HAPPEN
   ✓ green smoke «the moved review of a halt is not in the audit log (step 17 finding 5)»
CAUGHT   row находка 4 (шаг 17): DROP TRIGGER a1_write_scope_path_status_guard ON tenant_data.write_scope (6 s)
   ✓ green verify 0073_verify_schema_invariants_v16.sql /channel_data\.pricing_halt: INSERT of the decision path does not match the allow list/
   ✓ green verify 0073_verify_schema_invariants_v16.sql /channel_data\.divergence_case: UPDATE of the decision path does not match the allow list/
   ✓ green smoke «path inserts a halt released by a person (step 17 finding 4)»
   ✓ green smoke «path resolves a divergence case for a person (step 17 finding 4)»
   ✗ fails (own) smoke «path unblocks a write scope (step 17 finding 4)» — psql:tests/db/smoke_path.sql:93: WARNING:  CHECK FAILED: path unblocks a write scope (step 17 finding 4) | EXPECTED FAILURE DID NOT HAPPEN
   ✗ fails (own) smoke «path holds a write scope (step 17 finding 4)» — psql:tests/db/smoke_path.sql:95: WARNING:  CHECK FAILED: path holds a write scope (step 17 finding 4) | EXPECTED FAILURE DID NOT HAPPEN
CAUGHT   row находка 5 (шаг 17): DROP TRIGGER zz_admin_write_audit_update ON channel_data.pricing_halt (4 s)
   ✗ fails (own) verify 0073_verify_schema_invariants_v16.sql /channel_data\.pricing_halt: administrative UPDATE is not written to the audit log/ — psql:migrations/0073_verify_schema_invariants_v16.sql:567: ERROR: schema invariant violations: channel_data.pricing_halt: administrative UPDATE is not written to the audit log (Р-97) КОНТЕКСТ: PL/pgSQL function inline_code_block line 542 at RAISE 
   ✓ green smoke «the review of a halt moved without a second factor (step 17 finding 5)»
   ✗ fails (own) smoke «the moved review of a halt is not in the audit log (step 17 finding 5)» — psql:tests/db/smoke_admin.sql:220: ERROR:  the moved review of a halt is not in the audit log (step 17 finding 5)
CAUGHT   row находка 8 (шаг 17): security.param_value_valid(jsonb,jsonb): «RETURN t = 'string' AND s IN ('EUR', 'USD');…» → «RETURN t = 'string' AND s ~ '^…» (4 s)
   ✗ fails (neighbour) undercut-eternal.pg.test.ts «finding 15» /a free text in strategy.currentMinor/ — a currency outside EUR and USD true !== false true ; '1 subtest failed'
   ✗ fails (own) undercut-eternal.pg.test.ts «finding 15» /a currency outside EUR and USD/ — a currency outside EUR and USD true !== false true ; '1 subtest failed'
   ✗ fails (neighbour) undercut-eternal.pg.test.ts «finding 15» /an invalid moment in the price stop context/ — a currency outside EUR and USD true !== false true ; '1 subtest failed'
   ✗ fails (neighbour) undercut-eternal.pg.test.ts «finding 15» /a ratio outside its range/ — a currency outside EUR and USD true !== false true ; '1 subtest failed'
   ✗ fails (neighbour) undercut-eternal.pg.test.ts «finding 15» /a negative count/ — a currency outside EUR and USD true !== false true ; '1 subtest failed'
   ✗ fails (neighbour) undercut-eternal.pg.test.ts «finding 15» /a free text as an id/ — a currency outside EUR and USD true !== false true ; '1 subtest failed'
CAUGHT   row находка 8 (шаг 17): security.explanation_node_declared(jsonb,text,boolean): «ELSIF NOT security.param_value_valid(v, fields -> …» → «ELSIF false THEN…» (4 s)
   ✗ fails (own) undercut-eternal.pg.test.ts «finding 15» /a free text in strategy.currentMinor/ — another explanation format true !== false true ; a free text in strategy.currentMinor true !== false true ; a currency outside EUR and USD true !== false true ; an invalid moment in the price stop context true !== false true ; '4 subtests failed'
   ✗ fails (neighbour) undercut-eternal.pg.test.ts «finding 15» /a currency outside EUR and USD/ — another explanation format true !== false true ; a free text in strategy.currentMinor true !== false true ; a currency outside EUR and USD true !== false true ; an invalid moment in the price stop context true !== false true ; '4 subtests failed'
   ✗ fails (neighbour) undercut-eternal.pg.test.ts «finding 15» /an invalid moment in the price stop context/ — another explanation format true !== false true ; a free text in strategy.currentMinor true !== false true ; a currency outside EUR and USD true !== false true ; an invalid moment in the price stop context true !== false true ; '4 subtests failed'
   ✗ fails (neighbour) undercut-eternal.pg.test.ts «finding 15» /a ratio outside its range/ — another explanation format true !== false true ; a free text in strategy.currentMinor true !== false true ; a currency outside EUR and USD true !== false true ; an invalid moment in the price stop context true !== false true ; '4 subtests failed'
   ✗ fails (neighbour) undercut-eternal.pg.test.ts «finding 15» /a negative count/ — another explanation format true !== false true ; a free text in strategy.currentMinor true !== false true ; a currency outside EUR and USD true !== false true ; an invalid moment in the price stop context true !== false true ; '4 subtests failed'
   ✗ fails (neighbour) undercut-eternal.pg.test.ts «finding 15» /a free text as an id/ — another explanation format true !== false true ; a free text in strategy.currentMinor true !== false true ; a currency outside EUR and USD true !== false true ; an invalid moment in the price stop context true !== false true ; '4 subtests failed'
CAUGHT   row находка 8 (шаг 17): security.param_value_valid(jsonb,jsonb): «PERFORM s::timestamptz;…» → «NULL;…» (3 s)
   ✗ fails (neighbour) undercut-eternal.pg.test.ts «finding 15» /a free text in strategy.currentMinor/ — an invalid moment in the price stop context true !== false true ; '1 subtest failed'
   ✗ fails (neighbour) undercut-eternal.pg.test.ts «finding 15» /a currency outside EUR and USD/ — an invalid moment in the price stop context true !== false true ; '1 subtest failed'
   ✗ fails (own) undercut-eternal.pg.test.ts «finding 15» /an invalid moment in the price stop context/ — an invalid moment in the price stop context true !== false true ; '1 subtest failed'
   ✗ fails (neighbour) undercut-eternal.pg.test.ts «finding 15» /a ratio outside its range/ — an invalid moment in the price stop context true !== false true ; '1 subtest failed'
   ✗ fails (neighbour) undercut-eternal.pg.test.ts «finding 15» /a negative count/ — an invalid moment in the price stop context true !== false true ; '1 subtest failed'
   ✗ fails (neighbour) undercut-eternal.pg.test.ts «finding 15» /a free text as an id/ — an invalid moment in the price stop context true !== false true ; '1 subtest failed'
CAUGHT   row находка 8 (шаг 17): security.param_value_valid(jsonb,jsonb): «RETURN t = 'number' AND v::text ~ '^[0-9]+$';…» → «RETURN t = 'number';…» (4 s)
   ✗ fails (neighbour) undercut-eternal.pg.test.ts «finding 15» /a free text in strategy.currentMinor/ — a negative count true !== false true ; '1 subtest failed'
   ✗ fails (neighbour) undercut-eternal.pg.test.ts «finding 15» /a currency outside EUR and USD/ — a negative count true !== false true ; '1 subtest failed'
   ✗ fails (neighbour) undercut-eternal.pg.test.ts «finding 15» /an invalid moment in the price stop context/ — a negative count true !== false true ; '1 subtest failed'
   ✗ fails (neighbour) undercut-eternal.pg.test.ts «finding 15» /a ratio outside its range/ — a negative count true !== false true ; '1 subtest failed'
   ✗ fails (own) undercut-eternal.pg.test.ts «finding 15» /a negative count/ — a negative count true !== false true ; '1 subtest failed'
   ✗ fails (neighbour) undercut-eternal.pg.test.ts «finding 15» /a free text as an id/ — a negative count true !== false true ; '1 subtest failed'
CAUGHT   row находка 8 (шаг 17): security.param_value_valid(jsonb,jsonb): «RETURN t = 'string' AND s ~ '^[A-Za-z0-9_.:@-]{1,1…» → «RETURN t = 'string';…» (4 s)
   ✗ fails (neighbour) undercut-eternal.pg.test.ts «finding 15» /a free text in strategy.currentMinor/ — a free text as an id true !== false true ; '1 subtest failed'
   ✗ fails (neighbour) undercut-eternal.pg.test.ts «finding 15» /a currency outside EUR and USD/ — a free text as an id true !== false true ; '1 subtest failed'
   ✗ fails (neighbour) undercut-eternal.pg.test.ts «finding 15» /an invalid moment in the price stop context/ — a free text as an id true !== false true ; '1 subtest failed'
   ✗ fails (neighbour) undercut-eternal.pg.test.ts «finding 15» /a ratio outside its range/ — a free text as an id true !== false true ; '1 subtest failed'
   ✗ fails (neighbour) undercut-eternal.pg.test.ts «finding 15» /a negative count/ — a free text as an id true !== false true ; '1 subtest failed'
   ✗ fails (own) undercut-eternal.pg.test.ts «finding 15» /a free text as an id/ — a free text as an id true !== false true ; '1 subtest failed'
CAUGHT   row находка 8 (шаг 17): security.param_value_valid(jsonb,jsonb): «BETWEEN 0 AND 1000;…» → «IS NOT NULL;…» (4 s)
   ✗ fails (neighbour) undercut-eternal.pg.test.ts «finding 15» /a free text in strategy.currentMinor/ — a ratio outside its range true !== false true ; '1 subtest failed'
   ✗ fails (neighbour) undercut-eternal.pg.test.ts «finding 15» /a currency outside EUR and USD/ — a ratio outside its range true !== false true ; '1 subtest failed'
   ✗ fails (neighbour) undercut-eternal.pg.test.ts «finding 15» /an invalid moment in the price stop context/ — a ratio outside its range true !== false true ; '1 subtest failed'
   ✗ fails (own) undercut-eternal.pg.test.ts «finding 15» /a ratio outside its range/ — a ratio outside its range true !== false true ; '1 subtest failed'
   ✗ fails (neighbour) undercut-eternal.pg.test.ts «finding 15» /a negative count/ — a ratio outside its range true !== false true ; '1 subtest failed'
   ✗ fails (neighbour) undercut-eternal.pg.test.ts «finding 15» /a free text as an id/ — a ratio outside its range true !== false true ; '1 subtest failed'
CAUGHT   row Р-102: GRANT UPDATE (pricing_mode) ON tenant_data.write_scope TO repracer_stock (5 s)
   ✗ fails (neighbour) verify 0073_verify_schema_invariants_v16.sql /tenant_data\.min_price: SELECT of the stock role does not match its allow list/ — psql:migrations/0073_verify_schema_invariants_v16.sql:567: ERROR: schema invariant violations: tenant_data.write_scope.pricing_mode: UPDATE of the stock role is not in its allow list (Р-102, Р-105) КОНТЕКСТ: PL/pgSQL function inline_code_block line 542 at RAISE 
   ✗ fails (neighbour) verify 0073_verify_schema_invariants_v16.sql /tenant_data\.write_scope: UPDATE of the stock role does not match its allow list/ — psql:migrations/0073_verify_schema_invariants_v16.sql:567: ERROR: schema invariant violations: tenant_data.write_scope.pricing_mode: UPDATE of the stock role is not in its allow list (Р-102, Р-105) КОНТЕКСТ: PL/pgSQL function inline_code_block line 542 at RAISE 
   ✗ fails (own) verify 0073_verify_schema_invariants_v16.sql /tenant_data\.write_scope\.pricing_mode: UPDATE of the stock role is not in its allow list/ — psql:migrations/0073_verify_schema_invariants_v16.sql:567: ERROR: schema invariant violations: tenant_data.write_scope.pricing_mode: UPDATE of the stock role is not in its allow list (Р-102, Р-105) КОНТЕКСТ: PL/pgSQL function inline_code_block line 542 at RAISE 
   ✓ green smoke «stock role reads prices (Р-102)»
   ✗ fails (own, other reason) smoke «stock role changes the pricing of a write scope (Р-102)» — psql:tests/db/smoke_stock.sql:60: WARNING:  CHECK FAILED: stock role changes the pricing of a write scope (Р-102) | EXPECTED FAILURE HAD ANOTHER REASON (expected ^permission denied for table write_scope$, got 23000 write_scope a6000000-0000-0000-0000-000000000003 has unfinished writes; pricing_mode 
CAUGHT   row Р-102: GRANT UPDATE ON tenant_data.write_scope TO repracer_stock (5 s)
   ✗ fails (neighbour) verify 0073_verify_schema_invariants_v16.sql /tenant_data\.min_price: SELECT of the stock role does not match its allow list/ — psql:migrations/0073_verify_schema_invariants_v16.sql:567: ERROR: schema invariant violations: tenant_data.write_scope: UPDATE of the stock role does not match its allow list (Р-102) tenant_data.write_scope.tenant_id: UPDATE of the stock role is not in its allow list (Р-102, Р-105) tenant_data.write_scope.channel_account_id: UPDATE of the stock role is not in its allow list (Р-102, Р-105) tenant_d
   ✗ fails (own) verify 0073_verify_schema_invariants_v16.sql /tenant_data\.write_scope: UPDATE of the stock role does not match its allow list/ — psql:migrations/0073_verify_schema_invariants_v16.sql:567: ERROR: schema invariant violations: tenant_data.write_scope: UPDATE of the stock role does not match its allow list (Р-102) tenant_data.write_scope.tenant_id: UPDATE of the stock role is not in its allow list (Р-102, Р-105) tenant_data.write_scope.channel_account_id: UPDATE of the stock role is not in its allow list (Р-102, Р-105) tenant_d
   ✗ fails (neighbour) verify 0073_verify_schema_invariants_v16.sql /tenant_data\.write_scope\.pricing_mode: UPDATE of the stock role is not in its allow list/ — psql:migrations/0073_verify_schema_invariants_v16.sql:567: ERROR: schema invariant violations: tenant_data.write_scope: UPDATE of the stock role does not match its allow list (Р-102) tenant_data.write_scope.tenant_id: UPDATE of the stock role is not in its allow list (Р-102, Р-105) tenant_data.write_scope.channel_account_id: UPDATE of the stock role is not in its allow list (Р-102, Р-105) tenant_d
   ✓ green smoke «stock role reads prices (Р-102)»
   ✗ fails (neighbour) smoke «stock role changes the pricing of a write scope (Р-102)» — psql:tests/db/smoke_stock.sql:60: WARNING:  CHECK FAILED: stock role changes the pricing of a write scope (Р-102) | EXPECTED FAILURE HAD ANOTHER REASON (expected ^permission denied for table write_scope$, got 23000 write_scope a6000000-0000-0000-0000-000000000003 has unfinished writes; pricing_mode 
CAUGHT   row Р-102: GRANT SELECT ON tenant_data.min_price TO repracer_stock (5 s)
   ✗ fails (own) verify 0073_verify_schema_invariants_v16.sql /tenant_data\.min_price: SELECT of the stock role does not match its allow list/ — psql:migrations/0073_verify_schema_invariants_v16.sql:567: ERROR: schema invariant violations: tenant_data.min_price: SELECT of the stock role does not match its allow list (Р-102) tenant_data.min_price.tenant_id: SELECT of the stock role is not in its allow list (Р-102, Р-105) tenant_data.min_price.scope_type: SELECT of the stock role is not in its allow list (Р-102, Р-105) tenant_data.min_price.
   ✗ fails (neighbour) verify 0073_verify_schema_invariants_v16.sql /tenant_data\.write_scope: UPDATE of the stock role does not match its allow list/ — psql:migrations/0073_verify_schema_invariants_v16.sql:567: ERROR: schema invariant violations: tenant_data.min_price: SELECT of the stock role does not match its allow list (Р-102) tenant_data.min_price.tenant_id: SELECT of the stock role is not in its allow list (Р-102, Р-105) tenant_data.min_price.scope_type: SELECT of the stock role is not in its allow list (Р-102, Р-105) tenant_data.min_price.
   ✗ fails (neighbour) verify 0073_verify_schema_invariants_v16.sql /tenant_data\.write_scope\.pricing_mode: UPDATE of the stock role is not in its allow list/ — psql:migrations/0073_verify_schema_invariants_v16.sql:567: ERROR: schema invariant violations: tenant_data.min_price: SELECT of the stock role does not match its allow list (Р-102) tenant_data.min_price.tenant_id: SELECT of the stock role is not in its allow list (Р-102, Р-105) tenant_data.min_price.scope_type: SELECT of the stock role is not in its allow list (Р-102, Р-105) tenant_data.min_price.
   ✗ fails (own) smoke «stock role reads prices (Р-102)» — psql:tests/db/smoke_stock.sql:54: WARNING:  CHECK FAILED: stock role reads prices (Р-102) | EXPECTED FAILURE DID NOT HAPPEN
   ✓ green smoke «stock role changes the pricing of a write scope (Р-102)»
CAUGHT   row Р-103: ALTER TABLE channel_data.pricing_halt_review DISABLE TRIGGER zz_append_only (4 s)
   ✓ green smoke «append-only tenant_data.guardrail»
   ✗ fails (own) smoke «append-only channel_data.pricing_halt_review» — psql:tests/db/smoke_append_only.sql:108: WARNING:  CHECK FAILED: append-only channel_data.pricing_halt_review | EXPECTED FAILURE DID NOT HAPPEN
   ✓ green smoke «append-only platform.external_identity_revocation»
   ✓ green smoke «append-only tenant_data.price_daily_correction»
CAUGHT   row Р-103: ALTER TABLE tenant_data.guardrail DISABLE TRIGGER zz_append_only (4 s)
   ✗ fails (own) smoke «append-only tenant_data.guardrail» — psql:tests/db/smoke_append_only.sql:108: WARNING:  CHECK FAILED: append-only tenant_data.guardrail | EXPECTED FAILURE DID NOT HAPPEN
   ✓ green smoke «append-only channel_data.pricing_halt_review»
   ✓ green smoke «append-only platform.external_identity_revocation»
   ✓ green smoke «append-only tenant_data.price_daily_correction»
CAUGHT   row Р-103: ALTER TABLE platform.external_identity_revocation DISABLE TRIGGER zz_append_only (4 s)
   ✓ green smoke «append-only tenant_data.guardrail»
   ✓ green smoke «append-only channel_data.pricing_halt_review»
   ✗ fails (own) smoke «append-only platform.external_identity_revocation» — psql:tests/db/smoke_append_only.sql:108: WARNING:  CHECK FAILED: append-only platform.external_identity_revocation | EXPECTED FAILURE DID NOT HAPPEN
   ✓ green smoke «append-only tenant_data.price_daily_correction»
CAUGHT   row OQ-153: maintenance.purge_user_identities(uuid): «IF NOT EXISTS (SELECT 1 FROM platform.app_user u W…» → «IF false THEN…» (5 s)
   ✗ fails (own) smoke «sign-ins of an active user are purged (OQ-153)» — psql:tests/db/smoke_retention.sql:151: WARNING:  CHECK FAILED: sign-ins of an active user are purged (OQ-153) | EXPECTED FAILURE DID NOT HAPPEN
CAUGHT   row Р-103: ALTER TABLE tenant_data.price_daily_correction DISABLE TRIGGER zz_append_only (5 s)
   ✓ green smoke «append-only tenant_data.guardrail»
   ✓ green smoke «append-only channel_data.pricing_halt_review»
   ✓ green smoke «append-only platform.external_identity_revocation»
   ✗ fails (own) smoke «append-only tenant_data.price_daily_correction» — psql:tests/db/smoke_append_only.sql:108: WARNING:  CHECK FAILED: append-only tenant_data.price_daily_correction | EXPECTED FAILURE DID NOT HAPPEN
NEIGHBOUR row находка 1 (шаг 18): security.require_person_for_admin_write(): «  u := security.current_user_id();
  IF u IS NULL …» → «  IF TG_OP = 'UPDATE' AND NOT …» (5 s)
   ✗ fails (own, other reason) smoke «write scope status changed by the administrative service without a person (step 18 finding 1)» — psql:tests/db/smoke_admin.sql:229: WARNING:  CHECK FAILED: write scope status changed by the administrative service without a person (step 18 finding 1) | EXPECTED FAILURE HAD ANOTHER REASON (expected administrative change of tenant_data.write_scope without a person, got 23514 new row for relation "
   ✓ green smoke «a status change of a write scope by a person is not in the audit log (step 18 finding 1)»
CAUGHT   row находка 1 (шаг 18): security.audit_admin_write(): «    -- Находка 1 ревью шага 18: в журнал попадает …» → «    IF NOT cols && TG_ARGV THE…» (4 s)
   ✓ green smoke «write scope status changed by the administrative service without a person (step 18 finding 1)»
   ✗ fails (own) smoke «a status change of a write scope by a person is not in the audit log (step 18 finding 1)» — psql:tests/db/smoke_admin.sql:241: ERROR:  a status change of a write scope by a person is not in the audit log (step 18 finding 1)
NEIGHBOUR row Р-101 (находка 2, шаг 18): tenant_data.migration_consent_item_guard(): «IF c.user_id IS NULL OR c.user_id IS DISTINCT FROM…» → «IF false THEN…» (5 s)
   ✗ fails (own, other reason) smoke «listing added to a consent by another member (Р-101)» — psql:tests/db/smoke_admin.sql:249: WARNING:  CHECK FAILED: listing added to a consent by another member (Р-101) | EXPECTED FAILURE HAD ANOTHER REASON (expected only by the owner who gave it, got 42501 listings are added to a migration consent only in the transaction that gives it (Р-101))
   ✓ green smoke «listing added to a consent without a second factor (Р-101)»
   ✓ green smoke «listing added to a consent given in an earlier transaction (Р-101)»
   ✓ green smoke «listing added to a consent without a preflight check (Р-101, Р-2)»
   ✓ green smoke «consent revoked in the name of another member (Р-101)»
   ✓ green smoke «consent revoked by an admin (Р-101)»
   ✓ green smoke «consent revoked without a second factor (Р-101)»
NEIGHBOUR row Р-101 (находка 2, шаг 18): tenant_data.migration_consent_item_guard(): «IF NOT security.session_mfa() THEN…» → «IF false THEN…» (5 s)
   ✓ green smoke «listing added to a consent by another member (Р-101)»
   ✗ fails (own, other reason) smoke «listing added to a consent without a second factor (Р-101)» — psql:tests/db/smoke_admin.sql:255: WARNING:  CHECK FAILED: listing added to a consent without a second factor (Р-101) | EXPECTED FAILURE HAD ANOTHER REASON (expected adding a listing to a migration consent requires a second factor, got 42501 listings are added to a migration consent only in the tran
   ✓ green smoke «listing added to a consent given in an earlier transaction (Р-101)»
   ✓ green smoke «listing added to a consent without a preflight check (Р-101, Р-2)»
   ✓ green smoke «consent revoked in the name of another member (Р-101)»
   ✓ green smoke «consent revoked by an admin (Р-101)»
   ✓ green smoke «consent revoked without a second factor (Р-101)»
CAUGHT   row Р-101 (находка 2, шаг 18): tenant_data.migration_consent_revocation_guard(): «IF mem.membership_id IS NULL OR NEW.revoked_by_mem…» → «IF false THEN…» (5 s)
   ✓ green smoke «listing added to a consent by another member (Р-101)»
   ✓ green smoke «listing added to a consent without a second factor (Р-101)»
   ✓ green smoke «listing added to a consent given in an earlier transaction (Р-101)»
   ✓ green smoke «listing added to a consent without a preflight check (Р-101, Р-2)»
   ✗ fails (own) smoke «consent revoked in the name of another member (Р-101)» — psql:tests/db/smoke_admin.sql:273: WARNING:  CHECK FAILED: consent revoked in the name of another member (Р-101) | EXPECTED FAILURE DID NOT HAPPEN
   ✓ green smoke «consent revoked by an admin (Р-101)»
   ✓ green smoke «consent revoked without a second factor (Р-101)»
NEIGHBOUR row Р-101 (находка 2, шаг 18): tenant_data.migration_consent_item_guard(): «IF c.given_at <> now() THEN…» → «IF false THEN…» (5 s)
   ✓ green smoke «listing added to a consent by another member (Р-101)»
   ✓ green smoke «listing added to a consent without a second factor (Р-101)»
   ✗ fails (own, other reason) smoke «listing added to a consent given in an earlier transaction (Р-101)» — psql:tests/db/smoke_admin.sql:261: WARNING:  CHECK FAILED: listing added to a consent given in an earlier transaction (Р-101) | EXPECTED FAILURE HAD ANOTHER REASON (expected only in the transaction that gives it, got 23505 duplicate key value violates unique constraint "migration_consent_item_pkey")
   ✓ green smoke «listing added to a consent without a preflight check (Р-101, Р-2)»
   ✓ green smoke «consent revoked in the name of another member (Р-101)»
   ✓ green smoke «consent revoked by an admin (Р-101)»
   ✓ green smoke «consent revoked without a second factor (Р-101)»
CAUGHT   row Р-101 (находка 2, шаг 18): tenant_data.migration_consent_item_guard(): «IF NOT EXISTS (SELECT 1 FROM channel_data.listing_…» → «IF false AND EXISTS (SELECT 1 …» (5 s)
   ✓ green smoke «listing added to a consent by another member (Р-101)»
   ✓ green smoke «listing added to a consent without a second factor (Р-101)»
   ✓ green smoke «listing added to a consent given in an earlier transaction (Р-101)»
   ✗ fails (own) smoke «listing added to a consent without a preflight check (Р-101, Р-2)» — psql:tests/db/smoke_admin.sql:267: WARNING:  CHECK FAILED: listing added to a consent without a preflight check (Р-101, Р-2) | EXPECTED FAILURE DID NOT HAPPEN
   ✓ green smoke «consent revoked in the name of another member (Р-101)»
   ✓ green smoke «consent revoked by an admin (Р-101)»
   ✓ green smoke «consent revoked without a second factor (Р-101)»
NEIGHBOUR row Р-101 (находка 2, шаг 18): tenant_data.migration_consent_revocation_guard(): «IF mem.role <> 'OWNER' THEN…» → «IF false THEN…» (5 s)
   ✓ green smoke «listing added to a consent by another member (Р-101)»
   ✓ green smoke «listing added to a consent without a second factor (Р-101)»
   ✓ green smoke «listing added to a consent given in an earlier transaction (Р-101)»
   ✓ green smoke «listing added to a consent without a preflight check (Р-101, Р-2)»
   ✓ green smoke «consent revoked in the name of another member (Р-101)»
   ✗ fails (own, other reason) smoke «consent revoked by an admin (Р-101)» — psql:tests/db/smoke_admin.sql:278: WARNING:  CHECK FAILED: consent revoked by an admin (Р-101) | EXPECTED FAILURE HAD ANOTHER REASON (expected only an owner revokes a migration consent, got 42501 administrative change of tenant_data.migration_consent_revocation: role ADMIN may not GIVE_MIGRATION_CON
   ✓ green smoke «consent revoked without a second factor (Р-101)»
CAUGHT   row Р-101 (находка 2, шаг 18): tenant_data.migration_consent_revocation_guard(): «IF NOT security.session_mfa() THEN…» → «IF false THEN…» (5 s)
   ✓ green smoke «listing added to a consent by another member (Р-101)»
   ✓ green smoke «listing added to a consent without a second factor (Р-101)»
   ✓ green smoke «listing added to a consent given in an earlier transaction (Р-101)»
   ✓ green smoke «listing added to a consent without a preflight check (Р-101, Р-2)»
   ✓ green smoke «consent revoked in the name of another member (Р-101)»
   ✓ green smoke «consent revoked by an admin (Р-101)»
   ✗ fails (own) smoke «consent revoked without a second factor (Р-101)» — psql:tests/db/smoke_admin.sql:283: WARNING:  CHECK FAILED: consent revoked without a second factor (Р-101) | EXPECTED FAILURE DID NOT HAPPEN
NEIGHBOUR row Р-107 (находка 3, шаг 18): channel_data.price_intent_manual_guard(): «IF mem.membership_id IS NULL OR NEW.created_by_mem…» → «IF false THEN…» (5 s)
   ✗ fails (own, other reason) smoke «path creates a manual price intent (Р-107)» — psql:tests/db/smoke_path.sql:131: WARNING:  CHECK FAILED: path creates a manual price intent (Р-107) | EXPECTED FAILURE HAD ANOTHER REASON (expected a manual price intent is created only by a person in the administrative service in the name of the session user, got 42501 role <NULL> may not set a ma
   ✗ fails (own, other reason) smoke «manual price intent in the name of another member (Р-107)» — psql:tests/db/smoke_admin.sql:290: WARNING:  CHECK FAILED: manual price intent in the name of another member (Р-107) | EXPECTED FAILURE HAD ANOTHER REASON (expected in the name of the session user, not by the decision path, got 23000 channel_data.price_intent_d20260916 requires a PRICE write_scope i
   ✓ green smoke «manual price intent by a viewer (Р-107)»
NEIGHBOUR row Р-107 (находка 3, шаг 18): channel_data.price_intent_manual_guard(): «NOT (NEW.trigger_type = 'MANUAL' OR NEW.rule_code …» → «NOT (NEW.trigger_type = 'MANUA…» (5 s)
   ✗ fails (neighbour) smoke «path creates a manual price intent (Р-107)» — psql:tests/db/smoke_path.sql:131: WARNING:  CHECK FAILED: path creates a manual price intent (Р-107) | EXPECTED FAILURE HAD ANOTHER REASON (expected a manual price intent is created only by a person in the administrative service in the name of the session user, got 23000 channel_data.price_intent_d2
   ✗ fails (own, other reason) smoke «manual price intent in the name of another member (Р-107)» — psql:tests/db/smoke_admin.sql:290: WARNING:  CHECK FAILED: manual price intent in the name of another member (Р-107) | EXPECTED FAILURE HAD ANOTHER REASON (expected in the name of the session user, not by the decision path, got 23000 channel_data.price_intent_d20260916 requires a PRICE write_scope i
   ✗ fails (own, other reason) smoke «manual price intent by a viewer (Р-107)» — psql:tests/db/smoke_admin.sql:295: WARNING:  CHECK FAILED: manual price intent by a viewer (Р-107) | EXPECTED FAILURE HAD ANOTHER REASON (expected role VIEWER may not set a manual price, got 23000 channel_data.price_intent_d20260916 requires a PRICE write_scope in ENGINE mode (got PRICE / KAUFLAND_S
NEIGHBOUR row находка 4 (шаг 18): channel_data.pricing_halt_insert_guard(): «IF security.admin_session() THEN…» → «IF false THEN…» (5 s)
   ✓ green verify 0073_verify_schema_invariants_v16.sql /pricing_halt: trigger a00_pricing_halt_insert_guard has a WHEN condition that is not in the list/
   ✗ fails (own, other reason) smoke «system halt created by a person (step 18 finding 4)» — psql:tests/db/smoke_admin.sql:302: WARNING:  CHECK FAILED: system halt created by a person (step 18 finding 4) | EXPECTED FAILURE HAD ANOTHER REASON (expected a person does not create a system halt, got 23505 duplicate key value violates unique constraint "pricing_halt_active_uq")
NEIGHBOUR row Р-107 (находка 3, шаг 18): channel_data.price_intent_manual_guard(): «IF NOT security.pricing_permission(mem.role, 'ENAB…» → «IF false THEN…» (5 s)
   ✓ green smoke «path creates a manual price intent (Р-107)»
   ✓ green smoke «manual price intent in the name of another member (Р-107)»
   ✗ fails (own, other reason) smoke «manual price intent by a viewer (Р-107)» — psql:tests/db/smoke_admin.sql:295: WARNING:  CHECK FAILED: manual price intent by a viewer (Р-107) | EXPECTED FAILURE HAD ANOTHER REASON (expected role VIEWER may not set a manual price, got 23000 channel_data.price_intent_d20260916 requires a PRICE write_scope in ENGINE mode (got PRICE / KAUFLAND_S
CAUGHT   row находка 6 (шаг 18): ALTER FUNCTION platform.external_identity_one_active() SECURITY INVOKER (5 s)
   ✗ fails (own) verify 0073_verify_schema_invariants_v16.sql /platform\.external_identity_one_active\(\): owned by repracer_resolver but not SECURITY DEFINER/ — psql:migrations/0073_verify_schema_invariants_v16.sql:567: ERROR: schema invariant violations: platform.external_identity_one_active(): owned by repracer_resolver but not SECURITY DEFINER (step 19) КОНТЕКСТ: PL/pgSQL function inline_code_block line 542 at RAISE 
   ✓ green identity.pg.test.ts «step 18 finding 6» /step 18 finding 6: a link in REPEATABLE READ is refused/
CAUGHT   row находка 6 (шаг 18): platform.external_identity_one_active(): «IF current_setting('transaction_isolation') <> 're…» → «IF false THEN…» (5 s)
   ✓ green verify 0073_verify_schema_invariants_v16.sql /platform\.external_identity_one_active\(\): owned by repracer_resolver but not SECURITY DEFINER/
   ✗ fails (own) identity.pg.test.ts «step 18 finding 6» /step 18 finding 6: a link in REPEATABLE READ is refused/ — 'step 18 finding 6: a link in REPEATABLE READ is refused' 'linked'
CAUGHT   row находка 4 (шаг 18): DROP TRIGGER a00_pricing_halt_insert_guard ON channel_data.pricing_halt; CREATE TRIGGER a00_pricing_halt_inser (5 s)
   ✗ fails (own) verify 0073_verify_schema_invariants_v16.sql /pricing_halt: trigger a00_pricing_halt_insert_guard has a WHEN condition that is not in the list/ — psql:migrations/0073_verify_schema_invariants_v16.sql:567: ERROR: schema invariant violations: channel_data.pricing_halt: trigger a00_pricing_halt_insert_guard has a WHEN condition that is not in the list: false (step 19) КОНТЕКСТ: PL/pgSQL function inline_code_block line 542 at RAISE 
   ✗ fails (own, other reason) smoke «system halt created by a person (step 18 finding 4)» — psql:tests/db/smoke_admin.sql:302: WARNING:  CHECK FAILED: system halt created by a person (step 18 finding 4) | EXPECTED FAILURE HAD ANOTHER REASON (expected a person does not create a system halt, got 23505 duplicate key value violates unique constraint "pricing_halt_active_uq")
CAUGHT   row находка 5 (шаг 18): GRANT DELETE ON platform.external_identity TO repracer_retention (7 s)
   ✗ fails (own) verify 0073_verify_schema_invariants_v16.sql /role repracer_retention may delete sign-in links/ — psql:migrations/0073_verify_schema_invariants_v16.sql:567: ERROR: schema invariant violations: role repracer_retention may delete sign-in links; only the purge of a disabled user may (step 18 finding 5, OQ-153) КОНТЕКСТ: PL/pgSQL function inline_code_block line 542 at RAISE 
   ✗ fails (neighbour) verify 0073_verify_schema_invariants_v16.sql /security\.forbid_mutation does not refuse a DELETE/ — psql:migrations/0073_verify_schema_invariants_v16.sql:567: ERROR: schema invariant violations: role repracer_retention may delete sign-in links; only the purge of a disabled user may (step 18 finding 5, OQ-153) КОНТЕКСТ: PL/pgSQL function inline_code_block line 542 at RAISE 
   ✓ green smoke «retention role deletes sign-in revocations directly (step 18 finding 5)»
   ✗ fails (own) smoke «retention role deletes sign-in links directly (step 18 finding 5)» — psql:tests/db/smoke_retention.sql:39: WARNING:  CHECK FAILED: retention role deletes sign-in links directly (step 18 finding 5) | EXPECTED FAILURE DID NOT HAPPEN
CAUGHT   row находка 5 (шаг 18): GRANT DELETE ON platform.external_identity_revocation TO repracer_retention (7 s)
   ✗ fails (own) verify 0073_verify_schema_invariants_v16.sql /role repracer_retention may delete sign-in links/ — psql:migrations/0073_verify_schema_invariants_v16.sql:567: ERROR: schema invariant violations: role repracer_retention may delete sign-in links; only the purge of a disabled user may (step 18 finding 5, OQ-153) КОНТЕКСТ: PL/pgSQL function inline_code_block line 542 at RAISE 
   ✗ fails (neighbour) verify 0073_verify_schema_invariants_v16.sql /security\.forbid_mutation does not refuse a DELETE/ — psql:migrations/0073_verify_schema_invariants_v16.sql:567: ERROR: schema invariant violations: role repracer_retention may delete sign-in links; only the purge of a disabled user may (step 18 finding 5, OQ-153) КОНТЕКСТ: PL/pgSQL function inline_code_block line 542 at RAISE 
   ✗ fails (own) smoke «retention role deletes sign-in revocations directly (step 18 finding 5)» — psql:tests/db/smoke_retention.sql:36: WARNING:  CHECK FAILED: retention role deletes sign-in revocations directly (step 18 finding 5) | EXPECTED FAILURE DID NOT HAPPEN
   ✓ green smoke «retention role deletes sign-in links directly (step 18 finding 5)»
CAUGHT   row находка 5 (шаг 18): security.forbid_mutation(): «IF TG_OP = 'DELETE' AND current_user IN ('repracer…» → «IF TG_OP = 'DELETE' THEN…» (7 s)
   ✗ fails (neighbour) verify 0073_verify_schema_invariants_v16.sql /role repracer_retention may delete sign-in links/ — psql:migrations/0073_verify_schema_invariants_v16.sql:567: ERROR: schema invariant violations: behaviour check (Р-83, findings 4 and 15, Р-91): security.forbid_mutation does not refuse a DELETE (finding 4) КОНТЕКСТ: PL/pgSQL function inline_code_block line 542 at RAISE 
   ✗ fails (own) verify 0073_verify_schema_invariants_v16.sql /security\.forbid_mutation does not refuse a DELETE/ — psql:migrations/0073_verify_schema_invariants_v16.sql:567: ERROR: schema invariant violations: behaviour check (Р-83, findings 4 and 15, Р-91): security.forbid_mutation does not refuse a DELETE (finding 4) КОНТЕКСТ: PL/pgSQL function inline_code_block line 542 at RAISE 
   ✓ green smoke «retention role deletes sign-in revocations directly (step 18 finding 5)»
   ✓ green smoke «retention role deletes sign-in links directly (step 18 finding 5)»
NEIGHBOUR row находка 7 (шаг 18): security.explanation_node_declared(jsonb,text,boolean): «IF jsonb_typeof(node) NOT IN ('object', 'array') T…» → «IF false THEN…» (4 s)
   ✗ fails (own, other reason) undercut-eternal.pg.test.ts «finding 15» /step 18 finding 7: a scalar among the strategy steps is refused|step 18 finding 7: a scalar among the sanity checks is refused|step 18 finding 7: a scalar explanation is refused/ — 'cannot call jsonb_each on a non-object' ; '1 subtest failed'
CAUGHT   row Р-105: ALTER POLICY stock_quantity ON tenant_data.channel_write USING (tenant_id = security.current_tenant_id()) WITH (5 s)
   ✗ fails (neighbour) verify 0073_verify_schema_invariants_v16.sql /channel_write_history: policy stock_quantity of the stock role is not limited to the QUANTITY field/ — psql:migrations/0073_verify_schema_invariants_v16.sql:567: ERROR: schema invariant violations: tenant_data.channel_write: policy stock_quantity of the stock role is not limited to the QUANTITY field (Р-105) КОНТЕКСТ: PL/pgSQL function inline_code_block line 542 at RAISE 
   ✗ fails (own) verify 0073_verify_schema_invariants_v16.sql /channel_write: policy stock_quantity of the stock role is not limited to the QUANTITY field/ — psql:migrations/0073_verify_schema_invariants_v16.sql:567: ERROR: schema invariant violations: tenant_data.channel_write: policy stock_quantity of the stock role is not limited to the QUANTITY field (Р-105) КОНТЕКСТ: PL/pgSQL function inline_code_block line 542 at RAISE 
   ✗ fails (neighbour) verify 0073_verify_schema_invariants_v16.sql /write_scope: policy stock_quantity of the stock role is not limited to the QUANTITY field/ — psql:migrations/0073_verify_schema_invariants_v16.sql:567: ERROR: schema invariant violations: tenant_data.channel_write: policy stock_quantity of the stock role is not limited to the QUANTITY field (Р-105) КОНТЕКСТ: PL/pgSQL function inline_code_block line 542 at RAISE 
   ✗ fails (neighbour) verify 0073_verify_schema_invariants_v16.sql /tenant_data\.write_scope\.pricing_mode: UPDATE of the stock role is not in its allow list/ — psql:migrations/0073_verify_schema_invariants_v16.sql:567: ERROR: schema invariant violations: tenant_data.channel_write: policy stock_quantity of the stock role is not limited to the QUANTITY field (Р-105) КОНТЕКСТ: PL/pgSQL function inline_code_block line 542 at RAISE 
   ✓ green smoke «stock role writes price history of a channel write (Р-105)» — not reached (tests/db/smoke_stock.sql: ERROR:  the stock role sees price writes or does not see quantity writes (Р-105))
   ✗ fails (own) smoke «the stock role sees price writes or does not see quantity writes (Р-105)» — psql:tests/db/smoke_stock.sql:78: ERROR:  the stock role sees price writes or does not see quantity writes (Р-105)
CAUGHT   row Р-105: ALTER POLICY stock_quantity ON tenant_data.channel_write_history USING (tenant_id = security.current_tenant_id (6 s)
   ✗ fails (own) verify 0073_verify_schema_invariants_v16.sql /channel_write_history: policy stock_quantity of the stock role is not limited to the QUANTITY field/ — psql:migrations/0073_verify_schema_invariants_v16.sql:567: ERROR: schema invariant violations: tenant_data.channel_write_history: policy stock_quantity of the stock role is not limited to the QUANTITY field (Р-105) КОНТЕКСТ: PL/pgSQL function inline_code_block line 542 at RAISE 
   ✗ fails (neighbour) verify 0073_verify_schema_invariants_v16.sql /channel_write: policy stock_quantity of the stock role is not limited to the QUANTITY field/ — psql:migrations/0073_verify_schema_invariants_v16.sql:567: ERROR: schema invariant violations: tenant_data.channel_write_history: policy stock_quantity of the stock role is not limited to the QUANTITY field (Р-105) КОНТЕКСТ: PL/pgSQL function inline_code_block line 542 at RAISE 
   ✗ fails (neighbour) verify 0073_verify_schema_invariants_v16.sql /write_scope: policy stock_quantity of the stock role is not limited to the QUANTITY field/ — psql:migrations/0073_verify_schema_invariants_v16.sql:567: ERROR: schema invariant violations: tenant_data.channel_write_history: policy stock_quantity of the stock role is not limited to the QUANTITY field (Р-105) КОНТЕКСТ: PL/pgSQL function inline_code_block line 542 at RAISE 
   ✗ fails (neighbour) verify 0073_verify_schema_invariants_v16.sql /tenant_data\.write_scope\.pricing_mode: UPDATE of the stock role is not in its allow list/ — psql:migrations/0073_verify_schema_invariants_v16.sql:567: ERROR: schema invariant violations: tenant_data.channel_write_history: policy stock_quantity of the stock role is not limited to the QUANTITY field (Р-105) КОНТЕКСТ: PL/pgSQL function inline_code_block line 542 at RAISE 
   ✗ fails (own, other reason) smoke «stock role writes price history of a channel write (Р-105)» — psql:tests/db/smoke_stock.sql:84: WARNING:  CHECK FAILED: stock role writes price history of a channel write (Р-105) | EXPECTED FAILURE HAD ANOTHER REASON (expected new row violates row-level security policy for table "channel_write_history, got 23514 new row for relation "channel_write_history_d202
   ✓ green smoke «the stock role sees price writes or does not see quantity writes (Р-105)»
CAUGHT   row Р-105: ALTER POLICY stock_quantity ON tenant_data.write_scope USING (tenant_id = security.current_tenant_id()) (4 s)
   ✗ fails (neighbour) verify 0073_verify_schema_invariants_v16.sql /channel_write_history: policy stock_quantity of the stock role is not limited to the QUANTITY field/ — psql:migrations/0073_verify_schema_invariants_v16.sql:567: ERROR: schema invariant violations: tenant_data.write_scope: policy stock_quantity of the stock role is not limited to the QUANTITY field (Р-105) КОНТЕКСТ: PL/pgSQL function inline_code_block line 542 at RAISE 
   ✗ fails (neighbour) verify 0073_verify_schema_invariants_v16.sql /channel_write: policy stock_quantity of the stock role is not limited to the QUANTITY field/ — psql:migrations/0073_verify_schema_invariants_v16.sql:567: ERROR: schema invariant violations: tenant_data.write_scope: policy stock_quantity of the stock role is not limited to the QUANTITY field (Р-105) КОНТЕКСТ: PL/pgSQL function inline_code_block line 542 at RAISE 
   ✗ fails (own) verify 0073_verify_schema_invariants_v16.sql /write_scope: policy stock_quantity of the stock role is not limited to the QUANTITY field/ — psql:migrations/0073_verify_schema_invariants_v16.sql:567: ERROR: schema invariant violations: tenant_data.write_scope: policy stock_quantity of the stock role is not limited to the QUANTITY field (Р-105) КОНТЕКСТ: PL/pgSQL function inline_code_block line 542 at RAISE 
   ✗ fails (neighbour) verify 0073_verify_schema_invariants_v16.sql /tenant_data\.write_scope\.pricing_mode: UPDATE of the stock role is not in its allow list/ — psql:migrations/0073_verify_schema_invariants_v16.sql:567: ERROR: schema invariant violations: tenant_data.write_scope: policy stock_quantity of the stock role is not limited to the QUANTITY field (Р-105) КОНТЕКСТ: PL/pgSQL function inline_code_block line 542 at RAISE 
   ✓ green smoke «stock role writes price history of a channel write (Р-105)» — not reached (tests/db/smoke_stock.sql: ERROR:  the stock role sees price writes or does not see quantity writes (Р-105))
   ✗ fails (own) smoke «the stock role sees price writes or does not see quantity writes (Р-105)» — psql:tests/db/smoke_stock.sql:78: ERROR:  the stock role sees price writes or does not see quantity writes (Р-105)
CAUGHT   row шаг 19: атрибуты функций защит: ALTER FUNCTION security.audit_admin_write() SECURITY INVOKER (3 s)
   ✗ fails (own) verify 0073_verify_schema_invariants_v16.sql /security\.audit_admin_write\(\): owned by repracer_audit_writer but not SECURITY DEFINER/ — psql:migrations/0073_verify_schema_invariants_v16.sql:567: ERROR: schema invariant violations: security.audit_admin_write(): owned by repracer_audit_writer but not SECURITY DEFINER (step 19) КОНТЕКСТ: PL/pgSQL function inline_code_block line 542 at RAISE 
   ✓ green smoke «an administrative change is not in the audit log (Р-97)» — not reached (tests/db/smoke_app.sql: ERROR:  permission denied for table audit_event)
CAUGHT   row Р-105: GRANT UPDATE (pricing_mode) ON tenant_data.write_scope TO repracer_stock (4 s)
   ✗ fails (neighbour) verify 0073_verify_schema_invariants_v16.sql /channel_write_history: policy stock_quantity of the stock role is not limited to the QUANTITY field/ — psql:migrations/0073_verify_schema_invariants_v16.sql:567: ERROR: schema invariant violations: tenant_data.write_scope.pricing_mode: UPDATE of the stock role is not in its allow list (Р-102, Р-105) КОНТЕКСТ: PL/pgSQL function inline_code_block line 542 at RAISE 
   ✗ fails (neighbour) verify 0073_verify_schema_invariants_v16.sql /channel_write: policy stock_quantity of the stock role is not limited to the QUANTITY field/ — psql:migrations/0073_verify_schema_invariants_v16.sql:567: ERROR: schema invariant violations: tenant_data.write_scope.pricing_mode: UPDATE of the stock role is not in its allow list (Р-102, Р-105) КОНТЕКСТ: PL/pgSQL function inline_code_block line 542 at RAISE 
   ✗ fails (neighbour) verify 0073_verify_schema_invariants_v16.sql /write_scope: policy stock_quantity of the stock role is not limited to the QUANTITY field/ — psql:migrations/0073_verify_schema_invariants_v16.sql:567: ERROR: schema invariant violations: tenant_data.write_scope.pricing_mode: UPDATE of the stock role is not in its allow list (Р-102, Р-105) КОНТЕКСТ: PL/pgSQL function inline_code_block line 542 at RAISE 
   ✗ fails (own) verify 0073_verify_schema_invariants_v16.sql /tenant_data\.write_scope\.pricing_mode: UPDATE of the stock role is not in its allow list/ — psql:migrations/0073_verify_schema_invariants_v16.sql:567: ERROR: schema invariant violations: tenant_data.write_scope.pricing_mode: UPDATE of the stock role is not in its allow list (Р-102, Р-105) КОНТЕКСТ: PL/pgSQL function inline_code_block line 542 at RAISE 
   ✓ green smoke «stock role writes price history of a channel write (Р-105)»
   ✓ green smoke «the stock role sees price writes or does not see quantity writes (Р-105)»

| Строка | Инвариант | Мутация | Поймана своей проверкой | Свои проверки мутации |
|---|---|---|---|---|
| 12 | Р-43, Р-44: потолок при создании и отправке записи | `DROP TRIGGER ba_channel_write_ceiling_insert ON tenant_data.channel_write` | да | ✗ smoke «write created above lowered max_price (Р-44, check 2)» |
| 12 | Р-43, Р-44: потолок при создании и отправке записи | `DROP TRIGGER ba_channel_write_ceiling_dispatch ON tenant_data.channel_write` | да | ✗ smoke «dispatch above lowered max_price (Р-44, check 3)» |
| 13 | Р-44: без округления до границы, причина отказа обязательна | `ALTER TABLE channel_data.price_decision DROP CONSTRAINT price_decision_no_bound_clamp` | да | ✗ smoke «clamp to floor instead of rejection (Р-44)» |
| 13 | Р-44: без округления до границы, причина отказа обязательна | `ALTER TABLE channel_data.price_decision DROP CONSTRAINT price_decision_rejection_reason_iff` | да | ✗ smoke «REJECTED without a reason» |
| 14 | Р-43: потолок не в guardrail | `ALTER TABLE tenant_data.guardrail DROP CONSTRAINT guardrail_ceiling_moved_to_max_price` | да | ✗ smoke «guardrail carrying a ceiling (moved to max_price, Р-43)» |
| 16 | Р-52: снятие остановки только с записью журнала | `DROP TRIGGER c_pricing_halt_release_journal ON channel_data.pricing_halt` | да | ✗ smoke «manual release without a journal record (Р-52)» |
| 17 | Р-51: признак цены по конкурентам копируется в решение | `DROP TRIGGER aa_price_decision_copy_derivation ON channel_data.price_decision` | да | ✗ smoke «competitor_derived is not derived from rule_code» |
| 18 | Р-57: валюты EUR и USD | `ALTER TABLE tenant_data.write_scope DROP CONSTRAINT write_scope_supported_currency` | да | ✗ smoke «currency outside EUR and USD» |
| 19 | Р-58: налоговый режим единицы записи цены | `ALTER TABLE tenant_data.write_scope DROP CONSTRAINT write_scope_tax_regime_for_price` | да | ✓ smoke «net price basis with VAT regime (Р-58)»<br>✗ smoke «price write scope without tax regime (Р-58)» |
| 20, 21 | OQ-98: отказ хранит параметры причины | `ALTER TABLE channel_data.price_decision DROP CONSTRAINT price_decision_rejection_explained` | да | ✗ smoke «rejection without its reason parameters (OQ-98)»<br>✓ store.pg.test.ts «OQ-93, OQ-94, OQ-98» /OQ-98: a rejection without its reason parameters is refused/ |
| 22 | Р-64: завершение записи — с причиной; ждущая запись объявляется событием | `ALTER TABLE tenant_data.channel_write_history DROP CONSTRAINT channel_write_history_end_explained` | да | ✗ smoke «write discarded without a reason (Р-64)»<br>✗ smoke «write history ended without a reason (Р-64)» |
| 22 | Р-64: завершение записи — с причиной; ждущая запись объявляется событием | `DROP TRIGGER zz_channel_write_announce_dispatch ON tenant_data.channel_write` | да | ✗ write-queue.pg.test.ts «control — without the dispatcher» /has no scope.write.v1 event/ |
| 23 | Р-61: курс ЕЦБ неизменяем; курс — в решении с переводом себестоимости | `DROP TRIGGER zz_fx_rate_immutable ON platform.fx_rate` | да | ✗ smoke «ECB rate is immutable (Р-61)» |
| 23 | Р-61: курс ЕЦБ неизменяем; курс — в решении с переводом себестоимости | `DROP TRIGGER aa_price_decision_fx_recorded ON channel_data.price_decision` | да | ✗ fx-day-boundary.pg.test.ts «Р-61 in the database» /Р-61: a decision on a converted cost without its exchange rate is refused/ |
| 23 | Р-61: курс ЕЦБ неизменяем; курс — в решении с переводом себестоимости | `ALTER TABLE channel_data.price_decision DROP CONSTRAINT price_decision_fx_shape` | да | ✗ smoke «decision exchange rate without its fields (Р-61)» |
| 24, 26 | Р-62, Р-65: граница суток — пояс витрины | `ALTER TABLE platform.marketplace DROP CONSTRAINT marketplace_time_zone_known_if_confirmed` | да | ✗ smoke «US storefront confirmed without a time zone» |
| 24, 26 | Р-62, Р-65: граница суток — пояс витрины | `DROP TRIGGER aa_channel_write_budget_day_tz ON tenant_data.channel_write` | да | ✗ smoke «budgeted write while the storefront day boundary is unconfirmed (Р-65)»<br>✗ smoke «budget day is not the current storefront day (Р-65)» |
| 24, 26 | Р-62, Р-65: граница суток — пояс витрины | `DROP TRIGGER aa_price_daily_day_tz ON tenant_data.price_daily` | да | ✗ fx-day-boundary.pg.test.ts «Р-65: a US storefront» /Р-65: a price day of a US storefront is not closed in/ |
| 25 | Р-60: тенант в базе своего региона | `DROP TRIGGER tenant_region_guard ON tenant_data.tenant` | да | ✗ smoke «tenant in wrong region DB (Р-60)» |
| 27 | Р-69, Р-70: остановки человеком и системные | `ALTER TABLE channel_data.pricing_halt DROP CONSTRAINT pricing_halt_system_only` | да | ✗ step12.pg.test.ts «Р-69: a system halt is only for broken channel data» /Р-69: a person cannot create a system halt/ |
| 27 | Р-69, Р-70: остановки человеком и системные | `DROP TRIGGER aa_price_stop_role_guard ON tenant_data.price_stop` | да | ✗ step12.pg.test.ts «Р-69, Р-70, OQ-125 in the database» /OQ-129: a viewer does not stop pricing\|OQ-125: an operator does not resume a tenant stop/ |
| 27 | Р-69, Р-70: остановки человеком и системные | `DROP TRIGGER ab_price_decision_stop_guard ON channel_data.price_decision` | да | ✗ smoke «approval while the tenant is stopped by a person (Р-69)» |
| 27 | Р-69, Р-70: остановки человеком и системные | `DROP TRIGGER bb_channel_write_stop_guard ON tenant_data.channel_write` | да | ✗ smoke «dispatch while the tenant is stopped by a person (Р-69)» |
| 27 | Р-69, Р-70: остановки человеком и системные | `DROP TRIGGER ca_pricing_halt_release_role_guard ON channel_data.pricing_halt` | да | ✗ smoke «manual halt release without a second factor (finding 12, Р-88)» |
| 28, 32, 39, 40 | Р-68, Р-74, Р-80: слепок по классам, код причины NO_OP, столбцы intent в решении, NO_OP без ссылки на снимок | `ALTER TABLE channel_data.price_decision DROP CONSTRAINT price_decision_explanation_by_class` | да | ✗ smoke «NO_OP decision with an explanation (Р-74)» |
| 28, 32, 39, 40 | Р-68, Р-74, Р-80: слепок по классам, код причины NO_OP, столбцы intent в решении, NO_OP без ссылки на снимок | `ALTER TABLE channel_data.price_decision DROP CONSTRAINT price_decision_no_change_reason_code` | да | ✗ smoke «NO_OP decision with an unknown no-change reason (Р-74)» |
| 28, 32, 39, 40 | Р-68, Р-74, Р-80: слепок по классам, код причины NO_OP, столбцы intent в решении, NO_OP без ссылки на снимок | `DROP TRIGGER a0_price_decision_intent_columns ON channel_data.price_decision` | **нет** (упала только соседняя проверка) | ✓ smoke «decision intent columns are taken from the client, not from the intent (Р-80)» |
| 28, 32, 39, 40 | Р-68, Р-74, Р-80: слепок по классам, код причины NO_OP, столбцы intent в решении, NO_OP без ссылки на снимок | `DROP TRIGGER a_price_decision_snapshot_ref_guard ON channel_data.price_decision_snapshot_ref` | да | ✗ step14.pg.test.ts «finding 10, Р-80» /finding 10: a snapshot reference of a NO_OP decision is refused/ |
| 29 | Р-71: сумма с валютой | `ALTER TABLE channel_data.price_decision DROP CONSTRAINT price_decision_amounts_have_currency` | да | ✗ smoke «rejection parameters with an amount without its currency (Р-71)» |
| 29 | Р-71: сумма с валютой | `ALTER TABLE tenant_data.channel_write DROP CONSTRAINT channel_write_end_params_currency` | да | ✗ smoke «write ended with an amount without its currency (Р-71)» |
| 29 | Р-71: сумма с валютой | `ALTER TABLE channel_data.rejected_competitor_snapshot DROP CONSTRAINT rejected_competitor_snapshot_details_cur` | да | ✗ smoke «rejected snapshot details: an amount without its currency (Р-71)» |
| 30 | Р-73: «опасное» согласовано с отклонением | `ALTER TABLE tenant_data.price_intent_core DROP CONSTRAINT price_intent_core_dangerous_consistent` | да | ✗ smoke «eternal core: dangerous flag against the deviation (Р-73)» |
| 31, 37, 38 | OQ-125, OQ-129, находка 4: матрица прав остановок, автор — пользователь сессии | `CREATE OR REPLACE FUNCTION security.pricing_permission(p_role text, p_action text) RETURNS boolean LANGUAGE sq` | да | ✗ step14.pg.test.ts «finding 2» /the matrix is not trivially all-true\|×/ |
| 31, 37, 38 | OQ-125, OQ-129, находка 4: матрица прав остановок, автор — пользователь сессии | `tenant_data.price_stop_role_guard(): «IF security.current_user_id() IS NULL OR u IS DIST…» → «IF false THEN…»` | да | ✗ step14.pg.test.ts «finding 4» /finding 4: a stop is not written in the name of another membership/ |
| 33 | Р-75: справочник объяснения неизменяем | `DROP TRIGGER explanation_ruleset_immutable ON platform.explanation_ruleset` | да | ✗ smoke «explanation ruleset is immutable (Р-75)» |
| 34 | Р-76: остановки и снятия — в журнале аудита | `DROP TRIGGER zb_price_stop_audit ON tenant_data.price_stop` | да | ✗ role-separation.pg.test.ts «the audit log is still written» /pricing.stop_created/ |
| 34 | Р-76: остановки и снятия — в журнале аудита | `DROP TRIGGER zb_pricing_halt_audit ON channel_data.pricing_halt` | да | ✗ smoke «the system halt is not in the audit log» |
| 34 | Р-76: остановки и снятия — в журнале аудита | `DROP TRIGGER zb_pricing_halt_review_audit ON channel_data.pricing_halt_review` | да | ✗ smoke «the manual release is not in the audit log with its author» |
| 35 | Р-77: движок без стратегии не включается | `ALTER TABLE tenant_data.write_scope DROP CONSTRAINT write_scope_engine_has_strategy` | да | ✗ smoke «ENGINE without a strategy (Р-77)» |
| 41 | Р-79: подтверждённый архив ядра — со справочниками | `ALTER TABLE maintenance.partition_export DROP CONSTRAINT partition_export_core_archive_self_contained` | да | ✗ step14.pg.test.ts «Р-79» /Р-79: a verified archive of the core without the explanation dictionary is refused/ |
| 42 | Р-83: пол с полом маржи перед каждой отправкой | `tenant_data.channel_write_before_update(): «NEW.floor_at_dispatch_minor := tenant_data.assert_…» → «NEW.floor_at_dispatch_minor :=…»` | да | ✗ verify 0073_verify_schema_invariants_v16.sql /below the recomputed margin floor was dispatched/<br>✗ write-recheck.pg.test.ts «the unit cost rose between decision and dispatch» /the write reached the channel/ |
| 43 | Р-85, Р-91, находка 15: из вечного ядра не выводится значение канала | `ALTER TABLE tenant_data.price_intent_core DROP CONSTRAINT price_intent_core_competitor_rejection_not_kept` | да | ✗ smoke «eternal core: a competitor-derived rejection keeps its proposed price (Р-85)» |
| 43 | Р-85, Р-91, находка 15: из вечного ядра не выводится значение канала | `ALTER TABLE channel_data.price_decision DROP CONSTRAINT price_decision_explanation_keys_declared` | **нет** (упала только соседняя проверка) | ✓ verify 0073_verify_schema_invariants_v16.sql /undeclared reason parameter was stored/<br>✗ другая причина smoke «decision explanation with an undeclared reason parameter (finding 15)» |
| 43 | Р-85, Р-91, находка 15: из вечного ядра не выводится значение канала | `ALTER TABLE tenant_data.price_intent_core DROP CONSTRAINT price_intent_core_explanation_keys_declared` | да | ✗ smoke «eternal core: an undeclared reason parameter in the explanation (finding 15)» |
| 44 | Находки 1–3, Р-88: журнал проверок, автоматическое снятие, второй фактор | `DROP TRIGGER a_pricing_halt_review_guard ON channel_data.pricing_halt_review` | да | ✗ smoke «automatic review recorded in a user session (finding 3)» |
| 44 | Находки 1–3, Р-88: журнал проверок, автоматическое снятие, второй фактор | `DROP TRIGGER zc_pricing_halt_review_released_in_tx ON channel_data.pricing_halt_review` | да | ✗ audit-guards.pg.test.ts «finding 1» /a release record without the release fails at commit/ |
| 44 | Находки 1–3, Р-88: журнал проверок, автоматическое снятие, второй фактор | `tenant_data.price_stop_role_guard(): «AND NOT security.session_mfa() THEN…» → «AND false THEN…»` | да | ✗ audit-guards.pg.test.ts «Р-88: releasing the tenant stop needs a second factor» /Р-88: the tenant stop is not released without a second factor/ |
| 45 | C2: день бюджета при повторе — текущий день витрины | `DROP TRIGGER ab_channel_write_budget_day_retry ON tenant_data.channel_write` | да | ✗ smoke «retry after midnight is charged to today, whose budget is exhausted (C2, Р-19)»<br>✗ smoke «retry while the storefront day boundary is unconfirmed (C2, Р-65)» |
| Р-96 | путь решения — только вычисление и запись цены | `GRANT INSERT ON tenant_data.migration_consent TO repracer_app` | да | ✗ verify 0073_verify_schema_invariants_v16.sql /tenant_data\.migration_consent: INSERT of the decision path does not match the allow list/<br>✗ другая причина smoke «path creates an eBay migration consent (Р-96, Р-2)» |
| Р-96 | путь решения — только вычисление и запись цены | `GRANT UPDATE ON tenant_data.tenant TO repracer_app` | да | ✗ verify 0073_verify_schema_invariants_v16.sql /tenant_data\.tenant: UPDATE of the decision path does not match the allow list/<br>✗ smoke «path opts the tenant into Kaufland Smart Pricing (Р-96, Р-12, Р-41)» |
| Р-96 | путь решения — только вычисление и запись цены | `GRANT INSERT ON tenant_data.min_price TO repracer_app` | да | ✗ verify 0073_verify_schema_invariants_v16.sql /tenant_data\.min_price: INSERT of the decision path does not match the allow list/<br>✗ другая причина smoke «path lowers min_price (Р-96, Р-5)» |
| Р-96 | путь решения — только вычисление и запись цены | `GRANT INSERT ON tenant_data.cost_profile TO repracer_app` | да | ✗ verify 0073_verify_schema_invariants_v16.sql /tenant_data\.cost_profile: INSERT of the decision path does not match the allow list/<br>✗ другая причина smoke «path changes the unit cost (Р-96, Р-83)» |
| Р-96 | путь решения — только вычисление и запись цены | `GRANT UPDATE ON channel_data.pricing_halt TO repracer_app` | да | ✗ verify 0073_verify_schema_invariants_v16.sql /channel_data\.pricing_halt: UPDATE of the decision path does not match the allow list/<br>✗ smoke «path schedules the review of a halt (finding 2 ревью шага 16)» |
| Р-96 | путь решения — только вычисление и запись цены | `GRANT INSERT ON channel_data.pricing_halt_review TO repracer_app` | да | ✗ verify 0073_verify_schema_invariants_v16.sql /channel_data\.pricing_halt_review: INSERT of the decision path does not match the allow list/<br>✗ smoke «path writes an automatic halt review (finding 2 ревью шага 16)» |
| Р-96 | путь решения — только вычисление и запись цены | `GRANT INSERT ON audit.audit_event TO repracer_app` | да | ✗ verify 0073_verify_schema_invariants_v16.sql /audit\.audit_event: INSERT of the decision path does not match the allow list/<br>✗ smoke «path forges an audit event (finding 5, Р-90)» |
| Р-96 | путь решения — только вычисление и запись цены | `GRANT EXECUTE ON FUNCTION security.invite_member(uuid, text, text, bytea, interval) TO repracer_app` | да | ✗ verify 0073_verify_schema_invariants_v16.sql /security\.invite_member.*SECURITY DEFINER function executable by the decision path/<br>✗ другая причина smoke «path invites a member (Р-90)» |
| Р-96 | путь решения — только вычисление и запись цены | `CREATE OR REPLACE FUNCTION tenant_data.lock_decision_products(p_tenant_id uuid, p_write_scope_ids uuid[]) RETU` | да | ✗ store.pg.test.ts «Р-54: a concurrent bound change serialises» /decision commit must wait for the bound change/ |
| находка 2 | автоматическое снятие — итог базы по выборке, не запись пути решения | `channel_data.review_halt_by_sample(uuid,uuid,timestamptz): «IF failed > 0 THEN…» → «IF false THEN…»` | да | ✗ audit-guards.pg.test.ts «finding 3» /SAMPLE_FAILED: one failed observation fails the review/ |
| находка 2 | автоматическое снятие — итог базы по выборке, не запись пути решения | `channel_data.review_halt_by_sample(uuid,uuid,timestamptz): «IF accepted < required THEN…» → «IF false THEN…»` | да | ✗ audit-guards.pg.test.ts «finding 3» /NO_SAMPLE: fewer accepted products than the sample requires/ |
| находка 2 | автоматическое снятие — итог базы по выборке, не запись пути решения | `channel_data.review_halt_by_sample(uuid,uuid,timestamptz): «IF v_at < h.next_review_at THEN…» → «IF false THEN…»` | да | ✗ audit-guards.pg.test.ts «finding 3» /NOT_DUE: the review window has not elapsed/ |
| находка 2 | автоматическое снятие — итог базы по выборке, не запись пути решения | `channel_data.review_halt_by_sample(uuid,uuid,timestamptz): «v_at      timestamptz := least(p_at, now());…» → «v_at      timestamptz := p_at;…»` | да | ✗ audit-guards.pg.test.ts «finding 3» /NOT_DUE: the review window has not elapsed and a moment in the future does not shorten it/ |
| находка 2 | автоматическое снятие — итог базы по выборке, не запись пути решения | `channel_data.review_halt_by_sample(uuid,uuid,timestamptz): «AND sm.observed_at <= v_at;…» → «;…»` | да | ✗ audit-guards.pg.test.ts «finding 3» /NO_SAMPLE: an observation after the review moment does not count/ |
| находка 2 | автоматическое снятие — итог базы по выборке, не запись пути решения | `channel_data.review_halt_by_sample(uuid,uuid,timestamptz): «AND om.channel_product_ref = sm.channel_product_re…» → «))…»` | да | ✗ audit-guards.pg.test.ts «finding 3» /NO_SAMPLE: a stale observation and a product outside the storefront do not count/ |
| находка 2 | автоматическое снятие — итог базы по выборке, не запись пути решения | `channel_data.review_halt_by_sample(uuid,uuid,timestamptz): «IF p_tenant_id IS DISTINCT FROM security.current_t…» → «IF false THEN…»` | да | ✗ audit-guards.pg.test.ts «finding 3» /the review of a halt runs only in the context of its own tenant/ |
| находка 4 | неизменяемость проверяется попыткой изменения | `ALTER TABLE tenant_data.min_price DISABLE TRIGGER zz_append_only` | да | ✗ smoke «append-only tenant_data.min_price» |
| находка 4 | неизменяемость проверяется попыткой изменения | `ALTER TABLE channel_data.price_decision DISABLE TRIGGER zz_append_only` | да | ✗ smoke «append-only channel_data.price_decision» |
| находка 4 | неизменяемость проверяется попыткой изменения | `ALTER TABLE channel_data.price_intent DISABLE TRIGGER zz_append_only` | да | ✗ smoke «append-only channel_data.price_intent» |
| находка 4 | неизменяемость проверяется попыткой изменения | `ALTER TABLE tenant_data.pricing_strategy DISABLE TRIGGER zz_append_only` | да | ✗ smoke «append-only tenant_data.pricing_strategy» |
| находка 4 | неизменяемость проверяется попыткой изменения | `CREATE OR REPLACE FUNCTION security.forbid_mutation() RETURNS trigger LANGUAGE plpgsql AS $$ BEGIN RETURN coal` | да | ✗ verify 0073_verify_schema_invariants_v16.sql /forbid_mutation does not refuse an UPDATE/<br>✗ smoke «append-only tenant_data.min_price» |
| Р-97 | административная запись — только по действию человека и вся в аудите | `DROP TRIGGER a0_admin_write_person_insert ON tenant_data.product` | да | ✗ verify 0073_verify_schema_invariants_v16.sql /tenant_data\.product: administrative INSERT without the person guard/<br>✗ другая причина smoke «administrative change without a person (Р-97)» |
| Р-97 | административная запись — только по действию человека и вся в аудите | `DROP TRIGGER zz_admin_write_audit_insert ON tenant_data.product` | да | ✗ verify 0073_verify_schema_invariants_v16.sql /tenant_data\.product: administrative INSERT is not written to the audit log/<br>✗ smoke «an administrative change is not in the audit log (Р-97)» |
| Р-97 | административная запись — только по действию человека и вся в аудите | `DROP TRIGGER a0_admin_write_person_insert ON channel_data.pricing_halt_review` | да | ✗ smoke «the administrative service records an automatic review without a person (Р-97)» |
| Р-97 | административная запись — только по действию человека и вся в аудите | `security.require_person_for_admin_write(): «IF r IS NULL OR (action <> 'OWN_GUARD' AND NOT sec…» → «IF r IS NOT NULL AND action <>…»` | **нет** (упала только соседняя проверка) | ✗ другая причина smoke «administrative change by a user outside the tenant (Р-97)»<br>✗ другая причина smoke «administrative change in the platform tenant (step 17 finding 9)» |
| Р-97 | административная запись — только по действию человека и вся в аудите | `security.audit_admin_write(): «IF NOT security.admin_session() THEN…» → «IF true THEN…»` | да | ✗ smoke «an administrative change is not in the audit log (Р-97)» |
| Р-97 | административная запись — только по действию человека и вся в аудите | `security.admin_session(): «pg_has_role(session_user, 'repracer_admin', 'MEMBE…» → «false…»` | да | ✗ smoke «administrative change without a person (Р-97)» |
| находка 5 | создание тенанта не присоединяет существующего пользователя мимо приглашения | `security.provision_tenant(uuid,text,text,jsonb): «IF m ->> 'role' IS DISTINCT FROM 'OWNER' THEN…» → «IF false THEN…»` | да | ✗ smoke «existing user attached as a member without an invitation (step 16 finding 5)» |
| находка 5 | создание тенанта не присоединяет существующего пользователя мимо приглашения | `security.provision_tenant(uuid,text,text,jsonb): «IF lower(trim(m ->> 'email')) IS DISTINCT FROM exi…» → «IF false THEN…»` | да | ✗ smoke «existing user provisioned as owner under another email (step 16 finding 5)» |
| находка 5 | создание тенанта не присоединяет существующего пользователя мимо приглашения | `security.provision_tenant(uuid,text,text,jsonb): «IF NOT EXISTS (SELECT 1 FROM platform.external_ide…» → «IF false AND NOT EXISTS (SELEC…»` | да | ✗ smoke «existing user who never signed in provisioned as owner (step 16 finding 5)» |
| Р-98 | перепривязка входа — только приглашением владельца, прежний вход отозван | `security.accept_identity_invitation(bytea,text,text,text,boolean): «IF NOT inv.relink THEN…» → «IF false THEN…»` | да | ✗ identity.pg.test.ts «Р-98» /a relink needs a relink invitation\|an ordinary invitation does not relink/ |
| Р-98 | перепривязка входа — только приглашением владельца, прежний вход отозван | `security.accept_identity_invitation(bytea,text,text,text,boolean): «IF EXISTS (SELECT 1 FROM platform.external_identit…» → «IF false THEN…»` | да | ✗ identity.pg.test.ts «Р-98» /was unlinked\|the revoked sign-in accepts nothing/ |
| Р-98 | перепривязка входа — только приглашением владельца, прежний вход отозван | `security.invite_relink(uuid,uuid,bytea,interval): «IF NOT security.session_mfa() THEN…» → «IF false THEN…»` | да | ✗ identity.pg.test.ts «Р-98» /a relink invitation without a second factor/ |
| Р-98 | перепривязка входа — только приглашением владельца, прежний вход отозван | `security.invite_relink(uuid,uuid,bytea,interval): «AND m.status = 'ACTIVE' AND m.role = 'OWNER') THEN…» → «AND m.status = 'ACTIVE') THEN…»` | да | ✗ identity.pg.test.ts «Р-98» /only an active owner relinks/ |
| Р-98 | перепривязка входа — только приглашением владельца, прежний вход отозван | `security.invite_relink(uuid,uuid,bytea,interval): «IF NOT EXISTS (SELECT 1 FROM tenant_data.membershi…» → «IF false THEN…»` | да | ✗ identity.pg.test.ts «Р-98» /a relink is issued only to a member of the tenant/ |
| Р-98 | перепривязка входа — только приглашением владельца, прежний вход отозван | `DROP TRIGGER a_external_identity_one_active ON platform.external_identity` | да | ✗ identity.pg.test.ts «step 17 finding 3» /the second acceptance waits for the first\|two active sign-ins of one provider/ |
| Р-98 | перепривязка входа — только приглашением владельца, прежний вход отозван | `platform.external_identity_one_active(): «PERFORM pg_advisory_xact_lock(hashtextextended('pl…» → «…»` | да | ✗ identity.pg.test.ts «step 17 finding 3» /the second acceptance waits for the first/ |
| Р-98 | перепривязка входа — только приглашением владельца, прежний вход отозван | `security.resolve_external_identity(text,text): «AND NOT EXISTS (SELECT 1 FROM platform.external_id…» → «…»` | да | ✗ identity.pg.test.ts «Р-98» /the revoked sign-in resolves nobody/ |
| Р-98 | перепривязка входа — только приглашением владельца, прежний вход отозван | `DROP TRIGGER zz_identity_relinked_audit ON platform.identity_invitation` | да | ✗ identity.pg.test.ts «Р-98» /the invitation and the relink are audited/ |
| Р-98 | перепривязка входа — только приглашением владельца, прежний вход отозван | `DROP TRIGGER zz_identity_relink_invited_audit ON platform.identity_invitation` | да | ✗ identity.pg.test.ts «Р-98» /the invitation and the relink are audited/ |
| OQ-151 | подрез закреплённой версии стратегии не начинает срок хранения | `channel_data.pricing_strategy_undercut_guard(): «IF EXISTS (SELECT 1 FROM tenant_data.write_scope s…» → «IF false AND EXISTS (SELECT 1 …»` | да | ✗ undercut-eternal.pg.test.ts «Р-91: the strategy version keeps its type» /the undercut of a pinned version does not start expiring/ |
| OQ-151 | подрез закреплённой версии стратегии не начинает срок хранения | `DROP TRIGGER b_write_scope_pins_live_strategy_version ON tenant_data.write_scope` | да | ✗ undercut-eternal.pg.test.ts «Р-91: the strategy version keeps its type» /a scope is not pinned back/ |
| OQ-151 | подрез закреплённой версии стратегии не начинает срок хранения | `DROP TRIGGER zb_write_scope_release_strategy_version ON tenant_data.write_scope` | да | ✗ undercut-eternal.pg.test.ts «Р-91: the strategy version keeps its type» /the released version starts its 18 months/ |
| OQ-151 | подрез закреплённой версии стратегии не начинает срок хранения | `tenant_data.pricing_strategy_supersede_undercut(): «AND s.status <> 'RETIRED')…» → «AND false)…»` | да | ✗ undercut-eternal.pg.test.ts «Р-91: the strategy version keeps its type» /OQ-151: a new version is created while the old one is still pinned/ |
| находка 6 | слепок проверяется по видам и значениям параметров, а не только по именам ключей | `security.param_value_valid(jsonb,jsonb): «RETURN t = 'number' AND v::text ~ '^-?[0-9]+$';…» → «RETURN t = 'number';…»` | да | ✗ undercut-eternal.pg.test.ts «finding 15» /an amount that is not minor units/ |
| находка 6 | слепок проверяется по видам и значениям параметров, а не только по именам ключей | `security.param_value_valid(jsonb,jsonb): «RETURN t = 'string' AND s IN ('EUR', 'USD');…» → «RETURN t = 'string';…»` | да | ✗ undercut-eternal.pg.test.ts «finding 15» /a currency that is not an ISO code\|a currency outside EUR and USD/ |
| находка 6 | слепок проверяется по видам и значениям параметров, а не только по именам ключей | `security.param_value_valid(jsonb,jsonb): «RETURN t = 'string' AND (NOT spec ? 'v' OR (spec -…» → «RETURN t = 'string';…»` | да | ✗ undercut-eternal.pg.test.ts «finding 15» /an enum value outside the registry/ |
| находка 6 | слепок проверяется по видам и значениям параметров, а не только по именам ключей | `security.param_value_valid(jsonb,jsonb): «RETURN t = 'number' AND v::text ~ '^-?[0-9]+$';…» → «RETURN t IN ('number', 'string…»` | да | ✗ undercut-eternal.pg.test.ts «finding 15» /an amount as a string/ |
| находка 6 | слепок проверяется по видам и значениям параметров, а не только по именам ключей | `security.explanation_field_kinds(): «"$.format":{"k":"enum","v":["r80.1"]}…» → «"$.format":{"k":"code"}…»` | **нет** (упала только соседняя проверка) | ✗ другая причина undercut-eternal.pg.test.ts «finding 15» /another explanation format/ |
| находка 6 | слепок проверяется по видам и значениям параметров, а не только по именам ключей | `security.explanation_node_declared(jsonb,text,boolean): «OR (w.value #>> '{}') !~ '^[A-Za-z][A-Za-z0-9_]{0,…» → «…»` | да | ✗ undercut-eternal.pg.test.ts «finding 15» /a withheld name that is not an identifier/ |
| Р-101 | согласие на миграцию eBay — только владелец, от своего имени, со вторым фактором | `tenant_data.migration_consent_guard(): «AND (security.current_user_id() IS NULL OR NEW.use…» → «AND false THEN…»` | да | ✗ smoke «eBay consent in the name of another owner (Р-101)» |
| Р-101 | согласие на миграцию eBay — только владелец, от своего имени, со вторым фактором | `tenant_data.migration_consent_guard(): «AND NOT security.session_mfa() THEN…» → «AND false THEN…»` | да | ✗ smoke «eBay consent by the owner without a second factor (Р-101)» |
| Р-100 | административная запись проверяет роль и административные столбцы | `security.require_person_for_admin_write(): «IF r IS NULL OR (action <> 'OWN_GUARD' AND NOT sec…» → «IF r IS NULL THEN…»` | да | ✗ smoke «an operator lowers min_price (Р-100)»<br>✗ smoke «eBay consent by an admin in their own name (Р-101)»<br>✗ smoke «write scope status changed by a viewer (step 18 finding 1)» |
| Р-100 | административная запись проверяет роль и административные столбцы | `DROP TRIGGER a0_admin_write_person_update ON tenant_data.write_scope` | да | ✗ verify 0073_verify_schema_invariants_v16.sql /tenant_data\.write_scope: administrative UPDATE without the person guard/<br>✗ другая причина smoke «pricing mode changed without a person (step 17 finding 1)» |
| Р-100 | административная запись проверяет роль и административные столбцы | `security.admin_write_action(text): «('tenant_data.min_price', 'MANAGE_PRICING'), …» → «…»` | да | ✗ verify 0073_verify_schema_invariants_v16.sql /tenant_data\.min_price: no administrative action is declared/ |
| находка 4 (шаг 17) | путь решения не пишет действия человека в свои таблицы | `GRANT INSERT ON channel_data.pricing_halt TO repracer_app` | да | ✗ verify 0073_verify_schema_invariants_v16.sql /channel_data\.pricing_halt: INSERT of the decision path does not match the allow list/<br>✗ smoke «path inserts a halt released by a person (step 17 finding 4)» |
| находка 4 (шаг 17) | путь решения не пишет действия человека в свои таблицы | `GRANT UPDATE ON channel_data.divergence_case TO repracer_app` | да | ✗ verify 0073_verify_schema_invariants_v16.sql /channel_data\.divergence_case: UPDATE of the decision path does not match the allow list/<br>✗ smoke «path resolves a divergence case for a person (step 17 finding 4)» |
| находка 4 (шаг 17) | путь решения не пишет действия человека в свои таблицы | `DROP TRIGGER a1_write_scope_path_status_guard ON tenant_data.write_scope` | да | ✗ smoke «path unblocks a write scope (step 17 finding 4)»<br>✗ smoke «path holds a write scope (step 17 finding 4)» |
| находка 5 (шаг 17) | срок проверки остановки переносится со вторым фактором и в аудите | `DROP TRIGGER a1_pricing_halt_review_schedule_guard ON channel_data.pricing_halt` | да | ✗ smoke «the review of a halt moved without a second factor (step 17 finding 5)» |
| находка 5 (шаг 17) | срок проверки остановки переносится со вторым фактором и в аудите | `DROP TRIGGER zz_admin_write_audit_update ON channel_data.pricing_halt` | да | ✗ verify 0073_verify_schema_invariants_v16.sql /channel_data\.pricing_halt: administrative UPDATE is not written to the audit log/<br>✗ smoke «the moved review of a halt is not in the audit log (step 17 finding 5)» |
| находка 8 (шаг 17) | виды значений у каждого скалярного поля слепка | `security.explanation_node_declared(jsonb,text,boolean): «ELSIF NOT security.param_value_valid(v, fields -> …» → «ELSIF false THEN…»` | да | ✗ undercut-eternal.pg.test.ts «finding 15» /a free text in strategy.currentMinor/ |
| находка 8 (шаг 17) | виды значений у каждого скалярного поля слепка | `security.param_value_valid(jsonb,jsonb): «RETURN t = 'string' AND s IN ('EUR', 'USD');…» → «RETURN t = 'string' AND s ~ '^…»` | да | ✗ undercut-eternal.pg.test.ts «finding 15» /a currency outside EUR and USD/ |
| находка 8 (шаг 17) | виды значений у каждого скалярного поля слепка | `security.param_value_valid(jsonb,jsonb): «PERFORM s::timestamptz;…» → «NULL;…»` | да | ✗ undercut-eternal.pg.test.ts «finding 15» /an invalid moment in the price stop context/ |
| находка 8 (шаг 17) | виды значений у каждого скалярного поля слепка | `security.param_value_valid(jsonb,jsonb): «BETWEEN 0 AND 1000;…» → «IS NOT NULL;…»` | да | ✗ undercut-eternal.pg.test.ts «finding 15» /a ratio outside its range/ |
| находка 8 (шаг 17) | виды значений у каждого скалярного поля слепка | `security.param_value_valid(jsonb,jsonb): «RETURN t = 'number' AND v::text ~ '^[0-9]+$';…» → «RETURN t = 'number';…»` | да | ✗ undercut-eternal.pg.test.ts «finding 15» /a negative count/ |
| находка 8 (шаг 17) | виды значений у каждого скалярного поля слепка | `security.param_value_valid(jsonb,jsonb): «RETURN t = 'string' AND s ~ '^[A-Za-z0-9_.:@-]{1,1…» → «RETURN t = 'string';…»` | да | ✗ undercut-eternal.pg.test.ts «finding 15» /a free text as an id/ |
| Р-102 | роль остатков — только остатки и резервации | `GRANT SELECT ON tenant_data.min_price TO repracer_stock` | да | ✗ verify 0073_verify_schema_invariants_v16.sql /tenant_data\.min_price: SELECT of the stock role does not match its allow list/<br>✗ smoke «stock role reads prices (Р-102)» |
| Р-102 | роль остатков — только остатки и резервации | `GRANT UPDATE ON tenant_data.write_scope TO repracer_stock` | да | ✗ verify 0073_verify_schema_invariants_v16.sql /tenant_data\.write_scope: UPDATE of the stock role does not match its allow list/ |
| Р-102 | роль остатков — только остатки и резервации | `GRANT UPDATE (pricing_mode) ON tenant_data.write_scope TO repracer_stock` | да | ✗ verify 0073_verify_schema_invariants_v16.sql /tenant_data\.write_scope\.pricing_mode: UPDATE of the stock role is not in its allow list/<br>✗ другая причина smoke «stock role changes the pricing of a write scope (Р-102)» |
| Р-103 | неизменяемость таблиц, у которых раньше не было строк, проверяется попыткой изменения | `ALTER TABLE tenant_data.guardrail DISABLE TRIGGER zz_append_only` | да | ✗ smoke «append-only tenant_data.guardrail» |
| Р-103 | неизменяемость таблиц, у которых раньше не было строк, проверяется попыткой изменения | `ALTER TABLE channel_data.pricing_halt_review DISABLE TRIGGER zz_append_only` | да | ✗ smoke «append-only channel_data.pricing_halt_review» |
| Р-103 | неизменяемость таблиц, у которых раньше не было строк, проверяется попыткой изменения | `ALTER TABLE platform.external_identity_revocation DISABLE TRIGGER zz_append_only` | да | ✗ smoke «append-only platform.external_identity_revocation» |
| Р-103 | неизменяемость таблиц, у которых раньше не было строк, проверяется попыткой изменения | `ALTER TABLE tenant_data.price_daily_correction DISABLE TRIGGER zz_append_only` | да | ✗ smoke «append-only tenant_data.price_daily_correction» |
| OQ-153 | привязки входа удаляются только у отключённого пользователя | `maintenance.purge_user_identities(uuid): «IF NOT EXISTS (SELECT 1 FROM platform.app_user u W…» → «IF false THEN…»` | да | ✗ smoke «sign-ins of an active user are purged (OQ-153)» |
| находка 1 (шаг 18) | в сессии административного сервиса любое изменение строки — под стражем человека и в аудите | `security.require_person_for_admin_write(): «  u := security.current_user_id();
  IF u IS NULL …» → «  IF TG_OP = 'UPDATE' AND NOT …»` | **нет** (упала только соседняя проверка) | ✗ другая причина smoke «write scope status changed by the administrative service without a person (step 18 finding 1)» |
| находка 1 (шаг 18) | в сессии административного сервиса любое изменение строки — под стражем человека и в аудите | `security.audit_admin_write(): «    -- Находка 1 ревью шага 18: в журнал попадает …» → «    IF NOT cols && TG_ARGV THE…»` | да | ✗ smoke «a status change of a write scope by a person is not in the audit log (step 18 finding 1)» |
| Р-101 (находка 2, шаг 18) | листинг в согласие добавляет владелец, давший его, со вторым фактором, в той же транзакции, по предполётной проверке; отзыв — владелец от своего имени со вторым фактором | `tenant_data.migration_consent_item_guard(): «IF c.user_id IS NULL OR c.user_id IS DISTINCT FROM…» → «IF false THEN…»` | **нет** (упала только соседняя проверка) | ✗ другая причина smoke «listing added to a consent by another member (Р-101)» |
| Р-101 (находка 2, шаг 18) | листинг в согласие добавляет владелец, давший его, со вторым фактором, в той же транзакции, по предполётной проверке; отзыв — владелец от своего имени со вторым фактором | `tenant_data.migration_consent_item_guard(): «IF NOT security.session_mfa() THEN…» → «IF false THEN…»` | **нет** (упала только соседняя проверка) | ✗ другая причина smoke «listing added to a consent without a second factor (Р-101)» |
| Р-101 (находка 2, шаг 18) | листинг в согласие добавляет владелец, давший его, со вторым фактором, в той же транзакции, по предполётной проверке; отзыв — владелец от своего имени со вторым фактором | `tenant_data.migration_consent_item_guard(): «IF c.given_at <> now() THEN…» → «IF false THEN…»` | **нет** (упала только соседняя проверка) | ✗ другая причина smoke «listing added to a consent given in an earlier transaction (Р-101)» |
| Р-101 (находка 2, шаг 18) | листинг в согласие добавляет владелец, давший его, со вторым фактором, в той же транзакции, по предполётной проверке; отзыв — владелец от своего имени со вторым фактором | `tenant_data.migration_consent_item_guard(): «IF NOT EXISTS (SELECT 1 FROM channel_data.listing_…» → «IF false AND EXISTS (SELECT 1 …»` | да | ✗ smoke «listing added to a consent without a preflight check (Р-101, Р-2)» |
| Р-101 (находка 2, шаг 18) | листинг в согласие добавляет владелец, давший его, со вторым фактором, в той же транзакции, по предполётной проверке; отзыв — владелец от своего имени со вторым фактором | `tenant_data.migration_consent_revocation_guard(): «IF mem.membership_id IS NULL OR NEW.revoked_by_mem…» → «IF false THEN…»` | да | ✗ smoke «consent revoked in the name of another member (Р-101)» |
| Р-101 (находка 2, шаг 18) | листинг в согласие добавляет владелец, давший его, со вторым фактором, в той же транзакции, по предполётной проверке; отзыв — владелец от своего имени со вторым фактором | `tenant_data.migration_consent_revocation_guard(): «IF mem.role <> 'OWNER' THEN…» → «IF false THEN…»` | **нет** (упала только соседняя проверка) | ✗ другая причина smoke «consent revoked by an admin (Р-101)» |
| Р-101 (находка 2, шаг 18) | листинг в согласие добавляет владелец, давший его, со вторым фактором, в той же транзакции, по предполётной проверке; отзыв — владелец от своего имени со вторым фактором | `tenant_data.migration_consent_revocation_guard(): «IF NOT security.session_mfa() THEN…» → «IF false THEN…»` | да | ✗ smoke «consent revoked without a second factor (Р-101)» |
| Р-107 (находка 3, шаг 18) | ручной intent — только человек в административном сервисе, от своего имени, с правом менять цену | `channel_data.price_intent_manual_guard(): «IF mem.membership_id IS NULL OR NEW.created_by_mem…» → «IF false THEN…»` | **нет** (упала только соседняя проверка) | ✗ другая причина smoke «path creates a manual price intent (Р-107)»<br>✗ другая причина smoke «manual price intent in the name of another member (Р-107)» |
| Р-107 (находка 3, шаг 18) | ручной intent — только человек в административном сервисе, от своего имени, с правом менять цену | `channel_data.price_intent_manual_guard(): «IF NOT security.pricing_permission(mem.role, 'ENAB…» → «IF false THEN…»` | **нет** (упала только соседняя проверка) | ✗ другая причина smoke «manual price intent by a viewer (Р-107)» |
| Р-107 (находка 3, шаг 18) | ручной intent — только человек в административном сервисе, от своего имени, с правом менять цену | `channel_data.price_intent_manual_guard(): «NOT (NEW.trigger_type = 'MANUAL' OR NEW.rule_code …» → «NOT (NEW.trigger_type = 'MANUA…»` | **нет** (упала только соседняя проверка) | ✗ другая причина smoke «manual price intent in the name of another member (Р-107)»<br>✗ другая причина smoke «manual price intent by a viewer (Р-107)» |
| находка 4 (шаг 18) | системную остановку ставит проверка входов пути решения, а не человек | `channel_data.pricing_halt_insert_guard(): «IF security.admin_session() THEN…» → «IF false THEN…»` | **нет** (упала только соседняя проверка) | ✗ другая причина smoke «system halt created by a person (step 18 finding 4)» |
| находка 4 (шаг 18) | системную остановку ставит проверка входов пути решения, а не человек | `DROP TRIGGER a00_pricing_halt_insert_guard ON channel_data.pricing_halt; CREATE TRIGGER a00_pricing_halt_inser` | да | ✗ verify 0073_verify_schema_invariants_v16.sql /pricing_halt: trigger a00_pricing_halt_insert_guard has a WHEN condition that is not in the list/<br>✗ другая причина smoke «system halt created by a person (step 18 finding 4)» |
| находка 6 (шаг 18) | одна действующая привязка входа — и при изоляции строже READ COMMITTED | `platform.external_identity_one_active(): «IF current_setting('transaction_isolation') <> 're…» → «IF false THEN…»` | да | ✗ identity.pg.test.ts «step 18 finding 6» /step 18 finding 6: a link in REPEATABLE READ is refused/ |
| находка 6 (шаг 18) | одна действующая привязка входа — и при изоляции строже READ COMMITTED | `ALTER FUNCTION platform.external_identity_one_active() SECURITY INVOKER` | да | ✗ verify 0073_verify_schema_invariants_v16.sql /platform\.external_identity_one_active\(\): owned by repracer_resolver but not SECURITY DEFINER/ |
| находка 5 (шаг 18) | привязки входа удаляет только удаление привязок отключённого пользователя | `GRANT DELETE ON platform.external_identity_revocation TO repracer_retention` | да | ✗ verify 0073_verify_schema_invariants_v16.sql /role repracer_retention may delete sign-in links/<br>✗ smoke «retention role deletes sign-in revocations directly (step 18 finding 5)» |
| находка 5 (шаг 18) | привязки входа удаляет только удаление привязок отключённого пользователя | `GRANT DELETE ON platform.external_identity TO repracer_retention` | да | ✗ verify 0073_verify_schema_invariants_v16.sql /role repracer_retention may delete sign-in links/<br>✗ smoke «retention role deletes sign-in links directly (step 18 finding 5)» |
| находка 5 (шаг 18) | привязки входа удаляет только удаление привязок отключённого пользователя | `security.forbid_mutation(): «IF TG_OP = 'DELETE' AND current_user IN ('repracer…» → «IF TG_OP = 'DELETE' THEN…»` | да | ✗ verify 0073_verify_schema_invariants_v16.sql /security\.forbid_mutation does not refuse a DELETE/ |
| находка 7 (шаг 18) | скаляр на месте узла слепка — отказ | `security.explanation_node_declared(jsonb,text,boolean): «IF jsonb_typeof(node) NOT IN ('object', 'array') T…» → «IF false THEN…»` | **нет** (упала только соседняя проверка) | ✗ другая причина undercut-eternal.pg.test.ts «finding 15» /step 18 finding 7: a scalar among the strategy steps is refused\|step 18 finding 7: a scalar among the sanity checks is refused\|step 18 finding 7: a scalar explanation is refused/ |
| Р-105 | роль остатков пишет в канал только поле QUANTITY | `ALTER POLICY stock_quantity ON tenant_data.channel_write_history USING (tenant_id = security.current_tenant_id` | да | ✗ verify 0073_verify_schema_invariants_v16.sql /channel_write_history: policy stock_quantity of the stock role is not limited to the QUANTITY field/<br>✗ другая причина smoke «stock role writes price history of a channel write (Р-105)» |
| Р-105 | роль остатков пишет в канал только поле QUANTITY | `ALTER POLICY stock_quantity ON tenant_data.channel_write USING (tenant_id = security.current_tenant_id()) WITH` | да | ✗ verify 0073_verify_schema_invariants_v16.sql /channel_write: policy stock_quantity of the stock role is not limited to the QUANTITY field/<br>✗ smoke «the stock role sees price writes or does not see quantity writes (Р-105)» |
| Р-105 | роль остатков пишет в канал только поле QUANTITY | `ALTER POLICY stock_quantity ON tenant_data.write_scope USING (tenant_id = security.current_tenant_id())` | да | ✗ verify 0073_verify_schema_invariants_v16.sql /write_scope: policy stock_quantity of the stock role is not limited to the QUANTITY field/<br>✗ smoke «the stock role sees price writes or does not see quantity writes (Р-105)» |
| Р-105 | роль остатков пишет в канал только поле QUANTITY | `GRANT UPDATE (pricing_mode) ON tenant_data.write_scope TO repracer_stock` | да | ✗ verify 0073_verify_schema_invariants_v16.sql /tenant_data\.write_scope\.pricing_mode: UPDATE of the stock role is not in its allow list/ |
| шаг 19: атрибуты функций защит | функция служебной роли исполняется её правами | `ALTER FUNCTION security.audit_admin_write() SECURITY INVOKER` | да | ✗ verify 0073_verify_schema_invariants_v16.sql /security\.audit_admin_write\(\): owned by repracer_audit_writer but not SECURITY DEFINER/<br>✓ smoke «an administrative change is not in the audit log (Р-97)» |

Строк с мутациями: 50; ложных (хотя бы одна мутация не поймана заявленными проверками): **9** — 28, 32, 39, 40; 43; Р-97; находка 6; находка 1 (шаг 18); Р-101 (находка 2, шаг 18); Р-107 (находка 3, шаг 18); находка 4 (шаг 18); находка 7 (шаг 18).
Мутаций: 147; не поймано своей проверкой: **14** (из них упала только соседняя проверка строки: 14).
Не мутировались: 1–11 (свойства каталога остались в проверке схемы (0067)); 15 (данные справочника НДС остались в проверке схемы (0067)); 36 (правило проверяло отсутствие объектов входа).
✗ — проверка упала на мутации (поймала), ✓ — осталась зелёной.
