control run: 109 checks
CAUGHT   row 12: DROP TRIGGER ba_channel_write_ceiling_dispatch ON tenant_data.channel_write (3 s)
   ✓ green smoke «write created above lowered max_price (Р-44, check 2)»
   ✗ fails (own) smoke «dispatch above lowered max_price (Р-44, check 3)» — CHECK FAILED: dispatch above lowered max_price (Р-44, check 3)
CAUGHT   row 13: ALTER TABLE channel_data.price_decision DROP CONSTRAINT price_decision_no_bound_clamp (3 s)
   ✗ fails (own) smoke «clamp to floor instead of rejection (Р-44)» — CHECK FAILED: clamp to floor instead of rejection (Р-44)
   ✓ green smoke «REJECTED without a reason»
CAUGHT   row 12: DROP TRIGGER ba_channel_write_ceiling_insert ON tenant_data.channel_write (3 s)
   ✗ fails (own) smoke «write created above lowered max_price (Р-44, check 2)» — CHECK FAILED: write created above lowered max_price (Р-44, check 2)
   ✓ green smoke «dispatch above lowered max_price (Р-44, check 3)»
CAUGHT   row 14: ALTER TABLE tenant_data.guardrail DROP CONSTRAINT guardrail_ceiling_moved_to_max_price (5 s)
   ✗ fails (own) smoke «guardrail carrying a ceiling (moved to max_price, Р-43)» — CHECK FAILED: guardrail carrying a ceiling (moved to max_price, Р-43)
CAUGHT   row 16: DROP TRIGGER c_pricing_halt_release_journal ON channel_data.pricing_halt (6 s)
   ✗ fails (own) smoke «manual release without a journal record (Р-52)» — CHECK FAILED: manual release without a journal record (Р-52)
CAUGHT   row 13: ALTER TABLE channel_data.price_decision DROP CONSTRAINT price_decision_rejection_reason_iff (6 s)
   ✓ green smoke «clamp to floor instead of rejection (Р-44)»
   ✗ fails (own) smoke «REJECTED without a reason» — CHECK FAILED: REJECTED without a reason
CAUGHT   row 18: ALTER TABLE tenant_data.write_scope DROP CONSTRAINT write_scope_supported_currency (4 s)
   ✗ fails (own) smoke «currency outside EUR and USD» — CHECK FAILED: currency outside EUR and USD
CAUGHT   row 19: ALTER TABLE tenant_data.write_scope DROP CONSTRAINT write_scope_tax_regime_for_price (4 s)
   ✓ green smoke «net price basis with VAT regime (Р-58)»
   ✗ fails (own) smoke «price write scope without tax regime (Р-58)» — CHECK FAILED: price write scope without tax regime (Р-58)
CAUGHT   row 17: DROP TRIGGER aa_price_decision_copy_derivation ON channel_data.price_decision (4 s)
   ✗ fails (own) smoke «competitor_derived is not derived from rule_code» — ERROR:  competitor_derived is not derived from rule_code
CAUGHT   row 20, 21: ALTER TABLE channel_data.price_decision DROP CONSTRAINT price_decision_rejection_explained (7 s)
   ✗ fails (own) smoke «rejection without its reason parameters (OQ-98)» — CHECK FAILED: rejection without its reason parameters (OQ-98)
   ✓ green store.pg.test.ts «OQ-93, OQ-94, OQ-98» /Missing expected rejection/
CAUGHT   row 22: ALTER TABLE tenant_data.channel_write DROP CONSTRAINT channel_write_end_explained (13 s)
   ✗ fails (own) smoke «write discarded without a reason (Р-64)» — CHECK FAILED: write discarded without a reason (Р-64)
   ✓ green smoke «write history ended without a reason (Р-64)»
   ✓ green write-queue.pg.test.ts «control — without the dispatcher» /has no scope.write.v1 event/
CAUGHT   row 22: ALTER TABLE tenant_data.channel_write_history DROP CONSTRAINT channel_write_history_end_explained (13 s)
   ✓ green smoke «write discarded without a reason (Р-64)»
   ✗ fails (own) smoke «write history ended without a reason (Р-64)» — CHECK FAILED: write history ended without a reason (Р-64)
   ✓ green write-queue.pg.test.ts «control — without the dispatcher» /has no scope.write.v1 event/
CAUGHT   row 22: DROP TRIGGER zz_channel_write_announce_dispatch ON tenant_data.channel_write (11 s)
   ✓ green smoke «write discarded without a reason (Р-64)»
   ✓ green smoke «write history ended without a reason (Р-64)»
   ✗ fails (own) write-queue.pg.test.ts «control — without the dispatcher» /has no scope.write.v1 event/ — control — without the dispatcher queued writes stay PENDING (step 9 defect), but every one is announced and every supersession explained [ --- duration_ms: 1445.815916 type: 'test' location: '<repo>/packages/pricing-store-pg/test/write-queue.pg.test.ts:280:1' failureType: 'testCodeFailure' error:
NEIGHBOUR row 23: DROP TRIGGER aa_price_decision_fx_recorded ON channel_data.price_decision (5 s)
   ✓ green smoke «ECB rate is immutable (Р-61)»
   ✓ green smoke «decision exchange rate without its fields (Р-61)»
   ✗ fails (own, other reason) fx-day-boundary.pg.test.ts «Р-61 in the database» /without the exchange rate it was converted at/ — Р-61 in the database: a decision on a converted cost is refused without its exchange rate and stored with it [ --- duration_ms: 78.239042 type: 'test' location: '<repo>/packages/pricing-store-pg/test/fx-day-boundary.pg.test.ts:73:1' failureType: 'testCodeFailure' error: 'Missing expected rejectio
CAUGHT   row 23: DROP TRIGGER zz_fx_rate_immutable ON platform.fx_rate (5 s)
   ✗ fails (own) smoke «ECB rate is immutable (Р-61)» — CHECK FAILED: ECB rate is immutable (Р-61)
   ✓ green smoke «decision exchange rate without its fields (Р-61)»
   ✓ green fx-day-boundary.pg.test.ts «Р-61 in the database» /without the exchange rate it was converted at/
CAUGHT   row 24, 26: ALTER TABLE platform.marketplace DROP CONSTRAINT marketplace_time_zone_known_if_confirmed (4 s)
   ✗ fails (own) smoke «US storefront confirmed without a time zone» — CHECK FAILED: US storefront confirmed without a time zone
   ✓ green smoke «budgeted write while the storefront day boundary is unconfirmed (Р-65)»
   ✓ green smoke «budget day is not the current storefront day (Р-65)»
   ✓ green fx-day-boundary.pg.test.ts «Р-65: a US storefront» /Missing expected rejection|did not match/
CAUGHT   row 24, 26: DROP TRIGGER aa_channel_write_budget_day_tz ON tenant_data.channel_write (4 s)
   ✓ green smoke «US storefront confirmed without a time zone»
   ✗ fails (own) smoke «budgeted write while the storefront day boundary is unconfirmed (Р-65)» — CHECK FAILED: budgeted write while the storefront day boundary is unconfirmed (Р-65)
   ✗ fails (own) smoke «budget day is not the current storefront day (Р-65)» — CHECK FAILED: budget day is not the current storefront day (Р-65)
   ✓ green fx-day-boundary.pg.test.ts «Р-65: a US storefront» /Missing expected rejection|did not match/
CAUGHT   row 23: ALTER TABLE channel_data.price_decision DROP CONSTRAINT price_decision_fx_shape (5 s)
   ✓ green smoke «ECB rate is immutable (Р-61)»
   ✗ fails (own) smoke «decision exchange rate without its fields (Р-61)» — CHECK FAILED: decision exchange rate without its fields (Р-61)
   ✓ green fx-day-boundary.pg.test.ts «Р-61 in the database» /without the exchange rate it was converted at/
CAUGHT   row 27: ALTER TABLE channel_data.pricing_halt DROP CONSTRAINT pricing_halt_system_only (4 s)
   ✓ green smoke «approval while the tenant is stopped by a person (Р-69)»
   ✓ green smoke «dispatch while the tenant is stopped by a person (Р-69)»
   ✓ green smoke «manual halt release without a second factor (finding 12, Р-88)»
   ✗ fails (own) step12.pg.test.ts «Р-69: a system halt is only for broken channel data» /Missing expected rejection/ — Р-69: a system halt is only for broken channel data — a person cannot create one [ --- duration_ms: 12.260791 type: 'test' location: '<repo>/packages/pricing-store-pg/test/step12.pg.test.ts:199:1' failureType: 'testCodeFailure' error: 'Missing expected rejection.' code: 'ERR_ASSERTION' name: 'Ass
   ✓ green step12.pg.test.ts «Р-69, Р-70, OQ-125 in the database» /'(STOPPED|RELEASED)' !== 'FORBIDDEN'/
CAUGHT   row 24, 26: DROP TRIGGER aa_price_daily_day_tz ON tenant_data.price_daily (4 s)
   ✓ green smoke «US storefront confirmed without a time zone»
   ✓ green smoke «budgeted write while the storefront day boundary is unconfirmed (Р-65)»
   ✓ green smoke «budget day is not the current storefront day (Р-65)»
   ✗ fails (own) fx-day-boundary.pg.test.ts «Р-65: a US storefront» /Missing expected rejection|did not match/ — Р-65: a US storefront has no substituted day boundary; Amazon US and eBay US are marked to verify separately [ --- duration_ms: 16.388375 type: 'test' location: '<repo>/packages/pricing-store-pg/test/fx-day-boundary.pg.test.ts:130:1' failureType: 'testCodeFailure' error: 'Missing expected rejecti
CAUGHT   row 25: DROP TRIGGER tenant_region_guard ON tenant_data.tenant (4 s)
   ✗ fails (own) smoke «tenant in wrong region DB (Р-60)» — CHECK FAILED: tenant in wrong region DB (Р-60)
NEIGHBOUR row 27: DROP TRIGGER aa_price_stop_role_guard ON tenant_data.price_stop (4 s)
   ✓ green smoke «approval while the tenant is stopped by a person (Р-69)»
   ✓ green smoke «dispatch while the tenant is stopped by a person (Р-69)»
   ✓ green smoke «manual halt release without a second factor (finding 12, Р-88)»
   ✓ green step12.pg.test.ts «Р-69: a system halt is only for broken channel data» /Missing expected rejection/
   ✗ fails (own, other reason) step12.pg.test.ts «Р-69, Р-70, OQ-125 in the database» /'(STOPPED|RELEASED)' !== 'FORBIDDEN'/ — Р-69, Р-70, OQ-125 in the database: a tenant stop holds every price, covers an account connected later, and only the owner resumes it [ --- duration_ms: 14.265333 type: 'test' location: '<repo>/packages/pricing-store-pg/test/step12.pg.test.ts:156:1' failureType: 'testCodeFailure' error: |- Expect
CAUGHT   row 27: DROP TRIGGER bb_channel_write_stop_guard ON tenant_data.channel_write (4 s)
   ✓ green smoke «approval while the tenant is stopped by a person (Р-69)»
   ✗ fails (own) smoke «dispatch while the tenant is stopped by a person (Р-69)» — CHECK FAILED: dispatch while the tenant is stopped by a person (Р-69)
   ✓ green smoke «manual halt release without a second factor (finding 12, Р-88)»
   ✓ green step12.pg.test.ts «Р-69: a system halt is only for broken channel data» /Missing expected rejection/
   ✓ green step12.pg.test.ts «Р-69, Р-70, OQ-125 in the database» /'(STOPPED|RELEASED)' !== 'FORBIDDEN'/
CAUGHT   row 27: DROP TRIGGER ab_price_decision_stop_guard ON channel_data.price_decision (4 s)
   ✗ fails (own) smoke «approval while the tenant is stopped by a person (Р-69)» — CHECK FAILED: approval while the tenant is stopped by a person (Р-69)
   ✓ green smoke «dispatch while the tenant is stopped by a person (Р-69)»
   ✓ green smoke «manual halt release without a second factor (finding 12, Р-88)»
   ✓ green step12.pg.test.ts «Р-69: a system halt is only for broken channel data» /Missing expected rejection/
   ✓ green step12.pg.test.ts «Р-69, Р-70, OQ-125 in the database» /'(STOPPED|RELEASED)' !== 'FORBIDDEN'/
CAUGHT   row 28, 32, 39, 40: ALTER TABLE channel_data.price_decision DROP CONSTRAINT price_decision_no_change_reason_code (4 s)
   ✓ green smoke «NO_OP decision with an explanation (Р-74)»
   ✗ fails (own) smoke «NO_OP decision with an unknown no-change reason (Р-74)» — CHECK FAILED: NO_OP decision with an unknown no-change reason (Р-74)
   ✓ green step14.pg.test.ts «finding 10, Р-80» /strictly deep-equal/
   ✓ green step14.pg.test.ts «finding 10, Р-80» /keeps no snapshot reference/
CAUGHT   row 27: DROP TRIGGER ca_pricing_halt_release_role_guard ON channel_data.pricing_halt (4 s)
   ✓ green smoke «approval while the tenant is stopped by a person (Р-69)»
   ✓ green smoke «dispatch while the tenant is stopped by a person (Р-69)»
   ✗ fails (own) smoke «manual halt release without a second factor (finding 12, Р-88)» — CHECK FAILED: manual halt release without a second factor (finding 12, Р-88)
   ✓ green step12.pg.test.ts «Р-69: a system halt is only for broken channel data» /Missing expected rejection/
   ✓ green step12.pg.test.ts «Р-69, Р-70, OQ-125 in the database» /'(STOPPED|RELEASED)' !== 'FORBIDDEN'/
CAUGHT   row 28, 32, 39, 40: ALTER TABLE channel_data.price_decision DROP CONSTRAINT price_decision_explanation_by_class (4 s)
   ✗ fails (own) smoke «NO_OP decision with an explanation (Р-74)» — CHECK FAILED: NO_OP decision with an explanation (Р-74)
   ✓ green smoke «NO_OP decision with an unknown no-change reason (Р-74)»
   ✓ green step14.pg.test.ts «finding 10, Р-80» /strictly deep-equal/
   ✓ green step14.pg.test.ts «finding 10, Р-80» /keeps no snapshot reference/
NEIGHBOUR row 28, 32, 39, 40: DROP TRIGGER a0_price_decision_intent_columns ON channel_data.price_decision (5 s)
   ✓ green smoke «NO_OP decision with an explanation (Р-74)» — not reached (tests/db/smoke_app.sql: ERROR:  null value in column "trigger_type" of relation "price_decision_d20260914" violates not-null constraint)
   ✓ green smoke «NO_OP decision with an unknown no-change reason (Р-74)» — not reached (tests/db/smoke_app.sql: ERROR:  null value in column "trigger_type" of relation "price_decision_d20260914" violates not-null constraint)
   ✗ fails (own, other reason) step14.pg.test.ts «finding 10, Р-80» /strictly deep-equal/ — finding 10, Р-80: a NO_OP decision keeps no snapshot reference; a stored explanation repeats no row column; decision intent columns come from the intent [ --- duration_ms: 44.623209 type: 'test' location: '<repo>/packages/pricing-store-pg/test/step14.pg.test.ts:123:1' failureType: 'testCodeFailur
   ✗ fails (neighbour) step14.pg.test.ts «finding 10, Р-80» /keeps no snapshot reference/ — finding 10, Р-80: a NO_OP decision keeps no snapshot reference; a stored explanation repeats no row column; decision intent columns come from the intent [ --- duration_ms: 44.623209 type: 'test' location: '<repo>/packages/pricing-store-pg/test/step14.pg.test.ts:123:1' failureType: 'testCodeFailur
CAUGHT   row 29: ALTER TABLE channel_data.price_decision DROP CONSTRAINT price_decision_amounts_have_currency (5 s)
   ✗ fails (own) smoke «rejection parameters with an amount without its currency (Р-71)» — CHECK FAILED: rejection parameters with an amount without its currency (Р-71)
   ✓ green smoke «write ended with an amount without its currency (Р-71)»
   ✓ green smoke «rejected snapshot details: an amount without its currency (Р-71)»
CAUGHT   row 28, 32, 39, 40: DROP TRIGGER a_price_decision_snapshot_ref_guard ON channel_data.price_decision_snapshot_ref (6 s)
   ✓ green smoke «NO_OP decision with an explanation (Р-74)»
   ✓ green smoke «NO_OP decision with an unknown no-change reason (Р-74)»
   ✗ fails (neighbour) step14.pg.test.ts «finding 10, Р-80» /strictly deep-equal/ — finding 10, Р-80: a NO_OP decision keeps no snapshot reference; a stored explanation repeats no row column; decision intent columns come from the intent [ --- duration_ms: 54.21925 type: 'test' location: '<repo>/packages/pricing-store-pg/test/step14.pg.test.ts:123:1' failureType: 'testCodeFailure
   ✗ fails (own) step14.pg.test.ts «finding 10, Р-80» /keeps no snapshot reference/ — finding 10, Р-80: a NO_OP decision keeps no snapshot reference; a stored explanation repeats no row column; decision intent columns come from the intent [ --- duration_ms: 54.21925 type: 'test' location: '<repo>/packages/pricing-store-pg/test/step14.pg.test.ts:123:1' failureType: 'testCodeFailure
CAUGHT   row 29: ALTER TABLE tenant_data.channel_write DROP CONSTRAINT channel_write_end_params_currency (2 s)
   ✓ green smoke «rejection parameters with an amount without its currency (Р-71)»
   ✗ fails (own) smoke «write ended with an amount without its currency (Р-71)» — CHECK FAILED: write ended with an amount without its currency (Р-71)
   ✓ green smoke «rejected snapshot details: an amount without its currency (Р-71)»
CAUGHT   row 29: ALTER TABLE channel_data.rejected_competitor_snapshot DROP CONSTRAINT rejected_competitor_snapshot_details_cur (2 s)
   ✓ green smoke «rejection parameters with an amount without its currency (Р-71)»
   ✓ green smoke «write ended with an amount without its currency (Р-71)»
   ✗ fails (own) smoke «rejected snapshot details: an amount without its currency (Р-71)» — CHECK FAILED: rejected snapshot details: an amount without its currency (Р-71)
CAUGHT   row 30: ALTER TABLE tenant_data.price_intent_core DROP CONSTRAINT price_intent_core_dangerous_consistent (2 s)
   ✗ fails (own) smoke «eternal core: dangerous flag against the deviation (Р-73)» — CHECK FAILED: eternal core: dangerous flag against the deviation (Р-73)
CAUGHT   row 31, 37, 38: CREATE OR REPLACE FUNCTION security.pricing_permission(p_role text, p_action text) RETURNS boolean LANGUAGE sq (2 s)
   ✗ fails (own) step14.pg.test.ts «finding 2» /the matrix is not trivially all-true|×/ — finding 2: the explanation dictionary and the permission matrix in the database equal the code [ --- duration_ms: 20.227333 type: 'test' location: '<repo>/packages/pricing-store-pg/test/step14.pg.test.ts:53:1' failureType: 'testCodeFailure' error: |- OPERATOR × RESUME_TENANT_STOP true !== false c
   ✓ green step14.pg.test.ts «finding 4» /'STOPPED' !== 'FORBIDDEN'|'RELEASED' !== 'FORBIDDEN'/
NEIGHBOUR row 31, 37, 38: tenant_data.price_stop_role_guard(): «IF security.current_user_id() IS NULL OR u IS DIST…» → «IF false THEN…» (2 s)
   ✓ green step14.pg.test.ts «finding 2» /the matrix is not trivially all-true|×/
   ✗ fails (own, other reason) step14.pg.test.ts «finding 4» /'STOPPED' !== 'FORBIDDEN'|'RELEASED' !== 'FORBIDDEN'/ — finding 4: a stop, a resume and a manual halt release are accepted only from the session user of the membership; the audit author is that user [ --- duration_ms: 106.223459 type: 'test' location: '<repo>/packages/pricing-store-pg/test/step14.pg.test.ts:74:1' failureType: 'testCodeFailure' error: 
CAUGHT   row 33: DROP TRIGGER explanation_ruleset_immutable ON platform.explanation_ruleset (2 s)
   ✗ fails (own) smoke «explanation ruleset is immutable (Р-75)» — CHECK FAILED: explanation ruleset is immutable (Р-75)
CAUGHT   row 34: DROP TRIGGER zb_price_stop_audit ON tenant_data.price_stop (2 s)
   ✓ green smoke «the system halt is not in the audit log»
   ✓ green smoke «the manual release is not in the audit log with its author»
   ✗ fails (own) role-separation.pg.test.ts «the audit log is still written» /pricing.stop_created/ — Р-90: the audit log is still written — by triggers, with the session user of the administrative service as the author [ --- duration_ms: 4.355125 type: 'test' location: '<repo>/packages/pricing-store-pg/test/role-separation.pg.test.ts:87:1' failureType: 'testCodeFailure' error: |- Expected values
CAUGHT   row 34: DROP TRIGGER zb_pricing_halt_audit ON channel_data.pricing_halt (2 s)
   ✗ fails (own) smoke «the system halt is not in the audit log» — ERROR:  the system halt is not in the audit log
   ✓ green smoke «the manual release is not in the audit log with its author» — not reached (tests/db/smoke_admin.sql: ERROR:  the system halt is not in the audit log)
   ✓ green role-separation.pg.test.ts «the audit log is still written» /pricing.stop_created/
CAUGHT   row 34: DROP TRIGGER zb_pricing_halt_review_audit ON channel_data.pricing_halt_review (2 s)
   ✓ green smoke «the system halt is not in the audit log»
   ✗ fails (own) smoke «the manual release is not in the audit log with its author» — ERROR:  the manual release is not in the audit log with its author
   ✓ green role-separation.pg.test.ts «the audit log is still written» /pricing.stop_created/
CAUGHT   row 41: ALTER TABLE maintenance.partition_export DROP CONSTRAINT partition_export_core_archive_self_contained (2 s)
   ✗ fails (own) step14.pg.test.ts «Р-79» /partition_export_core_archive_self_contained/ — Р-79: the core archive exported by the exporter role explains every row without the database; a confirmation without dictionaries is refused [ --- duration_ms: 41.057375 type: 'test' location: '<repo>/packages/pricing-store-pg/test/step14.pg.test.ts:184:1' failureType: 'testCodeFailure' error: |-
CAUGHT   row 35: ALTER TABLE tenant_data.write_scope DROP CONSTRAINT write_scope_engine_has_strategy (2 s)
   ✗ fails (own) smoke «ENGINE without a strategy (Р-77)» — CHECK FAILED: ENGINE without a strategy (Р-77)
CAUGHT   row 43: ALTER TABLE tenant_data.price_intent_core DROP CONSTRAINT price_intent_core_competitor_rejection_not_kept (3 s)
   ✓ green verify 0067_verify_schema_invariants_v14.sql /undeclared reason parameter was stored/
   ✗ fails (own) smoke «eternal core: a competitor-derived rejection keeps its proposed price (Р-85)» — CHECK FAILED: eternal core: a competitor-derived rejection keeps its proposed price (Р-85)
   ✓ green smoke «decision explanation with an undeclared reason parameter (finding 15)»
   ✓ green smoke «eternal core: an undeclared reason parameter in the explanation (finding 15)»
CAUGHT   row 42: tenant_data.channel_write_before_update(): «NEW.floor_at_dispatch_minor := tenant_data.assert_…» → «NEW.floor_at_dispatch_minor :=…» (3 s)
   ✗ fails (own) verify 0067_verify_schema_invariants_v14.sql /below the recomputed margin floor was dispatched/ — psql:migrations/0067_verify_schema_invariants_v14.sql:454: ERROR: schema invariant violations: behaviour check (Р-83, findings 4 and 15, Р-91): a price write below the recomputed margin floor was dispatched КОНТЕКСТ: PL/pgSQL function inline_code_block line 435 at RAISE 
   ✗ fails (own) write-recheck.pg.test.ts «the unit cost rose between decision and dispatch» /the write reached the channel/ — Р-83: the unit cost rose between decision and dispatch — the margin floor blocks the write [ --- duration_ms: 35.588709 type: 'test' location: '<repo>/packages/pricing-store-pg/test/write-recheck.pg.test.ts:146:1' failureType: 'testCodeFailure' error: 'cost: the write reached the channel: [{"acti
CAUGHT   row 43: ALTER TABLE channel_data.price_decision DROP CONSTRAINT price_decision_explanation_keys_declared (3 s)
   ✓ green verify 0067_verify_schema_invariants_v14.sql /undeclared reason parameter was stored/
   ✓ green smoke «eternal core: a competitor-derived rejection keeps its proposed price (Р-85)»
   ✗ fails (own) smoke «decision explanation with an undeclared reason parameter (finding 15)» — CHECK FAILED: decision explanation with an undeclared reason parameter (finding 15)
   ✓ green smoke «eternal core: an undeclared reason parameter in the explanation (finding 15)»
CAUGHT   row 44: DROP TRIGGER a_pricing_halt_review_guard ON channel_data.pricing_halt_review (2 s)
   ✗ fails (own) audit-guards.pg.test.ts «finding 1» /may not release/ — finding 1: a manual release review without the release, from a viewer, or for a released halt is refused; the real release is accepted [ --- duration_ms: 105.798375 type: 'test' location: '<repo>/packages/pricing-store-pg/test/audit-guards.pg.test.ts:44:1' failureType: 'testCodeFailure' error: |-
   ✗ fails (neighbour) audit-guards.pg.test.ts «finding 1» /did not happen/ — finding 1: a manual release review without the release, from a viewer, or for a released halt is refused; the real release is accepted [ --- duration_ms: 105.798375 type: 'test' location: '<repo>/packages/pricing-store-pg/test/audit-guards.pg.test.ts:44:1' failureType: 'testCodeFailure' error: |-
   ✓ green audit-guards.pg.test.ts «Р-88: releasing the tenant stop needs a second factor» /'RELEASED' !== 'MFA_REQUIRED'/
NEIGHBOUR row 44: DROP TRIGGER zc_pricing_halt_review_released_in_tx ON channel_data.pricing_halt_review (2 s)
   ✗ fails (neighbour) audit-guards.pg.test.ts «finding 1» /may not release/ — finding 1: a manual release review without the release, from a viewer, or for a released halt is refused; the real release is accepted [ --- duration_ms: 110.636167 type: 'test' location: '<repo>/packages/pricing-store-pg/test/audit-guards.pg.test.ts:44:1' failureType: 'testCodeFailure' error: 'a
   ✗ fails (own, other reason) audit-guards.pg.test.ts «finding 1» /did not happen/ — finding 1: a manual release review without the release, from a viewer, or for a released halt is refused; the real release is accepted [ --- duration_ms: 110.636167 type: 'test' location: '<repo>/packages/pricing-store-pg/test/audit-guards.pg.test.ts:44:1' failureType: 'testCodeFailure' error: 'a
   ✓ green audit-guards.pg.test.ts «Р-88: releasing the tenant stop needs a second factor» /'RELEASED' !== 'MFA_REQUIRED'/
CAUGHT   row 43: ALTER TABLE tenant_data.price_intent_core DROP CONSTRAINT price_intent_core_explanation_keys_declared (2 s)
   ✓ green verify 0067_verify_schema_invariants_v14.sql /undeclared reason parameter was stored/
   ✓ green smoke «eternal core: a competitor-derived rejection keeps its proposed price (Р-85)»
   ✓ green smoke «decision explanation with an undeclared reason parameter (finding 15)»
   ✗ fails (own) smoke «eternal core: an undeclared reason parameter in the explanation (finding 15)» — CHECK FAILED: eternal core: an undeclared reason parameter in the explanation (finding 15)
NEIGHBOUR row 44: tenant_data.price_stop_role_guard(): «AND NOT security.session_mfa() THEN…» → «AND false THEN…» (2 s)
   ✓ green audit-guards.pg.test.ts «finding 1» /may not release/
   ✓ green audit-guards.pg.test.ts «finding 1» /did not happen/
   ✗ fails (own, other reason) audit-guards.pg.test.ts «Р-88: releasing the tenant stop needs a second factor» /'RELEASED' !== 'MFA_REQUIRED'/ — Р-88: releasing the tenant stop needs a second factor; a storefront stop does not [ --- duration_ms: 11.833292 type: 'test' location: '<repo>/packages/pricing-store-pg/test/audit-guards.pg.test.ts:138:1' failureType: 'testCodeFailure' error: |- Expected values to be strictly equal: + actual - exp
CAUGHT   row 45: DROP TRIGGER ab_channel_write_budget_day_retry ON tenant_data.channel_write (3 s)
   ✗ fails (own) smoke «retry after midnight is charged to today, whose budget is exhausted (C2, Р-19)» — CHECK FAILED: retry after midnight is charged to today, whose budget is exhausted (C2, Р-19)
   ✗ fails (own) smoke «retry while the storefront day boundary is unconfirmed (C2, Р-65)» — CHECK FAILED: retry while the storefront day boundary is unconfirmed (C2, Р-65)
CAUGHT   row Р-96: GRANT INSERT ON tenant_data.migration_consent TO repracer_app (4 s)
   ✗ fails (own) verify 0067_verify_schema_invariants_v14.sql /tenant_data\.migration_consent: INSERT of the decision path does not match the allow list/ — psql:migrations/0067_verify_schema_invariants_v14.sql:454: ERROR: schema invariant violations: tenant_data.migration_consent: INSERT of the decision path does not match the allow list (Р-96) tenant_data.migration_consent.tenant_id: INSERT of the decision path is not in the allow list (Р-96) tenant_data.migration_consent.channel_account_id: INSERT of the decision path is not in the allow list (Р-96
   ✗ fails (neighbour) verify 0067_verify_schema_invariants_v14.sql /tenant_data\.tenant: UPDATE of the decision path does not match the allow list/ — psql:migrations/0067_verify_schema_invariants_v14.sql:454: ERROR: schema invariant violations: tenant_data.migration_consent: INSERT of the decision path does not match the allow list (Р-96) tenant_data.migration_consent.tenant_id: INSERT of the decision path is not in the allow list (Р-96) tenant_data.migration_consent.channel_account_id: INSERT of the decision path is not in the allow list (Р-96
   ✗ fails (neighbour) verify 0067_verify_schema_invariants_v14.sql /tenant_data\.min_price: INSERT of the decision path does not match the allow list/ — psql:migrations/0067_verify_schema_invariants_v14.sql:454: ERROR: schema invariant violations: tenant_data.migration_consent: INSERT of the decision path does not match the allow list (Р-96) tenant_data.migration_consent.tenant_id: INSERT of the decision path is not in the allow list (Р-96) tenant_data.migration_consent.channel_account_id: INSERT of the decision path is not in the allow list (Р-96
   ✗ fails (neighbour) verify 0067_verify_schema_invariants_v14.sql /tenant_data\.cost_profile: INSERT of the decision path does not match the allow list/ — psql:migrations/0067_verify_schema_invariants_v14.sql:454: ERROR: schema invariant violations: tenant_data.migration_consent: INSERT of the decision path does not match the allow list (Р-96) tenant_data.migration_consent.tenant_id: INSERT of the decision path is not in the allow list (Р-96) tenant_data.migration_consent.channel_account_id: INSERT of the decision path is not in the allow list (Р-96
   ✗ fails (neighbour) verify 0067_verify_schema_invariants_v14.sql /channel_data\.pricing_halt: UPDATE of the decision path does not match the allow list/ — psql:migrations/0067_verify_schema_invariants_v14.sql:454: ERROR: schema invariant violations: tenant_data.migration_consent: INSERT of the decision path does not match the allow list (Р-96) tenant_data.migration_consent.tenant_id: INSERT of the decision path is not in the allow list (Р-96) tenant_data.migration_consent.channel_account_id: INSERT of the decision path is not in the allow list (Р-96
   ✗ fails (neighbour) verify 0067_verify_schema_invariants_v14.sql /channel_data\.pricing_halt_review: INSERT of the decision path does not match the allow list/ — psql:migrations/0067_verify_schema_invariants_v14.sql:454: ERROR: schema invariant violations: tenant_data.migration_consent: INSERT of the decision path does not match the allow list (Р-96) tenant_data.migration_consent.tenant_id: INSERT of the decision path is not in the allow list (Р-96) tenant_data.migration_consent.channel_account_id: INSERT of the decision path is not in the allow list (Р-96
   ✗ fails (neighbour) verify 0067_verify_schema_invariants_v14.sql /audit\.audit_event: INSERT of the decision path does not match the allow list/ — psql:migrations/0067_verify_schema_invariants_v14.sql:454: ERROR: schema invariant violations: tenant_data.migration_consent: INSERT of the decision path does not match the allow list (Р-96) tenant_data.migration_consent.tenant_id: INSERT of the decision path is not in the allow list (Р-96) tenant_data.migration_consent.channel_account_id: INSERT of the decision path is not in the allow list (Р-96
   ✗ fails (neighbour) verify 0067_verify_schema_invariants_v14.sql /security\.invite_member.*SECURITY DEFINER function executable by the decision path/ — psql:migrations/0067_verify_schema_invariants_v14.sql:454: ERROR: schema invariant violations: tenant_data.migration_consent: INSERT of the decision path does not match the allow list (Р-96) tenant_data.migration_consent.tenant_id: INSERT of the decision path is not in the allow list (Р-96) tenant_data.migration_consent.channel_account_id: INSERT of the decision path is not in the allow list (Р-96
   ✓ green smoke «path creates an eBay migration consent (Р-96, Р-2)»
   ✓ green smoke «path opts the tenant into Kaufland Smart Pricing (Р-96, Р-12, Р-41)»
   ✓ green smoke «path lowers min_price (Р-96, Р-5)»
   ✓ green smoke «path changes the unit cost (Р-96, Р-83)»
   ✓ green smoke «path schedules the review of a halt (finding 2 ревью шага 16)»
   ✓ green smoke «path writes an automatic halt review (finding 2 ревью шага 16)»
   ✓ green smoke «path forges an audit event (finding 5, Р-90)»
   ✓ green smoke «path invites a member (Р-90)»
   ✓ green store.pg.test.ts «Р-54: a concurrent bound change serialises» /decision commit must wait for the bound change/
CAUGHT   row Р-96: GRANT UPDATE ON tenant_data.tenant TO repracer_app (4 s)
   ✗ fails (neighbour) verify 0067_verify_schema_invariants_v14.sql /tenant_data\.migration_consent: INSERT of the decision path does not match the allow list/ — psql:migrations/0067_verify_schema_invariants_v14.sql:454: ERROR: schema invariant violations: tenant_data.tenant: UPDATE of the decision path does not match the allow list (Р-96) tenant_data.tenant.data_region: UPDATE of the decision path is not in the allow list (Р-96) tenant_data.tenant.kaufland_smart_pricing_opt_in_at: UPDATE of the decision path is not in the allow list (Р-96) tenant_data.ten
   ✗ fails (own) verify 0067_verify_schema_invariants_v14.sql /tenant_data\.tenant: UPDATE of the decision path does not match the allow list/ — psql:migrations/0067_verify_schema_invariants_v14.sql:454: ERROR: schema invariant violations: tenant_data.tenant: UPDATE of the decision path does not match the allow list (Р-96) tenant_data.tenant.data_region: UPDATE of the decision path is not in the allow list (Р-96) tenant_data.tenant.kaufland_smart_pricing_opt_in_at: UPDATE of the decision path is not in the allow list (Р-96) tenant_data.ten
   ✗ fails (neighbour) verify 0067_verify_schema_invariants_v14.sql /tenant_data\.min_price: INSERT of the decision path does not match the allow list/ — psql:migrations/0067_verify_schema_invariants_v14.sql:454: ERROR: schema invariant violations: tenant_data.tenant: UPDATE of the decision path does not match the allow list (Р-96) tenant_data.tenant.data_region: UPDATE of the decision path is not in the allow list (Р-96) tenant_data.tenant.kaufland_smart_pricing_opt_in_at: UPDATE of the decision path is not in the allow list (Р-96) tenant_data.ten
   ✗ fails (neighbour) verify 0067_verify_schema_invariants_v14.sql /tenant_data\.cost_profile: INSERT of the decision path does not match the allow list/ — psql:migrations/0067_verify_schema_invariants_v14.sql:454: ERROR: schema invariant violations: tenant_data.tenant: UPDATE of the decision path does not match the allow list (Р-96) tenant_data.tenant.data_region: UPDATE of the decision path is not in the allow list (Р-96) tenant_data.tenant.kaufland_smart_pricing_opt_in_at: UPDATE of the decision path is not in the allow list (Р-96) tenant_data.ten
   ✗ fails (neighbour) verify 0067_verify_schema_invariants_v14.sql /channel_data\.pricing_halt: UPDATE of the decision path does not match the allow list/ — psql:migrations/0067_verify_schema_invariants_v14.sql:454: ERROR: schema invariant violations: tenant_data.tenant: UPDATE of the decision path does not match the allow list (Р-96) tenant_data.tenant.data_region: UPDATE of the decision path is not in the allow list (Р-96) tenant_data.tenant.kaufland_smart_pricing_opt_in_at: UPDATE of the decision path is not in the allow list (Р-96) tenant_data.ten
   ✗ fails (neighbour) verify 0067_verify_schema_invariants_v14.sql /channel_data\.pricing_halt_review: INSERT of the decision path does not match the allow list/ — psql:migrations/0067_verify_schema_invariants_v14.sql:454: ERROR: schema invariant violations: tenant_data.tenant: UPDATE of the decision path does not match the allow list (Р-96) tenant_data.tenant.data_region: UPDATE of the decision path is not in the allow list (Р-96) tenant_data.tenant.kaufland_smart_pricing_opt_in_at: UPDATE of the decision path is not in the allow list (Р-96) tenant_data.ten
   ✗ fails (neighbour) verify 0067_verify_schema_invariants_v14.sql /audit\.audit_event: INSERT of the decision path does not match the allow list/ — psql:migrations/0067_verify_schema_invariants_v14.sql:454: ERROR: schema invariant violations: tenant_data.tenant: UPDATE of the decision path does not match the allow list (Р-96) tenant_data.tenant.data_region: UPDATE of the decision path is not in the allow list (Р-96) tenant_data.tenant.kaufland_smart_pricing_opt_in_at: UPDATE of the decision path is not in the allow list (Р-96) tenant_data.ten
   ✗ fails (neighbour) verify 0067_verify_schema_invariants_v14.sql /security\.invite_member.*SECURITY DEFINER function executable by the decision path/ — psql:migrations/0067_verify_schema_invariants_v14.sql:454: ERROR: schema invariant violations: tenant_data.tenant: UPDATE of the decision path does not match the allow list (Р-96) tenant_data.tenant.data_region: UPDATE of the decision path is not in the allow list (Р-96) tenant_data.tenant.kaufland_smart_pricing_opt_in_at: UPDATE of the decision path is not in the allow list (Р-96) tenant_data.ten
   ✓ green smoke «path creates an eBay migration consent (Р-96, Р-2)»
   ✗ fails (own) smoke «path opts the tenant into Kaufland Smart Pricing (Р-96, Р-12, Р-41)» — CHECK FAILED: path opts the tenant into Kaufland Smart Pricing (Р-96, Р-12, Р-41)
   ✓ green smoke «path lowers min_price (Р-96, Р-5)»
   ✓ green smoke «path changes the unit cost (Р-96, Р-83)»
   ✓ green smoke «path schedules the review of a halt (finding 2 ревью шага 16)»
   ✓ green smoke «path writes an automatic halt review (finding 2 ревью шага 16)»
   ✓ green smoke «path forges an audit event (finding 5, Р-90)»
   ✓ green smoke «path invites a member (Р-90)»
   ✓ green store.pg.test.ts «Р-54: a concurrent bound change serialises» /decision commit must wait for the bound change/
CAUGHT   row Р-96: GRANT INSERT ON tenant_data.min_price TO repracer_app (4 s)
   ✗ fails (neighbour) verify 0067_verify_schema_invariants_v14.sql /tenant_data\.migration_consent: INSERT of the decision path does not match the allow list/ — psql:migrations/0067_verify_schema_invariants_v14.sql:454: ERROR: schema invariant violations: tenant_data.min_price: INSERT of the decision path does not match the allow list (Р-96) tenant_data.min_price.tenant_id: INSERT of the decision path is not in the allow list (Р-96) tenant_data.min_price.scope_type: INSERT of the decision path is not in the allow list (Р-96) tenant_data.min_price.product_
   ✗ fails (neighbour) verify 0067_verify_schema_invariants_v14.sql /tenant_data\.tenant: UPDATE of the decision path does not match the allow list/ — psql:migrations/0067_verify_schema_invariants_v14.sql:454: ERROR: schema invariant violations: tenant_data.min_price: INSERT of the decision path does not match the allow list (Р-96) tenant_data.min_price.tenant_id: INSERT of the decision path is not in the allow list (Р-96) tenant_data.min_price.scope_type: INSERT of the decision path is not in the allow list (Р-96) tenant_data.min_price.product_
   ✗ fails (own) verify 0067_verify_schema_invariants_v14.sql /tenant_data\.min_price: INSERT of the decision path does not match the allow list/ — psql:migrations/0067_verify_schema_invariants_v14.sql:454: ERROR: schema invariant violations: tenant_data.min_price: INSERT of the decision path does not match the allow list (Р-96) tenant_data.min_price.tenant_id: INSERT of the decision path is not in the allow list (Р-96) tenant_data.min_price.scope_type: INSERT of the decision path is not in the allow list (Р-96) tenant_data.min_price.product_
   ✗ fails (neighbour) verify 0067_verify_schema_invariants_v14.sql /tenant_data\.cost_profile: INSERT of the decision path does not match the allow list/ — psql:migrations/0067_verify_schema_invariants_v14.sql:454: ERROR: schema invariant violations: tenant_data.min_price: INSERT of the decision path does not match the allow list (Р-96) tenant_data.min_price.tenant_id: INSERT of the decision path is not in the allow list (Р-96) tenant_data.min_price.scope_type: INSERT of the decision path is not in the allow list (Р-96) tenant_data.min_price.product_
   ✗ fails (neighbour) verify 0067_verify_schema_invariants_v14.sql /channel_data\.pricing_halt: UPDATE of the decision path does not match the allow list/ — psql:migrations/0067_verify_schema_invariants_v14.sql:454: ERROR: schema invariant violations: tenant_data.min_price: INSERT of the decision path does not match the allow list (Р-96) tenant_data.min_price.tenant_id: INSERT of the decision path is not in the allow list (Р-96) tenant_data.min_price.scope_type: INSERT of the decision path is not in the allow list (Р-96) tenant_data.min_price.product_
   ✗ fails (neighbour) verify 0067_verify_schema_invariants_v14.sql /channel_data\.pricing_halt_review: INSERT of the decision path does not match the allow list/ — psql:migrations/0067_verify_schema_invariants_v14.sql:454: ERROR: schema invariant violations: tenant_data.min_price: INSERT of the decision path does not match the allow list (Р-96) tenant_data.min_price.tenant_id: INSERT of the decision path is not in the allow list (Р-96) tenant_data.min_price.scope_type: INSERT of the decision path is not in the allow list (Р-96) tenant_data.min_price.product_
   ✗ fails (neighbour) verify 0067_verify_schema_invariants_v14.sql /audit\.audit_event: INSERT of the decision path does not match the allow list/ — psql:migrations/0067_verify_schema_invariants_v14.sql:454: ERROR: schema invariant violations: tenant_data.min_price: INSERT of the decision path does not match the allow list (Р-96) tenant_data.min_price.tenant_id: INSERT of the decision path is not in the allow list (Р-96) tenant_data.min_price.scope_type: INSERT of the decision path is not in the allow list (Р-96) tenant_data.min_price.product_
   ✗ fails (neighbour) verify 0067_verify_schema_invariants_v14.sql /security\.invite_member.*SECURITY DEFINER function executable by the decision path/ — psql:migrations/0067_verify_schema_invariants_v14.sql:454: ERROR: schema invariant violations: tenant_data.min_price: INSERT of the decision path does not match the allow list (Р-96) tenant_data.min_price.tenant_id: INSERT of the decision path is not in the allow list (Р-96) tenant_data.min_price.scope_type: INSERT of the decision path is not in the allow list (Р-96) tenant_data.min_price.product_
   ✓ green smoke «path creates an eBay migration consent (Р-96, Р-2)»
   ✓ green smoke «path opts the tenant into Kaufland Smart Pricing (Р-96, Р-12, Р-41)»
   ✗ fails (own) smoke «path lowers min_price (Р-96, Р-5)» — CHECK FAILED: path lowers min_price (Р-96, Р-5)
   ✓ green smoke «path changes the unit cost (Р-96, Р-83)»
   ✓ green smoke «path schedules the review of a halt (finding 2 ревью шага 16)»
   ✓ green smoke «path writes an automatic halt review (finding 2 ревью шага 16)»
   ✓ green smoke «path forges an audit event (finding 5, Р-90)»
   ✓ green smoke «path invites a member (Р-90)»
   ✓ green store.pg.test.ts «Р-54: a concurrent bound change serialises» /decision commit must wait for the bound change/
CAUGHT   row Р-96: GRANT INSERT ON tenant_data.cost_profile TO repracer_app (4 s)
   ✗ fails (neighbour) verify 0067_verify_schema_invariants_v14.sql /tenant_data\.migration_consent: INSERT of the decision path does not match the allow list/ — psql:migrations/0067_verify_schema_invariants_v14.sql:454: ERROR: schema invariant violations: tenant_data.cost_profile: INSERT of the decision path does not match the allow list (Р-96) tenant_data.cost_profile.tenant_id: INSERT of the decision path is not in the allow list (Р-96) tenant_data.cost_profile.product_id: INSERT of the decision path is not in the allow list (Р-96) tenant_data.cost_prof
   ✗ fails (neighbour) verify 0067_verify_schema_invariants_v14.sql /tenant_data\.tenant: UPDATE of the decision path does not match the allow list/ — psql:migrations/0067_verify_schema_invariants_v14.sql:454: ERROR: schema invariant violations: tenant_data.cost_profile: INSERT of the decision path does not match the allow list (Р-96) tenant_data.cost_profile.tenant_id: INSERT of the decision path is not in the allow list (Р-96) tenant_data.cost_profile.product_id: INSERT of the decision path is not in the allow list (Р-96) tenant_data.cost_prof
   ✗ fails (neighbour) verify 0067_verify_schema_invariants_v14.sql /tenant_data\.min_price: INSERT of the decision path does not match the allow list/ — psql:migrations/0067_verify_schema_invariants_v14.sql:454: ERROR: schema invariant violations: tenant_data.cost_profile: INSERT of the decision path does not match the allow list (Р-96) tenant_data.cost_profile.tenant_id: INSERT of the decision path is not in the allow list (Р-96) tenant_data.cost_profile.product_id: INSERT of the decision path is not in the allow list (Р-96) tenant_data.cost_prof
   ✗ fails (own) verify 0067_verify_schema_invariants_v14.sql /tenant_data\.cost_profile: INSERT of the decision path does not match the allow list/ — psql:migrations/0067_verify_schema_invariants_v14.sql:454: ERROR: schema invariant violations: tenant_data.cost_profile: INSERT of the decision path does not match the allow list (Р-96) tenant_data.cost_profile.tenant_id: INSERT of the decision path is not in the allow list (Р-96) tenant_data.cost_profile.product_id: INSERT of the decision path is not in the allow list (Р-96) tenant_data.cost_prof
   ✗ fails (neighbour) verify 0067_verify_schema_invariants_v14.sql /channel_data\.pricing_halt: UPDATE of the decision path does not match the allow list/ — psql:migrations/0067_verify_schema_invariants_v14.sql:454: ERROR: schema invariant violations: tenant_data.cost_profile: INSERT of the decision path does not match the allow list (Р-96) tenant_data.cost_profile.tenant_id: INSERT of the decision path is not in the allow list (Р-96) tenant_data.cost_profile.product_id: INSERT of the decision path is not in the allow list (Р-96) tenant_data.cost_prof
   ✗ fails (neighbour) verify 0067_verify_schema_invariants_v14.sql /channel_data\.pricing_halt_review: INSERT of the decision path does not match the allow list/ — psql:migrations/0067_verify_schema_invariants_v14.sql:454: ERROR: schema invariant violations: tenant_data.cost_profile: INSERT of the decision path does not match the allow list (Р-96) tenant_data.cost_profile.tenant_id: INSERT of the decision path is not in the allow list (Р-96) tenant_data.cost_profile.product_id: INSERT of the decision path is not in the allow list (Р-96) tenant_data.cost_prof
   ✗ fails (neighbour) verify 0067_verify_schema_invariants_v14.sql /audit\.audit_event: INSERT of the decision path does not match the allow list/ — psql:migrations/0067_verify_schema_invariants_v14.sql:454: ERROR: schema invariant violations: tenant_data.cost_profile: INSERT of the decision path does not match the allow list (Р-96) tenant_data.cost_profile.tenant_id: INSERT of the decision path is not in the allow list (Р-96) tenant_data.cost_profile.product_id: INSERT of the decision path is not in the allow list (Р-96) tenant_data.cost_prof
   ✗ fails (neighbour) verify 0067_verify_schema_invariants_v14.sql /security\.invite_member.*SECURITY DEFINER function executable by the decision path/ — psql:migrations/0067_verify_schema_invariants_v14.sql:454: ERROR: schema invariant violations: tenant_data.cost_profile: INSERT of the decision path does not match the allow list (Р-96) tenant_data.cost_profile.tenant_id: INSERT of the decision path is not in the allow list (Р-96) tenant_data.cost_profile.product_id: INSERT of the decision path is not in the allow list (Р-96) tenant_data.cost_prof
   ✓ green smoke «path creates an eBay migration consent (Р-96, Р-2)»
   ✓ green smoke «path opts the tenant into Kaufland Smart Pricing (Р-96, Р-12, Р-41)»
   ✓ green smoke «path lowers min_price (Р-96, Р-5)»
   ✗ fails (own) smoke «path changes the unit cost (Р-96, Р-83)» — CHECK FAILED: path changes the unit cost (Р-96, Р-83)
   ✓ green smoke «path schedules the review of a halt (finding 2 ревью шага 16)»
   ✓ green smoke «path writes an automatic halt review (finding 2 ревью шага 16)»
   ✓ green smoke «path forges an audit event (finding 5, Р-90)»
   ✓ green smoke «path invites a member (Р-90)»
   ✓ green store.pg.test.ts «Р-54: a concurrent bound change serialises» /decision commit must wait for the bound change/
CAUGHT   row Р-96: GRANT UPDATE ON channel_data.pricing_halt TO repracer_app (4 s)
   ✗ fails (neighbour) verify 0067_verify_schema_invariants_v14.sql /tenant_data\.migration_consent: INSERT of the decision path does not match the allow list/ — psql:migrations/0067_verify_schema_invariants_v14.sql:454: ERROR: schema invariant violations: channel_data.pricing_halt: UPDATE of the decision path does not match the allow list (Р-96) channel_data.pricing_halt.tenant_id: UPDATE of the decision path is not in the allow list (Р-96) channel_data.pricing_halt.channel_account_id: UPDATE of the decision path is not in the allow list (Р-96) channel_da
   ✗ fails (neighbour) verify 0067_verify_schema_invariants_v14.sql /tenant_data\.tenant: UPDATE of the decision path does not match the allow list/ — psql:migrations/0067_verify_schema_invariants_v14.sql:454: ERROR: schema invariant violations: channel_data.pricing_halt: UPDATE of the decision path does not match the allow list (Р-96) channel_data.pricing_halt.tenant_id: UPDATE of the decision path is not in the allow list (Р-96) channel_data.pricing_halt.channel_account_id: UPDATE of the decision path is not in the allow list (Р-96) channel_da
   ✗ fails (neighbour) verify 0067_verify_schema_invariants_v14.sql /tenant_data\.min_price: INSERT of the decision path does not match the allow list/ — psql:migrations/0067_verify_schema_invariants_v14.sql:454: ERROR: schema invariant violations: channel_data.pricing_halt: UPDATE of the decision path does not match the allow list (Р-96) channel_data.pricing_halt.tenant_id: UPDATE of the decision path is not in the allow list (Р-96) channel_data.pricing_halt.channel_account_id: UPDATE of the decision path is not in the allow list (Р-96) channel_da
   ✗ fails (neighbour) verify 0067_verify_schema_invariants_v14.sql /tenant_data\.cost_profile: INSERT of the decision path does not match the allow list/ — psql:migrations/0067_verify_schema_invariants_v14.sql:454: ERROR: schema invariant violations: channel_data.pricing_halt: UPDATE of the decision path does not match the allow list (Р-96) channel_data.pricing_halt.tenant_id: UPDATE of the decision path is not in the allow list (Р-96) channel_data.pricing_halt.channel_account_id: UPDATE of the decision path is not in the allow list (Р-96) channel_da
   ✗ fails (own) verify 0067_verify_schema_invariants_v14.sql /channel_data\.pricing_halt: UPDATE of the decision path does not match the allow list/ — psql:migrations/0067_verify_schema_invariants_v14.sql:454: ERROR: schema invariant violations: channel_data.pricing_halt: UPDATE of the decision path does not match the allow list (Р-96) channel_data.pricing_halt.tenant_id: UPDATE of the decision path is not in the allow list (Р-96) channel_data.pricing_halt.channel_account_id: UPDATE of the decision path is not in the allow list (Р-96) channel_da
   ✗ fails (neighbour) verify 0067_verify_schema_invariants_v14.sql /channel_data\.pricing_halt_review: INSERT of the decision path does not match the allow list/ — psql:migrations/0067_verify_schema_invariants_v14.sql:454: ERROR: schema invariant violations: channel_data.pricing_halt: UPDATE of the decision path does not match the allow list (Р-96) channel_data.pricing_halt.tenant_id: UPDATE of the decision path is not in the allow list (Р-96) channel_data.pricing_halt.channel_account_id: UPDATE of the decision path is not in the allow list (Р-96) channel_da
   ✗ fails (neighbour) verify 0067_verify_schema_invariants_v14.sql /audit\.audit_event: INSERT of the decision path does not match the allow list/ — psql:migrations/0067_verify_schema_invariants_v14.sql:454: ERROR: schema invariant violations: channel_data.pricing_halt: UPDATE of the decision path does not match the allow list (Р-96) channel_data.pricing_halt.tenant_id: UPDATE of the decision path is not in the allow list (Р-96) channel_data.pricing_halt.channel_account_id: UPDATE of the decision path is not in the allow list (Р-96) channel_da
   ✗ fails (neighbour) verify 0067_verify_schema_invariants_v14.sql /security\.invite_member.*SECURITY DEFINER function executable by the decision path/ — psql:migrations/0067_verify_schema_invariants_v14.sql:454: ERROR: schema invariant violations: channel_data.pricing_halt: UPDATE of the decision path does not match the allow list (Р-96) channel_data.pricing_halt.tenant_id: UPDATE of the decision path is not in the allow list (Р-96) channel_data.pricing_halt.channel_account_id: UPDATE of the decision path is not in the allow list (Р-96) channel_da
   ✓ green smoke «path creates an eBay migration consent (Р-96, Р-2)»
   ✓ green smoke «path opts the tenant into Kaufland Smart Pricing (Р-96, Р-12, Р-41)»
   ✓ green smoke «path lowers min_price (Р-96, Р-5)»
   ✓ green smoke «path changes the unit cost (Р-96, Р-83)»
   ✗ fails (own) smoke «path schedules the review of a halt (finding 2 ревью шага 16)» — CHECK FAILED: path schedules the review of a halt (finding 2 ревью шага 16)
   ✓ green smoke «path writes an automatic halt review (finding 2 ревью шага 16)»
   ✓ green smoke «path forges an audit event (finding 5, Р-90)»
   ✓ green smoke «path invites a member (Р-90)»
   ✓ green store.pg.test.ts «Р-54: a concurrent bound change serialises» /decision commit must wait for the bound change/
CAUGHT   row Р-96: GRANT INSERT ON channel_data.pricing_halt_review TO repracer_app (4 s)
   ✗ fails (neighbour) verify 0067_verify_schema_invariants_v14.sql /tenant_data\.migration_consent: INSERT of the decision path does not match the allow list/ — psql:migrations/0067_verify_schema_invariants_v14.sql:454: ERROR: schema invariant violations: channel_data.pricing_halt_review: INSERT of the decision path does not match the allow list (Р-96) channel_data.pricing_halt_review.tenant_id: INSERT of the decision path is not in the allow list (Р-96) channel_data.pricing_halt_review.pricing_halt_id: INSERT of the decision path is not in the allow list
   ✗ fails (neighbour) verify 0067_verify_schema_invariants_v14.sql /tenant_data\.tenant: UPDATE of the decision path does not match the allow list/ — psql:migrations/0067_verify_schema_invariants_v14.sql:454: ERROR: schema invariant violations: channel_data.pricing_halt_review: INSERT of the decision path does not match the allow list (Р-96) channel_data.pricing_halt_review.tenant_id: INSERT of the decision path is not in the allow list (Р-96) channel_data.pricing_halt_review.pricing_halt_id: INSERT of the decision path is not in the allow list
   ✗ fails (neighbour) verify 0067_verify_schema_invariants_v14.sql /tenant_data\.min_price: INSERT of the decision path does not match the allow list/ — psql:migrations/0067_verify_schema_invariants_v14.sql:454: ERROR: schema invariant violations: channel_data.pricing_halt_review: INSERT of the decision path does not match the allow list (Р-96) channel_data.pricing_halt_review.tenant_id: INSERT of the decision path is not in the allow list (Р-96) channel_data.pricing_halt_review.pricing_halt_id: INSERT of the decision path is not in the allow list
   ✗ fails (neighbour) verify 0067_verify_schema_invariants_v14.sql /tenant_data\.cost_profile: INSERT of the decision path does not match the allow list/ — psql:migrations/0067_verify_schema_invariants_v14.sql:454: ERROR: schema invariant violations: channel_data.pricing_halt_review: INSERT of the decision path does not match the allow list (Р-96) channel_data.pricing_halt_review.tenant_id: INSERT of the decision path is not in the allow list (Р-96) channel_data.pricing_halt_review.pricing_halt_id: INSERT of the decision path is not in the allow list
   ✗ fails (neighbour) verify 0067_verify_schema_invariants_v14.sql /channel_data\.pricing_halt: UPDATE of the decision path does not match the allow list/ — psql:migrations/0067_verify_schema_invariants_v14.sql:454: ERROR: schema invariant violations: channel_data.pricing_halt_review: INSERT of the decision path does not match the allow list (Р-96) channel_data.pricing_halt_review.tenant_id: INSERT of the decision path is not in the allow list (Р-96) channel_data.pricing_halt_review.pricing_halt_id: INSERT of the decision path is not in the allow list
   ✗ fails (own) verify 0067_verify_schema_invariants_v14.sql /channel_data\.pricing_halt_review: INSERT of the decision path does not match the allow list/ — psql:migrations/0067_verify_schema_invariants_v14.sql:454: ERROR: schema invariant violations: channel_data.pricing_halt_review: INSERT of the decision path does not match the allow list (Р-96) channel_data.pricing_halt_review.tenant_id: INSERT of the decision path is not in the allow list (Р-96) channel_data.pricing_halt_review.pricing_halt_id: INSERT of the decision path is not in the allow list
   ✗ fails (neighbour) verify 0067_verify_schema_invariants_v14.sql /audit\.audit_event: INSERT of the decision path does not match the allow list/ — psql:migrations/0067_verify_schema_invariants_v14.sql:454: ERROR: schema invariant violations: channel_data.pricing_halt_review: INSERT of the decision path does not match the allow list (Р-96) channel_data.pricing_halt_review.tenant_id: INSERT of the decision path is not in the allow list (Р-96) channel_data.pricing_halt_review.pricing_halt_id: INSERT of the decision path is not in the allow list
   ✗ fails (neighbour) verify 0067_verify_schema_invariants_v14.sql /security\.invite_member.*SECURITY DEFINER function executable by the decision path/ — psql:migrations/0067_verify_schema_invariants_v14.sql:454: ERROR: schema invariant violations: channel_data.pricing_halt_review: INSERT of the decision path does not match the allow list (Р-96) channel_data.pricing_halt_review.tenant_id: INSERT of the decision path is not in the allow list (Р-96) channel_data.pricing_halt_review.pricing_halt_id: INSERT of the decision path is not in the allow list
   ✓ green smoke «path creates an eBay migration consent (Р-96, Р-2)»
   ✓ green smoke «path opts the tenant into Kaufland Smart Pricing (Р-96, Р-12, Р-41)»
   ✓ green smoke «path lowers min_price (Р-96, Р-5)»
   ✓ green smoke «path changes the unit cost (Р-96, Р-83)»
   ✓ green smoke «path schedules the review of a halt (finding 2 ревью шага 16)»
   ✗ fails (own) smoke «path writes an automatic halt review (finding 2 ревью шага 16)» — CHECK FAILED: path writes an automatic halt review (finding 2 ревью шага 16)
   ✓ green smoke «path forges an audit event (finding 5, Р-90)»
   ✓ green smoke «path invites a member (Р-90)»
   ✓ green store.pg.test.ts «Р-54: a concurrent bound change serialises» /decision commit must wait for the bound change/
CAUGHT   row Р-96: GRANT INSERT ON audit.audit_event TO repracer_app (4 s)
   ✗ fails (neighbour) verify 0067_verify_schema_invariants_v14.sql /tenant_data\.migration_consent: INSERT of the decision path does not match the allow list/ — psql:migrations/0067_verify_schema_invariants_v14.sql:454: ERROR: schema invariant violations: audit.audit_event: INSERT of the decision path does not match the allow list (Р-96) audit.audit_event.tenant_id: INSERT of the decision path is not in the allow list (Р-96) audit.audit_event.occurred_at: INSERT of the decision path is not in the allow list (Р-96) audit.audit_event.actor_type: INSERT of t
   ✗ fails (neighbour) verify 0067_verify_schema_invariants_v14.sql /tenant_data\.tenant: UPDATE of the decision path does not match the allow list/ — psql:migrations/0067_verify_schema_invariants_v14.sql:454: ERROR: schema invariant violations: audit.audit_event: INSERT of the decision path does not match the allow list (Р-96) audit.audit_event.tenant_id: INSERT of the decision path is not in the allow list (Р-96) audit.audit_event.occurred_at: INSERT of the decision path is not in the allow list (Р-96) audit.audit_event.actor_type: INSERT of t
   ✗ fails (neighbour) verify 0067_verify_schema_invariants_v14.sql /tenant_data\.min_price: INSERT of the decision path does not match the allow list/ — psql:migrations/0067_verify_schema_invariants_v14.sql:454: ERROR: schema invariant violations: audit.audit_event: INSERT of the decision path does not match the allow list (Р-96) audit.audit_event.tenant_id: INSERT of the decision path is not in the allow list (Р-96) audit.audit_event.occurred_at: INSERT of the decision path is not in the allow list (Р-96) audit.audit_event.actor_type: INSERT of t
   ✗ fails (neighbour) verify 0067_verify_schema_invariants_v14.sql /tenant_data\.cost_profile: INSERT of the decision path does not match the allow list/ — psql:migrations/0067_verify_schema_invariants_v14.sql:454: ERROR: schema invariant violations: audit.audit_event: INSERT of the decision path does not match the allow list (Р-96) audit.audit_event.tenant_id: INSERT of the decision path is not in the allow list (Р-96) audit.audit_event.occurred_at: INSERT of the decision path is not in the allow list (Р-96) audit.audit_event.actor_type: INSERT of t
   ✗ fails (neighbour) verify 0067_verify_schema_invariants_v14.sql /channel_data\.pricing_halt: UPDATE of the decision path does not match the allow list/ — psql:migrations/0067_verify_schema_invariants_v14.sql:454: ERROR: schema invariant violations: audit.audit_event: INSERT of the decision path does not match the allow list (Р-96) audit.audit_event.tenant_id: INSERT of the decision path is not in the allow list (Р-96) audit.audit_event.occurred_at: INSERT of the decision path is not in the allow list (Р-96) audit.audit_event.actor_type: INSERT of t
   ✗ fails (neighbour) verify 0067_verify_schema_invariants_v14.sql /channel_data\.pricing_halt_review: INSERT of the decision path does not match the allow list/ — psql:migrations/0067_verify_schema_invariants_v14.sql:454: ERROR: schema invariant violations: audit.audit_event: INSERT of the decision path does not match the allow list (Р-96) audit.audit_event.tenant_id: INSERT of the decision path is not in the allow list (Р-96) audit.audit_event.occurred_at: INSERT of the decision path is not in the allow list (Р-96) audit.audit_event.actor_type: INSERT of t
   ✗ fails (own) verify 0067_verify_schema_invariants_v14.sql /audit\.audit_event: INSERT of the decision path does not match the allow list/ — psql:migrations/0067_verify_schema_invariants_v14.sql:454: ERROR: schema invariant violations: audit.audit_event: INSERT of the decision path does not match the allow list (Р-96) audit.audit_event.tenant_id: INSERT of the decision path is not in the allow list (Р-96) audit.audit_event.occurred_at: INSERT of the decision path is not in the allow list (Р-96) audit.audit_event.actor_type: INSERT of t
   ✗ fails (neighbour) verify 0067_verify_schema_invariants_v14.sql /security\.invite_member.*SECURITY DEFINER function executable by the decision path/ — psql:migrations/0067_verify_schema_invariants_v14.sql:454: ERROR: schema invariant violations: audit.audit_event: INSERT of the decision path does not match the allow list (Р-96) audit.audit_event.tenant_id: INSERT of the decision path is not in the allow list (Р-96) audit.audit_event.occurred_at: INSERT of the decision path is not in the allow list (Р-96) audit.audit_event.actor_type: INSERT of t
   ✓ green smoke «path creates an eBay migration consent (Р-96, Р-2)»
   ✓ green smoke «path opts the tenant into Kaufland Smart Pricing (Р-96, Р-12, Р-41)»
   ✓ green smoke «path lowers min_price (Р-96, Р-5)»
   ✓ green smoke «path changes the unit cost (Р-96, Р-83)»
   ✓ green smoke «path schedules the review of a halt (finding 2 ревью шага 16)»
   ✓ green smoke «path writes an automatic halt review (finding 2 ревью шага 16)»
   ✗ fails (own) smoke «path forges an audit event (finding 5, Р-90)» — CHECK FAILED: path forges an audit event (finding 5, Р-90)
   ✓ green smoke «path invites a member (Р-90)»
   ✓ green store.pg.test.ts «Р-54: a concurrent bound change serialises» /decision commit must wait for the bound change/
CAUGHT   row Р-96: GRANT EXECUTE ON FUNCTION security.invite_member(uuid, text, text, bytea, interval) TO repracer_app (4 s)
   ✗ fails (neighbour) verify 0067_verify_schema_invariants_v14.sql /tenant_data\.migration_consent: INSERT of the decision path does not match the allow list/ — psql:migrations/0067_verify_schema_invariants_v14.sql:454: ERROR: schema invariant violations: security.invite_member(uuid,text,text,bytea,interval): SECURITY DEFINER function executable by the decision path is not in the allow list (Р-96) КОНТЕКСТ: PL/pgSQL function inline_code_block line 435 at RAISE 
   ✗ fails (neighbour) verify 0067_verify_schema_invariants_v14.sql /tenant_data\.tenant: UPDATE of the decision path does not match the allow list/ — psql:migrations/0067_verify_schema_invariants_v14.sql:454: ERROR: schema invariant violations: security.invite_member(uuid,text,text,bytea,interval): SECURITY DEFINER function executable by the decision path is not in the allow list (Р-96) КОНТЕКСТ: PL/pgSQL function inline_code_block line 435 at RAISE 
   ✗ fails (neighbour) verify 0067_verify_schema_invariants_v14.sql /tenant_data\.min_price: INSERT of the decision path does not match the allow list/ — psql:migrations/0067_verify_schema_invariants_v14.sql:454: ERROR: schema invariant violations: security.invite_member(uuid,text,text,bytea,interval): SECURITY DEFINER function executable by the decision path is not in the allow list (Р-96) КОНТЕКСТ: PL/pgSQL function inline_code_block line 435 at RAISE 
   ✗ fails (neighbour) verify 0067_verify_schema_invariants_v14.sql /tenant_data\.cost_profile: INSERT of the decision path does not match the allow list/ — psql:migrations/0067_verify_schema_invariants_v14.sql:454: ERROR: schema invariant violations: security.invite_member(uuid,text,text,bytea,interval): SECURITY DEFINER function executable by the decision path is not in the allow list (Р-96) КОНТЕКСТ: PL/pgSQL function inline_code_block line 435 at RAISE 
   ✗ fails (neighbour) verify 0067_verify_schema_invariants_v14.sql /channel_data\.pricing_halt: UPDATE of the decision path does not match the allow list/ — psql:migrations/0067_verify_schema_invariants_v14.sql:454: ERROR: schema invariant violations: security.invite_member(uuid,text,text,bytea,interval): SECURITY DEFINER function executable by the decision path is not in the allow list (Р-96) КОНТЕКСТ: PL/pgSQL function inline_code_block line 435 at RAISE 
   ✗ fails (neighbour) verify 0067_verify_schema_invariants_v14.sql /channel_data\.pricing_halt_review: INSERT of the decision path does not match the allow list/ — psql:migrations/0067_verify_schema_invariants_v14.sql:454: ERROR: schema invariant violations: security.invite_member(uuid,text,text,bytea,interval): SECURITY DEFINER function executable by the decision path is not in the allow list (Р-96) КОНТЕКСТ: PL/pgSQL function inline_code_block line 435 at RAISE 
   ✗ fails (neighbour) verify 0067_verify_schema_invariants_v14.sql /audit\.audit_event: INSERT of the decision path does not match the allow list/ — psql:migrations/0067_verify_schema_invariants_v14.sql:454: ERROR: schema invariant violations: security.invite_member(uuid,text,text,bytea,interval): SECURITY DEFINER function executable by the decision path is not in the allow list (Р-96) КОНТЕКСТ: PL/pgSQL function inline_code_block line 435 at RAISE 
   ✗ fails (own) verify 0067_verify_schema_invariants_v14.sql /security\.invite_member.*SECURITY DEFINER function executable by the decision path/ — psql:migrations/0067_verify_schema_invariants_v14.sql:454: ERROR: schema invariant violations: security.invite_member(uuid,text,text,bytea,interval): SECURITY DEFINER function executable by the decision path is not in the allow list (Р-96) КОНТЕКСТ: PL/pgSQL function inline_code_block line 435 at RAISE 
   ✓ green smoke «path creates an eBay migration consent (Р-96, Р-2)»
   ✓ green smoke «path opts the tenant into Kaufland Smart Pricing (Р-96, Р-12, Р-41)»
   ✓ green smoke «path lowers min_price (Р-96, Р-5)»
   ✓ green smoke «path changes the unit cost (Р-96, Р-83)»
   ✓ green smoke «path schedules the review of a halt (finding 2 ревью шага 16)»
   ✓ green smoke «path writes an automatic halt review (finding 2 ревью шага 16)»
   ✓ green smoke «path forges an audit event (finding 5, Р-90)»
   ✓ green smoke «path invites a member (Р-90)»
   ✓ green store.pg.test.ts «Р-54: a concurrent bound change serialises» /decision commit must wait for the bound change/
NEIGHBOUR row находка 2: channel_data.review_halt_by_sample(uuid,uuid,timestamptz): «IF failed > 0 THEN…» → «IF false THEN…» (1 s)
   ✗ fails (own, other reason) audit-guards.pg.test.ts «finding 3» /!== 'SAMPLE_FAILED'/ — finding 3, step 16 finding 2: an automatic release is computed by the database from the recorded sample — the decision path writes neither the review nor the release [ --- duration_ms: 30.562917 type: 'test' location: '<repo>/packages/pricing-store-pg/test/audit-guards.pg.test.ts:79:1' failureTyp
   ✗ fails (neighbour) audit-guards.pg.test.ts «finding 3» /!== 'NO_SAMPLE'/ — finding 3, step 16 finding 2: an automatic release is computed by the database from the recorded sample — the decision path writes neither the review nor the release [ --- duration_ms: 30.562917 type: 'test' location: '<repo>/packages/pricing-store-pg/test/audit-guards.pg.test.ts:79:1' failureTyp
   ✗ fails (neighbour) audit-guards.pg.test.ts «finding 3» /!== 'NOT_DUE'/ — finding 3, step 16 finding 2: an automatic release is computed by the database from the recorded sample — the decision path writes neither the review nor the release [ --- duration_ms: 30.562917 type: 'test' location: '<repo>/packages/pricing-store-pg/test/audit-guards.pg.test.ts:79:1' failureTyp
   ✗ fails (neighbour) audit-guards.pg.test.ts «finding 3» /observed after the review moment/ — finding 3, step 16 finding 2: an automatic release is computed by the database from the recorded sample — the decision path writes neither the review nor the release [ --- duration_ms: 30.562917 type: 'test' location: '<repo>/packages/pricing-store-pg/test/audit-guards.pg.test.ts:79:1' failureTyp
   ✗ fails (neighbour) audit-guards.pg.test.ts «finding 3» /outside the tenant context/ — finding 3, step 16 finding 2: an automatic release is computed by the database from the recorded sample — the decision path writes neither the review nor the release [ --- duration_ms: 30.562917 type: 'test' location: '<repo>/packages/pricing-store-pg/test/audit-guards.pg.test.ts:79:1' failureTyp
NEIGHBOUR row Р-96: CREATE OR REPLACE FUNCTION tenant_data.lock_decision_products(p_tenant_id uuid, p_write_scope_ids uuid[]) RETU (4 s)
   ✓ green verify 0067_verify_schema_invariants_v14.sql /tenant_data\.migration_consent: INSERT of the decision path does not match the allow list/
   ✓ green verify 0067_verify_schema_invariants_v14.sql /tenant_data\.tenant: UPDATE of the decision path does not match the allow list/
   ✓ green verify 0067_verify_schema_invariants_v14.sql /tenant_data\.min_price: INSERT of the decision path does not match the allow list/
   ✓ green verify 0067_verify_schema_invariants_v14.sql /tenant_data\.cost_profile: INSERT of the decision path does not match the allow list/
   ✓ green verify 0067_verify_schema_invariants_v14.sql /channel_data\.pricing_halt: UPDATE of the decision path does not match the allow list/
   ✓ green verify 0067_verify_schema_invariants_v14.sql /channel_data\.pricing_halt_review: INSERT of the decision path does not match the allow list/
   ✓ green verify 0067_verify_schema_invariants_v14.sql /audit\.audit_event: INSERT of the decision path does not match the allow list/
   ✓ green verify 0067_verify_schema_invariants_v14.sql /security\.invite_member.*SECURITY DEFINER function executable by the decision path/
   ✓ green smoke «path creates an eBay migration consent (Р-96, Р-2)»
   ✓ green smoke «path opts the tenant into Kaufland Smart Pricing (Р-96, Р-12, Р-41)»
   ✓ green smoke «path lowers min_price (Р-96, Р-5)»
   ✓ green smoke «path changes the unit cost (Р-96, Р-83)»
   ✓ green smoke «path schedules the review of a halt (finding 2 ревью шага 16)»
   ✓ green smoke «path writes an automatic halt review (finding 2 ревью шага 16)»
   ✓ green smoke «path forges an audit event (finding 5, Р-90)»
   ✓ green smoke «path invites a member (Р-90)»
   ✗ fails (own, other reason) store.pg.test.ts «Р-54: a concurrent bound change serialises» /decision commit must wait for the bound change/ — Р-54: a concurrent bound change serialises with the decision commit and forces a recompute [ --- duration_ms: 17.659417 type: 'test' location: '<repo>/packages/pricing-store-pg/test/store.pg.test.ts:103:1' failureType: 'unhandledRejection' error: 'new row for relation "price_decision_d20260916" v
NEIGHBOUR row находка 2: channel_data.review_halt_by_sample(uuid,uuid,timestamptz): «IF accepted < required THEN…» → «IF false THEN…» (2 s)
   ✗ fails (neighbour) audit-guards.pg.test.ts «finding 3» /!== 'SAMPLE_FAILED'/ — finding 3, step 16 finding 2: an automatic release is computed by the database from the recorded sample — the decision path writes neither the review nor the release [ --- duration_ms: 27.964167 type: 'test' location: '<repo>/packages/pricing-store-pg/test/audit-guards.pg.test.ts:79:1' failureTyp
   ✗ fails (own, other reason) audit-guards.pg.test.ts «finding 3» /!== 'NO_SAMPLE'/ — finding 3, step 16 finding 2: an automatic release is computed by the database from the recorded sample — the decision path writes neither the review nor the release [ --- duration_ms: 27.964167 type: 'test' location: '<repo>/packages/pricing-store-pg/test/audit-guards.pg.test.ts:79:1' failureTyp
   ✗ fails (neighbour) audit-guards.pg.test.ts «finding 3» /!== 'NOT_DUE'/ — finding 3, step 16 finding 2: an automatic release is computed by the database from the recorded sample — the decision path writes neither the review nor the release [ --- duration_ms: 27.964167 type: 'test' location: '<repo>/packages/pricing-store-pg/test/audit-guards.pg.test.ts:79:1' failureTyp
   ✗ fails (neighbour) audit-guards.pg.test.ts «finding 3» /observed after the review moment/ — finding 3, step 16 finding 2: an automatic release is computed by the database from the recorded sample — the decision path writes neither the review nor the release [ --- duration_ms: 27.964167 type: 'test' location: '<repo>/packages/pricing-store-pg/test/audit-guards.pg.test.ts:79:1' failureTyp
   ✗ fails (neighbour) audit-guards.pg.test.ts «finding 3» /outside the tenant context/ — finding 3, step 16 finding 2: an automatic release is computed by the database from the recorded sample — the decision path writes neither the review nor the release [ --- duration_ms: 27.964167 type: 'test' location: '<repo>/packages/pricing-store-pg/test/audit-guards.pg.test.ts:79:1' failureTyp
NEIGHBOUR row находка 2: channel_data.review_halt_by_sample(uuid,uuid,timestamptz): «IF v_at < h.next_review_at THEN…» → «IF false THEN…» (3 s)
   ✗ fails (neighbour) audit-guards.pg.test.ts «finding 3» /!== 'SAMPLE_FAILED'/ — finding 3, step 16 finding 2: an automatic release is computed by the database from the recorded sample — the decision path writes neither the review nor the release [ --- duration_ms: 28.163209 type: 'test' location: '<repo>/packages/pricing-store-pg/test/audit-guards.pg.test.ts:79:1' failureTyp
   ✗ fails (neighbour) audit-guards.pg.test.ts «finding 3» /!== 'NO_SAMPLE'/ — finding 3, step 16 finding 2: an automatic release is computed by the database from the recorded sample — the decision path writes neither the review nor the release [ --- duration_ms: 28.163209 type: 'test' location: '<repo>/packages/pricing-store-pg/test/audit-guards.pg.test.ts:79:1' failureTyp
   ✗ fails (own, other reason) audit-guards.pg.test.ts «finding 3» /!== 'NOT_DUE'/ — finding 3, step 16 finding 2: an automatic release is computed by the database from the recorded sample — the decision path writes neither the review nor the release [ --- duration_ms: 28.163209 type: 'test' location: '<repo>/packages/pricing-store-pg/test/audit-guards.pg.test.ts:79:1' failureTyp
   ✗ fails (neighbour) audit-guards.pg.test.ts «finding 3» /observed after the review moment/ — finding 3, step 16 finding 2: an automatic release is computed by the database from the recorded sample — the decision path writes neither the review nor the release [ --- duration_ms: 28.163209 type: 'test' location: '<repo>/packages/pricing-store-pg/test/audit-guards.pg.test.ts:79:1' failureTyp
   ✗ fails (neighbour) audit-guards.pg.test.ts «finding 3» /outside the tenant context/ — finding 3, step 16 finding 2: an automatic release is computed by the database from the recorded sample — the decision path writes neither the review nor the release [ --- duration_ms: 28.163209 type: 'test' location: '<repo>/packages/pricing-store-pg/test/audit-guards.pg.test.ts:79:1' failureTyp
NEIGHBOUR row находка 2: channel_data.review_halt_by_sample(uuid,uuid,timestamptz): «v_at      timestamptz := least(p_at, now());…» → «v_at      timestamptz := p_at;…» (3 s)
   ✗ fails (neighbour) audit-guards.pg.test.ts «finding 3» /!== 'SAMPLE_FAILED'/ — finding 3, step 16 finding 2: an automatic release is computed by the database from the recorded sample — the decision path writes neither the review nor the release [ --- duration_ms: 23.334292 type: 'test' location: '<repo>/packages/pricing-store-pg/test/audit-guards.pg.test.ts:79:1' failureTyp
   ✗ fails (neighbour) audit-guards.pg.test.ts «finding 3» /!== 'NO_SAMPLE'/ — finding 3, step 16 finding 2: an automatic release is computed by the database from the recorded sample — the decision path writes neither the review nor the release [ --- duration_ms: 23.334292 type: 'test' location: '<repo>/packages/pricing-store-pg/test/audit-guards.pg.test.ts:79:1' failureTyp
   ✗ fails (own, other reason) audit-guards.pg.test.ts «finding 3» /!== 'NOT_DUE'/ — finding 3, step 16 finding 2: an automatic release is computed by the database from the recorded sample — the decision path writes neither the review nor the release [ --- duration_ms: 23.334292 type: 'test' location: '<repo>/packages/pricing-store-pg/test/audit-guards.pg.test.ts:79:1' failureTyp
   ✗ fails (neighbour) audit-guards.pg.test.ts «finding 3» /observed after the review moment/ — finding 3, step 16 finding 2: an automatic release is computed by the database from the recorded sample — the decision path writes neither the review nor the release [ --- duration_ms: 23.334292 type: 'test' location: '<repo>/packages/pricing-store-pg/test/audit-guards.pg.test.ts:79:1' failureTyp
   ✗ fails (neighbour) audit-guards.pg.test.ts «finding 3» /outside the tenant context/ — finding 3, step 16 finding 2: an automatic release is computed by the database from the recorded sample — the decision path writes neither the review nor the release [ --- duration_ms: 23.334292 type: 'test' location: '<repo>/packages/pricing-store-pg/test/audit-guards.pg.test.ts:79:1' failureTyp
NEIGHBOUR row находка 2: channel_data.review_halt_by_sample(uuid,uuid,timestamptz): «AND om.channel_product_ref = sm.channel_product_re…» → «))…» (2 s)
   ✗ fails (neighbour) audit-guards.pg.test.ts «finding 3» /!== 'SAMPLE_FAILED'/ — finding 3, step 16 finding 2: an automatic release is computed by the database from the recorded sample — the decision path writes neither the review nor the release [ --- duration_ms: 20.708541 type: 'test' location: '<repo>/packages/pricing-store-pg/test/audit-guards.pg.test.ts:79:1' failureTyp
   ✗ fails (own, other reason) audit-guards.pg.test.ts «finding 3» /!== 'NO_SAMPLE'/ — finding 3, step 16 finding 2: an automatic release is computed by the database from the recorded sample — the decision path writes neither the review nor the release [ --- duration_ms: 20.708541 type: 'test' location: '<repo>/packages/pricing-store-pg/test/audit-guards.pg.test.ts:79:1' failureTyp
   ✗ fails (neighbour) audit-guards.pg.test.ts «finding 3» /!== 'NOT_DUE'/ — finding 3, step 16 finding 2: an automatic release is computed by the database from the recorded sample — the decision path writes neither the review nor the release [ --- duration_ms: 20.708541 type: 'test' location: '<repo>/packages/pricing-store-pg/test/audit-guards.pg.test.ts:79:1' failureTyp
   ✗ fails (neighbour) audit-guards.pg.test.ts «finding 3» /observed after the review moment/ — finding 3, step 16 finding 2: an automatic release is computed by the database from the recorded sample — the decision path writes neither the review nor the release [ --- duration_ms: 20.708541 type: 'test' location: '<repo>/packages/pricing-store-pg/test/audit-guards.pg.test.ts:79:1' failureTyp
   ✗ fails (neighbour) audit-guards.pg.test.ts «finding 3» /outside the tenant context/ — finding 3, step 16 finding 2: an automatic release is computed by the database from the recorded sample — the decision path writes neither the review nor the release [ --- duration_ms: 20.708541 type: 'test' location: '<repo>/packages/pricing-store-pg/test/audit-guards.pg.test.ts:79:1' failureTyp
UNCAUGHT row находка 2: channel_data.review_halt_by_sample(uuid,uuid,timestamptz): «AND sm.observed_at <= v_at;…» → «;…» (3 s)
   ✓ green audit-guards.pg.test.ts «finding 3» /!== 'SAMPLE_FAILED'/
   ✓ green audit-guards.pg.test.ts «finding 3» /!== 'NO_SAMPLE'/
   ✓ green audit-guards.pg.test.ts «finding 3» /!== 'NOT_DUE'/
   ✓ green audit-guards.pg.test.ts «finding 3» /observed after the review moment/
   ✓ green audit-guards.pg.test.ts «finding 3» /outside the tenant context/
UNCAUGHT row находка 2: channel_data.review_halt_by_sample(uuid,uuid,timestamptz): «IF p_tenant_id IS DISTINCT FROM security.current_t…» → «IF false THEN…» (3 s)
   ✓ green audit-guards.pg.test.ts «finding 3» /!== 'SAMPLE_FAILED'/
   ✓ green audit-guards.pg.test.ts «finding 3» /!== 'NO_SAMPLE'/
   ✓ green audit-guards.pg.test.ts «finding 3» /!== 'NOT_DUE'/
   ✓ green audit-guards.pg.test.ts «finding 3» /observed after the review moment/
   ✓ green audit-guards.pg.test.ts «finding 3» /outside the tenant context/
CAUGHT   row находка 4: ALTER TABLE tenant_data.min_price DISABLE TRIGGER zz_append_only (4 s)
   ✗ fails (neighbour) verify 0067_verify_schema_invariants_v14.sql /forbid_mutation does not refuse an UPDATE/ — psql:migrations/0067_verify_schema_invariants_v14.sql:454: ERROR: schema invariant violations: tenant_data.min_price: no enabled BEFORE UPDATE OR DELETE row trigger executing security.forbid_mutation КОНТЕКСТ: PL/pgSQL function inline_code_block line 435 at RAISE 
   ✗ fails (own) smoke «append-only tenant_data.min_price» — CHECK FAILED: append-only tenant_data.min_price
   ✓ green smoke «append-only channel_data.price_decision»
   ✓ green smoke «append-only channel_data.price_intent»
   ✓ green smoke «append-only tenant_data.pricing_strategy»
CAUGHT   row находка 4: ALTER TABLE channel_data.price_decision DISABLE TRIGGER zz_append_only (3 s)
   ✗ fails (neighbour) verify 0067_verify_schema_invariants_v14.sql /forbid_mutation does not refuse an UPDATE/ — psql:migrations/0067_verify_schema_invariants_v14.sql:454: ERROR: schema invariant violations: channel_data.price_decision: no enabled BEFORE UPDATE OR DELETE row trigger executing security.forbid_mutation КОНТЕКСТ: PL/pgSQL function inline_code_block line 435 at RAISE 
   ✓ green smoke «append-only tenant_data.min_price»
   ✗ fails (own) smoke «append-only channel_data.price_decision» — CHECK FAILED: append-only channel_data.price_decision
   ✓ green smoke «append-only channel_data.price_intent»
   ✓ green smoke «append-only tenant_data.pricing_strategy»
CAUGHT   row находка 4: ALTER TABLE channel_data.price_intent DISABLE TRIGGER zz_append_only (3 s)
   ✗ fails (neighbour) verify 0067_verify_schema_invariants_v14.sql /forbid_mutation does not refuse an UPDATE/ — psql:migrations/0067_verify_schema_invariants_v14.sql:454: ERROR: schema invariant violations: channel_data.price_intent: no enabled BEFORE UPDATE OR DELETE row trigger executing security.forbid_mutation КОНТЕКСТ: PL/pgSQL function inline_code_block line 435 at RAISE 
   ✓ green smoke «append-only tenant_data.min_price»
   ✓ green smoke «append-only channel_data.price_decision»
   ✗ fails (own) smoke «append-only channel_data.price_intent» — CHECK FAILED: append-only channel_data.price_intent
   ✓ green smoke «append-only tenant_data.pricing_strategy»
CAUGHT   row находка 4: ALTER TABLE tenant_data.pricing_strategy DISABLE TRIGGER zz_append_only (3 s)
   ✗ fails (neighbour) verify 0067_verify_schema_invariants_v14.sql /forbid_mutation does not refuse an UPDATE/ — psql:migrations/0067_verify_schema_invariants_v14.sql:454: ERROR: schema invariant violations: tenant_data.pricing_strategy: no enabled BEFORE UPDATE OR DELETE row trigger executing security.forbid_mutation КОНТЕКСТ: PL/pgSQL function inline_code_block line 435 at RAISE 
   ✓ green smoke «append-only tenant_data.min_price»
   ✓ green smoke «append-only channel_data.price_decision»
   ✓ green smoke «append-only channel_data.price_intent»
   ✗ fails (own) smoke «append-only tenant_data.pricing_strategy» — CHECK FAILED: append-only tenant_data.pricing_strategy
CAUGHT   row находка 4: CREATE OR REPLACE FUNCTION security.forbid_mutation() RETURNS trigger LANGUAGE plpgsql AS $$ BEGIN RETURN coal (3 s)
   ✗ fails (own) verify 0067_verify_schema_invariants_v14.sql /forbid_mutation does not refuse an UPDATE/ — psql:migrations/0067_verify_schema_invariants_v14.sql:454: ERROR: schema invariant violations: behaviour check (Р-83, findings 4 and 15, Р-91): security.forbid_mutation does not refuse an UPDATE (finding 4) КОНТЕКСТ: PL/pgSQL function inline_code_block line 435 at RAISE 
   ✗ fails (own) smoke «append-only tenant_data.min_price» — CHECK FAILED: append-only tenant_data.min_price
   ✗ fails (neighbour) smoke «append-only channel_data.price_decision» — CHECK FAILED: append-only channel_data.price_decision
   ✗ fails (neighbour) smoke «append-only channel_data.price_intent» — CHECK FAILED: append-only channel_data.price_intent
   ✗ fails (neighbour) smoke «append-only tenant_data.pricing_strategy» — CHECK FAILED: append-only tenant_data.pricing_strategy
CAUGHT   row Р-97: DROP TRIGGER a0_admin_write_person ON tenant_data.product (3 s)
   ✗ fails (own) verify 0067_verify_schema_invariants_v14.sql /tenant_data\.product: administrative INSERT without the person guard/ — psql:migrations/0067_verify_schema_invariants_v14.sql:454: ERROR: schema invariant violations: tenant_data.product: administrative INSERT without the person guard (Р-97) tenant_data.product: administrative UPDATE without the person guard (Р-97) КОНТЕКСТ: PL/pgSQL function inline_code_block line 435 at RAISE 
   ✗ fails (neighbour) verify 0067_verify_schema_invariants_v14.sql /tenant_data\.product: administrative INSERT is not written to the audit log/ — psql:migrations/0067_verify_schema_invariants_v14.sql:454: ERROR: schema invariant violations: tenant_data.product: administrative INSERT without the person guard (Р-97) tenant_data.product: administrative UPDATE without the person guard (Р-97) КОНТЕКСТ: PL/pgSQL function inline_code_block line 435 at RAISE 
   ✗ fails (own) smoke «administrative change without a person (Р-97)» — CHECK FAILED: administrative change without a person (Р-97)
   ✓ green smoke «an administrative change is not in the audit log (Р-97)»
   ✓ green smoke «the administrative service records an automatic review without a person (Р-97)»
   ✗ fails (neighbour) smoke «administrative change by a user outside the tenant (Р-97)» — CHECK FAILED: administrative change by a user outside the tenant (Р-97)
CAUGHT   row Р-97: DROP TRIGGER zz_admin_write_audit ON tenant_data.product (2 s)
   ✗ fails (neighbour) verify 0067_verify_schema_invariants_v14.sql /tenant_data\.product: administrative INSERT without the person guard/ — psql:migrations/0067_verify_schema_invariants_v14.sql:454: ERROR: schema invariant violations: tenant_data.product: administrative INSERT is not written to the audit log (Р-97) tenant_data.product: administrative UPDATE is not written to the audit log (Р-97) КОНТЕКСТ: PL/pgSQL function inline_code_block line 435 at RAISE 
   ✗ fails (own) verify 0067_verify_schema_invariants_v14.sql /tenant_data\.product: administrative INSERT is not written to the audit log/ — psql:migrations/0067_verify_schema_invariants_v14.sql:454: ERROR: schema invariant violations: tenant_data.product: administrative INSERT is not written to the audit log (Р-97) tenant_data.product: administrative UPDATE is not written to the audit log (Р-97) КОНТЕКСТ: PL/pgSQL function inline_code_block line 435 at RAISE 
   ✓ green smoke «administrative change without a person (Р-97)»
   ✗ fails (own) smoke «an administrative change is not in the audit log (Р-97)» — ERROR:  an administrative change is not in the audit log (Р-97)
   ✓ green smoke «the administrative service records an automatic review without a person (Р-97)»
   ✓ green smoke «administrative change by a user outside the tenant (Р-97)»
CAUGHT   row Р-97: DROP TRIGGER a0_admin_write_person ON channel_data.pricing_halt_review (3 s)
   ✗ fails (neighbour) verify 0067_verify_schema_invariants_v14.sql /tenant_data\.product: administrative INSERT without the person guard/ — psql:migrations/0067_verify_schema_invariants_v14.sql:454: ERROR: schema invariant violations: channel_data.pricing_halt_review: administrative INSERT without the person guard (Р-97) КОНТЕКСТ: PL/pgSQL function inline_code_block line 435 at RAISE 
   ✗ fails (neighbour) verify 0067_verify_schema_invariants_v14.sql /tenant_data\.product: administrative INSERT is not written to the audit log/ — psql:migrations/0067_verify_schema_invariants_v14.sql:454: ERROR: schema invariant violations: channel_data.pricing_halt_review: administrative INSERT without the person guard (Р-97) КОНТЕКСТ: PL/pgSQL function inline_code_block line 435 at RAISE 
   ✓ green smoke «administrative change without a person (Р-97)»
   ✓ green smoke «an administrative change is not in the audit log (Р-97)»
   ✗ fails (own) smoke «the administrative service records an automatic review without a person (Р-97)» — CHECK FAILED: the administrative service records an automatic review without a person (Р-97)
   ✓ green smoke «administrative change by a user outside the tenant (Р-97)»
CAUGHT   row Р-97: security.require_person_for_admin_write(): «IF row_tenant IS DISTINCT FROM security.platform_t…» → «IF false AND NOT EXISTS (…» (3 s)
   ✓ green verify 0067_verify_schema_invariants_v14.sql /tenant_data\.product: administrative INSERT without the person guard/
   ✓ green verify 0067_verify_schema_invariants_v14.sql /tenant_data\.product: administrative INSERT is not written to the audit log/
   ✓ green smoke «administrative change without a person (Р-97)»
   ✓ green smoke «an administrative change is not in the audit log (Р-97)»
   ✓ green smoke «the administrative service records an automatic review without a person (Р-97)»
   ✗ fails (own) smoke «administrative change by a user outside the tenant (Р-97)» — CHECK FAILED: administrative change by a user outside the tenant (Р-97)
CAUGHT   row Р-97: security.audit_admin_write(): «IF NOT security.admin_session() THEN…» → «IF true THEN…» (2 s)
   ✓ green verify 0067_verify_schema_invariants_v14.sql /tenant_data\.product: administrative INSERT without the person guard/
   ✓ green verify 0067_verify_schema_invariants_v14.sql /tenant_data\.product: administrative INSERT is not written to the audit log/
   ✓ green smoke «administrative change without a person (Р-97)»
   ✗ fails (own) smoke «an administrative change is not in the audit log (Р-97)» — ERROR:  an administrative change is not in the audit log (Р-97)
   ✓ green smoke «the administrative service records an automatic review without a person (Р-97)»
   ✓ green smoke «administrative change by a user outside the tenant (Р-97)»
CAUGHT   row Р-97: security.admin_session(): «pg_has_role(session_user, 'repracer_admin', 'MEMBE…» → «false…» (2 s)
   ✓ green verify 0067_verify_schema_invariants_v14.sql /tenant_data\.product: administrative INSERT without the person guard/
   ✓ green verify 0067_verify_schema_invariants_v14.sql /tenant_data\.product: administrative INSERT is not written to the audit log/
   ✗ fails (own) smoke «administrative change without a person (Р-97)» — CHECK FAILED: administrative change without a person (Р-97)
   ✗ fails (neighbour) smoke «an administrative change is not in the audit log (Р-97)» — ERROR:  an administrative change is not in the audit log (Р-97)
   ✗ fails (neighbour) smoke «the administrative service records an automatic review without a person (Р-97)» — CHECK FAILED: the administrative service records an automatic review without a person (Р-97)
   ✗ fails (neighbour) smoke «administrative change by a user outside the tenant (Р-97)» — CHECK FAILED: administrative change by a user outside the tenant (Р-97)
CAUGHT   row находка 5: security.provision_tenant(uuid,text,text,jsonb): «IF m ->> 'role' IS DISTINCT FROM 'OWNER' THEN…» → «IF false THEN…» (2 s)
   ✗ fails (own) smoke «existing user attached as a member without an invitation (step 16 finding 5)» — CHECK FAILED: existing user attached as a member without an invitation (step 16 finding 5)
   ✓ green smoke «existing user provisioned as owner under another email (step 16 finding 5)»
   ✓ green smoke «existing user who never signed in provisioned as owner (step 16 finding 5)»
CAUGHT   row находка 5: security.provision_tenant(uuid,text,text,jsonb): «IF lower(trim(m ->> 'email')) IS DISTINCT FROM exi…» → «IF false THEN…» (2 s)
   ✓ green smoke «existing user attached as a member without an invitation (step 16 finding 5)»
   ✗ fails (own) smoke «existing user provisioned as owner under another email (step 16 finding 5)» — CHECK FAILED: existing user provisioned as owner under another email (step 16 finding 5)
   ✓ green smoke «existing user who never signed in provisioned as owner (step 16 finding 5)»
CAUGHT   row находка 5: security.provision_tenant(uuid,text,text,jsonb): «IF NOT EXISTS (SELECT 1 FROM platform.external_ide…» → «IF false AND NOT EXISTS (SELEC…» (3 s)
   ✓ green smoke «existing user attached as a member without an invitation (step 16 finding 5)»
   ✓ green smoke «existing user provisioned as owner under another email (step 16 finding 5)»
   ✗ fails (own) smoke «existing user who never signed in provisioned as owner (step 16 finding 5)» — CHECK FAILED: existing user who never signed in provisioned as owner (step 16 finding 5)
CAUGHT   row Р-98: security.accept_identity_invitation(bytea,text,text,text,boolean): «IF NOT inv.relink THEN…» → «IF false THEN…» (2 s)
   ✗ fails (own) identity.pg.test.ts «Р-98» /a relink needs a relink invitation|an ordinary invitation does not relink/ — Р-98: a sign-in is relinked only by a new invitation of the tenant owner with a second factor; the old sign-in resolves nobody and both steps are audited [ --- duration_ms: 16.728542 type: 'test' location: '<repo>/packages/identity/test/identity.pg.test.ts:138:1' failureType: 'testCodeFailure' er
   ✗ fails (neighbour) identity.pg.test.ts «Р-98» /was unlinked|the revoked sign-in accepts nothing/ — Р-98: a sign-in is relinked only by a new invitation of the tenant owner with a second factor; the old sign-in resolves nobody and both steps are audited [ --- duration_ms: 16.728542 type: 'test' location: '<repo>/packages/identity/test/identity.pg.test.ts:138:1' failureType: 'testCodeFailure' er
   ✗ fails (neighbour) identity.pg.test.ts «Р-98» /a relink invitation without a second factor/ — Р-98: a sign-in is relinked only by a new invitation of the tenant owner with a second factor; the old sign-in resolves nobody and both steps are audited [ --- duration_ms: 16.728542 type: 'test' location: '<repo>/packages/identity/test/identity.pg.test.ts:138:1' failureType: 'testCodeFailure' er
   ✗ fails (neighbour) identity.pg.test.ts «Р-98» /only an active owner relinks/ — Р-98: a sign-in is relinked only by a new invitation of the tenant owner with a second factor; the old sign-in resolves nobody and both steps are audited [ --- duration_ms: 16.728542 type: 'test' location: '<repo>/packages/identity/test/identity.pg.test.ts:138:1' failureType: 'testCodeFailure' er
   ✗ fails (neighbour) identity.pg.test.ts «Р-98» /is not an active member/ — Р-98: a sign-in is relinked only by a new invitation of the tenant owner with a second factor; the old sign-in resolves nobody and both steps are audited [ --- duration_ms: 16.728542 type: 'test' location: '<repo>/packages/identity/test/identity.pg.test.ts:138:1' failureType: 'testCodeFailure' er
   ✗ fails (neighbour) identity.pg.test.ts «Р-98» /already has an active sign-in/ — Р-98: a sign-in is relinked only by a new invitation of the tenant owner with a second factor; the old sign-in resolves nobody and both steps are audited [ --- duration_ms: 16.728542 type: 'test' location: '<repo>/packages/identity/test/identity.pg.test.ts:138:1' failureType: 'testCodeFailure' er
   ✗ fails (neighbour) identity.pg.test.ts «Р-98» /the revoked sign-in resolves nobody/ — Р-98: a sign-in is relinked only by a new invitation of the tenant owner with a second factor; the old sign-in resolves nobody and both steps are audited [ --- duration_ms: 16.728542 type: 'test' location: '<repo>/packages/identity/test/identity.pg.test.ts:138:1' failureType: 'testCodeFailure' er
   ✗ fails (neighbour) identity.pg.test.ts «Р-98» /the invitation and the relink are audited/ — Р-98: a sign-in is relinked only by a new invitation of the tenant owner with a second factor; the old sign-in resolves nobody and both steps are audited [ --- duration_ms: 16.728542 type: 'test' location: '<repo>/packages/identity/test/identity.pg.test.ts:138:1' failureType: 'testCodeFailure' er
CAUGHT   row Р-98: security.accept_identity_invitation(bytea,text,text,text,boolean): «IF EXISTS (SELECT 1 FROM platform.external_identit…» → «IF false THEN…» (2 s)
   ✗ fails (neighbour) identity.pg.test.ts «Р-98» /a relink needs a relink invitation|an ordinary invitation does not relink/ — Р-98: a sign-in is relinked only by a new invitation of the tenant owner with a second factor; the old sign-in resolves nobody and both steps are audited [ --- duration_ms: 49.5585 type: 'test' location: '<repo>/packages/identity/test/identity.pg.test.ts:138:1' failureType: 'testCodeFailure' erro
   ✗ fails (own) identity.pg.test.ts «Р-98» /was unlinked|the revoked sign-in accepts nothing/ — Р-98: a sign-in is relinked only by a new invitation of the tenant owner with a second factor; the old sign-in resolves nobody and both steps are audited [ --- duration_ms: 49.5585 type: 'test' location: '<repo>/packages/identity/test/identity.pg.test.ts:138:1' failureType: 'testCodeFailure' erro
   ✗ fails (neighbour) identity.pg.test.ts «Р-98» /a relink invitation without a second factor/ — Р-98: a sign-in is relinked only by a new invitation of the tenant owner with a second factor; the old sign-in resolves nobody and both steps are audited [ --- duration_ms: 49.5585 type: 'test' location: '<repo>/packages/identity/test/identity.pg.test.ts:138:1' failureType: 'testCodeFailure' erro
   ✗ fails (neighbour) identity.pg.test.ts «Р-98» /only an active owner relinks/ — Р-98: a sign-in is relinked only by a new invitation of the tenant owner with a second factor; the old sign-in resolves nobody and both steps are audited [ --- duration_ms: 49.5585 type: 'test' location: '<repo>/packages/identity/test/identity.pg.test.ts:138:1' failureType: 'testCodeFailure' erro
   ✗ fails (neighbour) identity.pg.test.ts «Р-98» /is not an active member/ — Р-98: a sign-in is relinked only by a new invitation of the tenant owner with a second factor; the old sign-in resolves nobody and both steps are audited [ --- duration_ms: 49.5585 type: 'test' location: '<repo>/packages/identity/test/identity.pg.test.ts:138:1' failureType: 'testCodeFailure' erro
   ✗ fails (neighbour) identity.pg.test.ts «Р-98» /already has an active sign-in/ — Р-98: a sign-in is relinked only by a new invitation of the tenant owner with a second factor; the old sign-in resolves nobody and both steps are audited [ --- duration_ms: 49.5585 type: 'test' location: '<repo>/packages/identity/test/identity.pg.test.ts:138:1' failureType: 'testCodeFailure' erro
   ✗ fails (neighbour) identity.pg.test.ts «Р-98» /the revoked sign-in resolves nobody/ — Р-98: a sign-in is relinked only by a new invitation of the tenant owner with a second factor; the old sign-in resolves nobody and both steps are audited [ --- duration_ms: 49.5585 type: 'test' location: '<repo>/packages/identity/test/identity.pg.test.ts:138:1' failureType: 'testCodeFailure' erro
   ✗ fails (neighbour) identity.pg.test.ts «Р-98» /the invitation and the relink are audited/ — Р-98: a sign-in is relinked only by a new invitation of the tenant owner with a second factor; the old sign-in resolves nobody and both steps are audited [ --- duration_ms: 49.5585 type: 'test' location: '<repo>/packages/identity/test/identity.pg.test.ts:138:1' failureType: 'testCodeFailure' erro
CAUGHT   row Р-98: security.invite_relink(uuid,uuid,bytea,interval): «IF NOT security.session_mfa() THEN…» → «IF false THEN…» (3 s)
   ✗ fails (neighbour) identity.pg.test.ts «Р-98» /a relink needs a relink invitation|an ordinary invitation does not relink/ — Р-98: a sign-in is relinked only by a new invitation of the tenant owner with a second factor; the old sign-in resolves nobody and both steps are audited [ --- duration_ms: 14.227583 type: 'test' location: '<repo>/packages/identity/test/identity.pg.test.ts:138:1' failureType: 'testCodeFailure' er
   ✗ fails (neighbour) identity.pg.test.ts «Р-98» /was unlinked|the revoked sign-in accepts nothing/ — Р-98: a sign-in is relinked only by a new invitation of the tenant owner with a second factor; the old sign-in resolves nobody and both steps are audited [ --- duration_ms: 14.227583 type: 'test' location: '<repo>/packages/identity/test/identity.pg.test.ts:138:1' failureType: 'testCodeFailure' er
   ✗ fails (own) identity.pg.test.ts «Р-98» /a relink invitation without a second factor/ — Р-98: a sign-in is relinked only by a new invitation of the tenant owner with a second factor; the old sign-in resolves nobody and both steps are audited [ --- duration_ms: 14.227583 type: 'test' location: '<repo>/packages/identity/test/identity.pg.test.ts:138:1' failureType: 'testCodeFailure' er
   ✗ fails (neighbour) identity.pg.test.ts «Р-98» /only an active owner relinks/ — Р-98: a sign-in is relinked only by a new invitation of the tenant owner with a second factor; the old sign-in resolves nobody and both steps are audited [ --- duration_ms: 14.227583 type: 'test' location: '<repo>/packages/identity/test/identity.pg.test.ts:138:1' failureType: 'testCodeFailure' er
   ✗ fails (neighbour) identity.pg.test.ts «Р-98» /is not an active member/ — Р-98: a sign-in is relinked only by a new invitation of the tenant owner with a second factor; the old sign-in resolves nobody and both steps are audited [ --- duration_ms: 14.227583 type: 'test' location: '<repo>/packages/identity/test/identity.pg.test.ts:138:1' failureType: 'testCodeFailure' er
   ✗ fails (neighbour) identity.pg.test.ts «Р-98» /already has an active sign-in/ — Р-98: a sign-in is relinked only by a new invitation of the tenant owner with a second factor; the old sign-in resolves nobody and both steps are audited [ --- duration_ms: 14.227583 type: 'test' location: '<repo>/packages/identity/test/identity.pg.test.ts:138:1' failureType: 'testCodeFailure' er
   ✗ fails (neighbour) identity.pg.test.ts «Р-98» /the revoked sign-in resolves nobody/ — Р-98: a sign-in is relinked only by a new invitation of the tenant owner with a second factor; the old sign-in resolves nobody and both steps are audited [ --- duration_ms: 14.227583 type: 'test' location: '<repo>/packages/identity/test/identity.pg.test.ts:138:1' failureType: 'testCodeFailure' er
   ✗ fails (neighbour) identity.pg.test.ts «Р-98» /the invitation and the relink are audited/ — Р-98: a sign-in is relinked only by a new invitation of the tenant owner with a second factor; the old sign-in resolves nobody and both steps are audited [ --- duration_ms: 14.227583 type: 'test' location: '<repo>/packages/identity/test/identity.pg.test.ts:138:1' failureType: 'testCodeFailure' er
CAUGHT   row Р-98: security.invite_relink(uuid,uuid,bytea,interval): «AND m.status = 'ACTIVE' AND m.role = 'OWNER') THEN…» → «AND m.status = 'ACTIVE') THEN…» (3 s)
   ✗ fails (neighbour) identity.pg.test.ts «Р-98» /a relink needs a relink invitation|an ordinary invitation does not relink/ — Р-98: a sign-in is relinked only by a new invitation of the tenant owner with a second factor; the old sign-in resolves nobody and both steps are audited [ --- duration_ms: 10.478875 type: 'test' location: '<repo>/packages/identity/test/identity.pg.test.ts:138:1' failureType: 'testCodeFailure' er
   ✗ fails (neighbour) identity.pg.test.ts «Р-98» /was unlinked|the revoked sign-in accepts nothing/ — Р-98: a sign-in is relinked only by a new invitation of the tenant owner with a second factor; the old sign-in resolves nobody and both steps are audited [ --- duration_ms: 10.478875 type: 'test' location: '<repo>/packages/identity/test/identity.pg.test.ts:138:1' failureType: 'testCodeFailure' er
   ✗ fails (neighbour) identity.pg.test.ts «Р-98» /a relink invitation without a second factor/ — Р-98: a sign-in is relinked only by a new invitation of the tenant owner with a second factor; the old sign-in resolves nobody and both steps are audited [ --- duration_ms: 10.478875 type: 'test' location: '<repo>/packages/identity/test/identity.pg.test.ts:138:1' failureType: 'testCodeFailure' er
   ✗ fails (own) identity.pg.test.ts «Р-98» /only an active owner relinks/ — Р-98: a sign-in is relinked only by a new invitation of the tenant owner with a second factor; the old sign-in resolves nobody and both steps are audited [ --- duration_ms: 10.478875 type: 'test' location: '<repo>/packages/identity/test/identity.pg.test.ts:138:1' failureType: 'testCodeFailure' er
   ✗ fails (neighbour) identity.pg.test.ts «Р-98» /is not an active member/ — Р-98: a sign-in is relinked only by a new invitation of the tenant owner with a second factor; the old sign-in resolves nobody and both steps are audited [ --- duration_ms: 10.478875 type: 'test' location: '<repo>/packages/identity/test/identity.pg.test.ts:138:1' failureType: 'testCodeFailure' er
   ✗ fails (neighbour) identity.pg.test.ts «Р-98» /already has an active sign-in/ — Р-98: a sign-in is relinked only by a new invitation of the tenant owner with a second factor; the old sign-in resolves nobody and both steps are audited [ --- duration_ms: 10.478875 type: 'test' location: '<repo>/packages/identity/test/identity.pg.test.ts:138:1' failureType: 'testCodeFailure' er
   ✗ fails (neighbour) identity.pg.test.ts «Р-98» /the revoked sign-in resolves nobody/ — Р-98: a sign-in is relinked only by a new invitation of the tenant owner with a second factor; the old sign-in resolves nobody and both steps are audited [ --- duration_ms: 10.478875 type: 'test' location: '<repo>/packages/identity/test/identity.pg.test.ts:138:1' failureType: 'testCodeFailure' er
   ✗ fails (neighbour) identity.pg.test.ts «Р-98» /the invitation and the relink are audited/ — Р-98: a sign-in is relinked only by a new invitation of the tenant owner with a second factor; the old sign-in resolves nobody and both steps are audited [ --- duration_ms: 10.478875 type: 'test' location: '<repo>/packages/identity/test/identity.pg.test.ts:138:1' failureType: 'testCodeFailure' er
UNCAUGHT row Р-98: security.invite_relink(uuid,uuid,bytea,interval): «IF NOT EXISTS (SELECT 1 FROM tenant_data.membershi…» → «IF false THEN…» (3 s)
   ✓ green identity.pg.test.ts «Р-98» /a relink needs a relink invitation|an ordinary invitation does not relink/
   ✓ green identity.pg.test.ts «Р-98» /was unlinked|the revoked sign-in accepts nothing/
   ✓ green identity.pg.test.ts «Р-98» /a relink invitation without a second factor/
   ✓ green identity.pg.test.ts «Р-98» /only an active owner relinks/
   ✓ green identity.pg.test.ts «Р-98» /is not an active member/
   ✓ green identity.pg.test.ts «Р-98» /already has an active sign-in/
   ✓ green identity.pg.test.ts «Р-98» /the revoked sign-in resolves nobody/
   ✓ green identity.pg.test.ts «Р-98» /the invitation and the relink are audited/
UNCAUGHT row Р-98: DROP TRIGGER a_external_identity_one_active ON platform.external_identity (3 s)
   ✓ green identity.pg.test.ts «Р-98» /a relink needs a relink invitation|an ordinary invitation does not relink/
   ✓ green identity.pg.test.ts «Р-98» /was unlinked|the revoked sign-in accepts nothing/
   ✓ green identity.pg.test.ts «Р-98» /a relink invitation without a second factor/
   ✓ green identity.pg.test.ts «Р-98» /only an active owner relinks/
   ✓ green identity.pg.test.ts «Р-98» /is not an active member/
   ✓ green identity.pg.test.ts «Р-98» /already has an active sign-in/
   ✓ green identity.pg.test.ts «Р-98» /the revoked sign-in resolves nobody/
   ✓ green identity.pg.test.ts «Р-98» /the invitation and the relink are audited/
CAUGHT   row Р-98: security.resolve_external_identity(text,text): «AND NOT EXISTS (SELECT 1 FROM platform.external_id…» → «…» (3 s)
   ✗ fails (neighbour) identity.pg.test.ts «Р-98» /a relink needs a relink invitation|an ordinary invitation does not relink/ — Р-98: a sign-in is relinked only by a new invitation of the tenant owner with a second factor; the old sign-in resolves nobody and both steps are audited [ --- duration_ms: 24.644 type: 'test' location: '<repo>/packages/identity/test/identity.pg.test.ts:138:1' failureType: 'testCodeFailure' error
   ✗ fails (neighbour) identity.pg.test.ts «Р-98» /was unlinked|the revoked sign-in accepts nothing/ — Р-98: a sign-in is relinked only by a new invitation of the tenant owner with a second factor; the old sign-in resolves nobody and both steps are audited [ --- duration_ms: 24.644 type: 'test' location: '<repo>/packages/identity/test/identity.pg.test.ts:138:1' failureType: 'testCodeFailure' error
   ✗ fails (neighbour) identity.pg.test.ts «Р-98» /a relink invitation without a second factor/ — Р-98: a sign-in is relinked only by a new invitation of the tenant owner with a second factor; the old sign-in resolves nobody and both steps are audited [ --- duration_ms: 24.644 type: 'test' location: '<repo>/packages/identity/test/identity.pg.test.ts:138:1' failureType: 'testCodeFailure' error
   ✗ fails (neighbour) identity.pg.test.ts «Р-98» /only an active owner relinks/ — Р-98: a sign-in is relinked only by a new invitation of the tenant owner with a second factor; the old sign-in resolves nobody and both steps are audited [ --- duration_ms: 24.644 type: 'test' location: '<repo>/packages/identity/test/identity.pg.test.ts:138:1' failureType: 'testCodeFailure' error
   ✗ fails (neighbour) identity.pg.test.ts «Р-98» /is not an active member/ — Р-98: a sign-in is relinked only by a new invitation of the tenant owner with a second factor; the old sign-in resolves nobody and both steps are audited [ --- duration_ms: 24.644 type: 'test' location: '<repo>/packages/identity/test/identity.pg.test.ts:138:1' failureType: 'testCodeFailure' error
   ✗ fails (neighbour) identity.pg.test.ts «Р-98» /already has an active sign-in/ — Р-98: a sign-in is relinked only by a new invitation of the tenant owner with a second factor; the old sign-in resolves nobody and both steps are audited [ --- duration_ms: 24.644 type: 'test' location: '<repo>/packages/identity/test/identity.pg.test.ts:138:1' failureType: 'testCodeFailure' error
   ✗ fails (own) identity.pg.test.ts «Р-98» /the revoked sign-in resolves nobody/ — Р-98: a sign-in is relinked only by a new invitation of the tenant owner with a second factor; the old sign-in resolves nobody and both steps are audited [ --- duration_ms: 24.644 type: 'test' location: '<repo>/packages/identity/test/identity.pg.test.ts:138:1' failureType: 'testCodeFailure' error
   ✗ fails (neighbour) identity.pg.test.ts «Р-98» /the invitation and the relink are audited/ — Р-98: a sign-in is relinked only by a new invitation of the tenant owner with a second factor; the old sign-in resolves nobody and both steps are audited [ --- duration_ms: 24.644 type: 'test' location: '<repo>/packages/identity/test/identity.pg.test.ts:138:1' failureType: 'testCodeFailure' error
CAUGHT   row Р-98: DROP TRIGGER zz_identity_relinked_audit ON platform.identity_invitation (3 s)
   ✗ fails (neighbour) identity.pg.test.ts «Р-98» /a relink needs a relink invitation|an ordinary invitation does not relink/ — Р-98: a sign-in is relinked only by a new invitation of the tenant owner with a second factor; the old sign-in resolves nobody and both steps are audited [ --- duration_ms: 21.124291 type: 'test' location: '<repo>/packages/identity/test/identity.pg.test.ts:138:1' failureType: 'testCodeFailure' er
   ✗ fails (neighbour) identity.pg.test.ts «Р-98» /was unlinked|the revoked sign-in accepts nothing/ — Р-98: a sign-in is relinked only by a new invitation of the tenant owner with a second factor; the old sign-in resolves nobody and both steps are audited [ --- duration_ms: 21.124291 type: 'test' location: '<repo>/packages/identity/test/identity.pg.test.ts:138:1' failureType: 'testCodeFailure' er
   ✗ fails (neighbour) identity.pg.test.ts «Р-98» /a relink invitation without a second factor/ — Р-98: a sign-in is relinked only by a new invitation of the tenant owner with a second factor; the old sign-in resolves nobody and both steps are audited [ --- duration_ms: 21.124291 type: 'test' location: '<repo>/packages/identity/test/identity.pg.test.ts:138:1' failureType: 'testCodeFailure' er
   ✗ fails (neighbour) identity.pg.test.ts «Р-98» /only an active owner relinks/ — Р-98: a sign-in is relinked only by a new invitation of the tenant owner with a second factor; the old sign-in resolves nobody and both steps are audited [ --- duration_ms: 21.124291 type: 'test' location: '<repo>/packages/identity/test/identity.pg.test.ts:138:1' failureType: 'testCodeFailure' er
   ✗ fails (neighbour) identity.pg.test.ts «Р-98» /is not an active member/ — Р-98: a sign-in is relinked only by a new invitation of the tenant owner with a second factor; the old sign-in resolves nobody and both steps are audited [ --- duration_ms: 21.124291 type: 'test' location: '<repo>/packages/identity/test/identity.pg.test.ts:138:1' failureType: 'testCodeFailure' er
   ✗ fails (neighbour) identity.pg.test.ts «Р-98» /already has an active sign-in/ — Р-98: a sign-in is relinked only by a new invitation of the tenant owner with a second factor; the old sign-in resolves nobody and both steps are audited [ --- duration_ms: 21.124291 type: 'test' location: '<repo>/packages/identity/test/identity.pg.test.ts:138:1' failureType: 'testCodeFailure' er
   ✗ fails (neighbour) identity.pg.test.ts «Р-98» /the revoked sign-in resolves nobody/ — Р-98: a sign-in is relinked only by a new invitation of the tenant owner with a second factor; the old sign-in resolves nobody and both steps are audited [ --- duration_ms: 21.124291 type: 'test' location: '<repo>/packages/identity/test/identity.pg.test.ts:138:1' failureType: 'testCodeFailure' er
   ✗ fails (own) identity.pg.test.ts «Р-98» /the invitation and the relink are audited/ — Р-98: a sign-in is relinked only by a new invitation of the tenant owner with a second factor; the old sign-in resolves nobody and both steps are audited [ --- duration_ms: 21.124291 type: 'test' location: '<repo>/packages/identity/test/identity.pg.test.ts:138:1' failureType: 'testCodeFailure' er
CAUGHT   row Р-98: DROP TRIGGER zz_identity_relink_invited_audit ON platform.identity_invitation (3 s)
   ✗ fails (neighbour) identity.pg.test.ts «Р-98» /a relink needs a relink invitation|an ordinary invitation does not relink/ — Р-98: a sign-in is relinked only by a new invitation of the tenant owner with a second factor; the old sign-in resolves nobody and both steps are audited [ --- duration_ms: 22.377708 type: 'test' location: '<repo>/packages/identity/test/identity.pg.test.ts:138:1' failureType: 'testCodeFailure' er
   ✗ fails (neighbour) identity.pg.test.ts «Р-98» /was unlinked|the revoked sign-in accepts nothing/ — Р-98: a sign-in is relinked only by a new invitation of the tenant owner with a second factor; the old sign-in resolves nobody and both steps are audited [ --- duration_ms: 22.377708 type: 'test' location: '<repo>/packages/identity/test/identity.pg.test.ts:138:1' failureType: 'testCodeFailure' er
   ✗ fails (neighbour) identity.pg.test.ts «Р-98» /a relink invitation without a second factor/ — Р-98: a sign-in is relinked only by a new invitation of the tenant owner with a second factor; the old sign-in resolves nobody and both steps are audited [ --- duration_ms: 22.377708 type: 'test' location: '<repo>/packages/identity/test/identity.pg.test.ts:138:1' failureType: 'testCodeFailure' er
   ✗ fails (neighbour) identity.pg.test.ts «Р-98» /only an active owner relinks/ — Р-98: a sign-in is relinked only by a new invitation of the tenant owner with a second factor; the old sign-in resolves nobody and both steps are audited [ --- duration_ms: 22.377708 type: 'test' location: '<repo>/packages/identity/test/identity.pg.test.ts:138:1' failureType: 'testCodeFailure' er
   ✗ fails (neighbour) identity.pg.test.ts «Р-98» /is not an active member/ — Р-98: a sign-in is relinked only by a new invitation of the tenant owner with a second factor; the old sign-in resolves nobody and both steps are audited [ --- duration_ms: 22.377708 type: 'test' location: '<repo>/packages/identity/test/identity.pg.test.ts:138:1' failureType: 'testCodeFailure' er
   ✗ fails (neighbour) identity.pg.test.ts «Р-98» /already has an active sign-in/ — Р-98: a sign-in is relinked only by a new invitation of the tenant owner with a second factor; the old sign-in resolves nobody and both steps are audited [ --- duration_ms: 22.377708 type: 'test' location: '<repo>/packages/identity/test/identity.pg.test.ts:138:1' failureType: 'testCodeFailure' er
   ✗ fails (neighbour) identity.pg.test.ts «Р-98» /the revoked sign-in resolves nobody/ — Р-98: a sign-in is relinked only by a new invitation of the tenant owner with a second factor; the old sign-in resolves nobody and both steps are audited [ --- duration_ms: 22.377708 type: 'test' location: '<repo>/packages/identity/test/identity.pg.test.ts:138:1' failureType: 'testCodeFailure' er
   ✗ fails (own) identity.pg.test.ts «Р-98» /the invitation and the relink are audited/ — Р-98: a sign-in is relinked only by a new invitation of the tenant owner with a second factor; the old sign-in resolves nobody and both steps are audited [ --- duration_ms: 22.377708 type: 'test' location: '<repo>/packages/identity/test/identity.pg.test.ts:138:1' failureType: 'testCodeFailure' er
CAUGHT   row OQ-151: DROP TRIGGER b_write_scope_pins_live_strategy_version ON tenant_data.write_scope (3 s)
   ✗ fails (neighbour) undercut-eternal.pg.test.ts «Р-91: the strategy version keeps its type» /the undercut of a pinned version does not start expiring/ — Р-91: the strategy version keeps its type without the undercut; the undercut lives apart, is superseded with the version and still reaches the engine [ --- duration_ms: 115.890167 type: 'test' location: '<repo>/packages/pricing-store-pg/test/undercut-eternal.pg.test.ts:52:1' failureType: 'testCod
   ✗ fails (own) undercut-eternal.pg.test.ts «Р-91: the strategy version keeps its type» /a scope is not pinned back/ — Р-91: the strategy version keeps its type without the undercut; the undercut lives apart, is superseded with the version and still reaches the engine [ --- duration_ms: 115.890167 type: 'test' location: '<repo>/packages/pricing-store-pg/test/undercut-eternal.pg.test.ts:52:1' failureType: 'testCod
   ✗ fails (neighbour) undercut-eternal.pg.test.ts «Р-91: the strategy version keeps its type» /the released version starts its 18 months/ — Р-91: the strategy version keeps its type without the undercut; the undercut lives apart, is superseded with the version and still reaches the engine [ --- duration_ms: 115.890167 type: 'test' location: '<repo>/packages/pricing-store-pg/test/undercut-eternal.pg.test.ts:52:1' failureType: 'testCod
   ✗ fails (neighbour) undercut-eternal.pg.test.ts «Р-91: the strategy version keeps its type» /a pinned version keeps its undercut/ — Р-91: the strategy version keeps its type without the undercut; the undercut lives apart, is superseded with the version and still reaches the engine [ --- duration_ms: 115.890167 type: 'test' location: '<repo>/packages/pricing-store-pg/test/undercut-eternal.pg.test.ts:52:1' failureType: 'testCod
CAUGHT   row OQ-151: channel_data.pricing_strategy_undercut_guard(): «IF EXISTS (SELECT 1 FROM tenant_data.write_scope s…» → «IF false AND EXISTS (SELECT 1 …» (3 s)
   ✗ fails (own) undercut-eternal.pg.test.ts «Р-91: the strategy version keeps its type» /the undercut of a pinned version does not start expiring/ — Р-91: the strategy version keeps its type without the undercut; the undercut lives apart, is superseded with the version and still reaches the engine [ --- duration_ms: 114.112167 type: 'test' location: '<repo>/packages/pricing-store-pg/test/undercut-eternal.pg.test.ts:52:1' failureType: 'testCod
   ✗ fails (neighbour) undercut-eternal.pg.test.ts «Р-91: the strategy version keeps its type» /a scope is not pinned back/ — Р-91: the strategy version keeps its type without the undercut; the undercut lives apart, is superseded with the version and still reaches the engine [ --- duration_ms: 114.112167 type: 'test' location: '<repo>/packages/pricing-store-pg/test/undercut-eternal.pg.test.ts:52:1' failureType: 'testCod
   ✗ fails (neighbour) undercut-eternal.pg.test.ts «Р-91: the strategy version keeps its type» /the released version starts its 18 months/ — Р-91: the strategy version keeps its type without the undercut; the undercut lives apart, is superseded with the version and still reaches the engine [ --- duration_ms: 114.112167 type: 'test' location: '<repo>/packages/pricing-store-pg/test/undercut-eternal.pg.test.ts:52:1' failureType: 'testCod
   ✗ fails (neighbour) undercut-eternal.pg.test.ts «Р-91: the strategy version keeps its type» /a pinned version keeps its undercut/ — Р-91: the strategy version keeps its type without the undercut; the undercut lives apart, is superseded with the version and still reaches the engine [ --- duration_ms: 114.112167 type: 'test' location: '<repo>/packages/pricing-store-pg/test/undercut-eternal.pg.test.ts:52:1' failureType: 'testCod
CAUGHT   row OQ-151: DROP TRIGGER zb_write_scope_release_strategy_version ON tenant_data.write_scope (3 s)
   ✗ fails (neighbour) undercut-eternal.pg.test.ts «Р-91: the strategy version keeps its type» /the undercut of a pinned version does not start expiring/ — Р-91: the strategy version keeps its type without the undercut; the undercut lives apart, is superseded with the version and still reaches the engine [ --- duration_ms: 160.403834 type: 'test' location: '<repo>/packages/pricing-store-pg/test/undercut-eternal.pg.test.ts:52:1' failureType: 'testCod
   ✗ fails (neighbour) undercut-eternal.pg.test.ts «Р-91: the strategy version keeps its type» /a scope is not pinned back/ — Р-91: the strategy version keeps its type without the undercut; the undercut lives apart, is superseded with the version and still reaches the engine [ --- duration_ms: 160.403834 type: 'test' location: '<repo>/packages/pricing-store-pg/test/undercut-eternal.pg.test.ts:52:1' failureType: 'testCod
   ✗ fails (own) undercut-eternal.pg.test.ts «Р-91: the strategy version keeps its type» /the released version starts its 18 months/ — Р-91: the strategy version keeps its type without the undercut; the undercut lives apart, is superseded with the version and still reaches the engine [ --- duration_ms: 160.403834 type: 'test' location: '<repo>/packages/pricing-store-pg/test/undercut-eternal.pg.test.ts:52:1' failureType: 'testCod
   ✗ fails (neighbour) undercut-eternal.pg.test.ts «Р-91: the strategy version keeps its type» /a pinned version keeps its undercut/ — Р-91: the strategy version keeps its type without the undercut; the undercut lives apart, is superseded with the version and still reaches the engine [ --- duration_ms: 160.403834 type: 'test' location: '<repo>/packages/pricing-store-pg/test/undercut-eternal.pg.test.ts:52:1' failureType: 'testCod
NEIGHBOUR row OQ-151: tenant_data.pricing_strategy_supersede_undercut(): «AND s.status <> 'RETIRED')…» → «AND false)…» (3 s)
   ✗ fails (neighbour) undercut-eternal.pg.test.ts «Р-91: the strategy version keeps its type» /the undercut of a pinned version does not start expiring/ — Р-91: the strategy version keeps its type without the undercut; the undercut lives apart, is superseded with the version and still reaches the engine [ --- duration_ms: 131.660625 type: 'test' location: '<repo>/packages/pricing-store-pg/test/undercut-eternal.pg.test.ts:52:1' failureType: 'testCod
   ✗ fails (neighbour) undercut-eternal.pg.test.ts «Р-91: the strategy version keeps its type» /a scope is not pinned back/ — Р-91: the strategy version keeps its type without the undercut; the undercut lives apart, is superseded with the version and still reaches the engine [ --- duration_ms: 131.660625 type: 'test' location: '<repo>/packages/pricing-store-pg/test/undercut-eternal.pg.test.ts:52:1' failureType: 'testCod
   ✗ fails (neighbour) undercut-eternal.pg.test.ts «Р-91: the strategy version keeps its type» /the released version starts its 18 months/ — Р-91: the strategy version keeps its type without the undercut; the undercut lives apart, is superseded with the version and still reaches the engine [ --- duration_ms: 131.660625 type: 'test' location: '<repo>/packages/pricing-store-pg/test/undercut-eternal.pg.test.ts:52:1' failureType: 'testCod
   ✗ fails (own, other reason) undercut-eternal.pg.test.ts «Р-91: the strategy version keeps its type» /a pinned version keeps its undercut/ — Р-91: the strategy version keeps its type without the undercut; the undercut lives apart, is superseded with the version and still reaches the engine [ --- duration_ms: 131.660625 type: 'test' location: '<repo>/packages/pricing-store-pg/test/undercut-eternal.pg.test.ts:52:1' failureType: 'testCod
CAUGHT   row находка 6: security.param_value_valid(jsonb,jsonb): «RETURN t = 'number' AND v::text ~ '^-?[0-9]+$';…» → «RETURN t = 'number';…» (3 s)
   ✗ fails (own) undercut-eternal.pg.test.ts «finding 15» /an amount that is not minor units/ — finding 15: the database registry of declared keys equals the code; an undeclared parameter, an unknown code or an unknown field is refused [ --- duration_ms: 5.594584 type: 'test' location: '<repo>/packages/pricing-store-pg/test/undercut-eternal.pg.test.ts:109:1' failureType: 'testCodeFailure' e
   ✗ fails (neighbour) undercut-eternal.pg.test.ts «finding 15» /a currency that is not an ISO code/ — finding 15: the database registry of declared keys equals the code; an undeclared parameter, an unknown code or an unknown field is refused [ --- duration_ms: 5.594584 type: 'test' location: '<repo>/packages/pricing-store-pg/test/undercut-eternal.pg.test.ts:109:1' failureType: 'testCodeFailure' e
   ✗ fails (neighbour) undercut-eternal.pg.test.ts «finding 15» /an enum value outside the registry/ — finding 15: the database registry of declared keys equals the code; an undeclared parameter, an unknown code or an unknown field is refused [ --- duration_ms: 5.594584 type: 'test' location: '<repo>/packages/pricing-store-pg/test/undercut-eternal.pg.test.ts:109:1' failureType: 'testCodeFailure' e
   ✗ fails (neighbour) undercut-eternal.pg.test.ts «finding 15» /an amount as a string/ — finding 15: the database registry of declared keys equals the code; an undeclared parameter, an unknown code or an unknown field is refused [ --- duration_ms: 5.594584 type: 'test' location: '<repo>/packages/pricing-store-pg/test/undercut-eternal.pg.test.ts:109:1' failureType: 'testCodeFailure' e
   ✗ fails (neighbour) undercut-eternal.pg.test.ts «finding 15» /another explanation format/ — finding 15: the database registry of declared keys equals the code; an undeclared parameter, an unknown code or an unknown field is refused [ --- duration_ms: 5.594584 type: 'test' location: '<repo>/packages/pricing-store-pg/test/undercut-eternal.pg.test.ts:109:1' failureType: 'testCodeFailure' e
   ✗ fails (neighbour) undercut-eternal.pg.test.ts «finding 15» /a withheld name that is not an identifier/ — finding 15: the database registry of declared keys equals the code; an undeclared parameter, an unknown code or an unknown field is refused [ --- duration_ms: 5.594584 type: 'test' location: '<repo>/packages/pricing-store-pg/test/undercut-eternal.pg.test.ts:109:1' failureType: 'testCodeFailure' e
CAUGHT   row находка 6: security.param_value_valid(jsonb,jsonb): «RETURN t = 'string' AND (v #>> '{}') ~ '^[A-Z]{3}$…» → «RETURN t = 'string';…» (3 s)
   ✗ fails (neighbour) undercut-eternal.pg.test.ts «finding 15» /an amount that is not minor units/ — finding 15: the database registry of declared keys equals the code; an undeclared parameter, an unknown code or an unknown field is refused [ --- duration_ms: 14.967584 type: 'test' location: '<repo>/packages/pricing-store-pg/test/undercut-eternal.pg.test.ts:109:1' failureType: 'testCodeFailure' 
   ✗ fails (own) undercut-eternal.pg.test.ts «finding 15» /a currency that is not an ISO code/ — finding 15: the database registry of declared keys equals the code; an undeclared parameter, an unknown code or an unknown field is refused [ --- duration_ms: 14.967584 type: 'test' location: '<repo>/packages/pricing-store-pg/test/undercut-eternal.pg.test.ts:109:1' failureType: 'testCodeFailure' 
   ✗ fails (neighbour) undercut-eternal.pg.test.ts «finding 15» /an enum value outside the registry/ — finding 15: the database registry of declared keys equals the code; an undeclared parameter, an unknown code or an unknown field is refused [ --- duration_ms: 14.967584 type: 'test' location: '<repo>/packages/pricing-store-pg/test/undercut-eternal.pg.test.ts:109:1' failureType: 'testCodeFailure' 
   ✗ fails (neighbour) undercut-eternal.pg.test.ts «finding 15» /an amount as a string/ — finding 15: the database registry of declared keys equals the code; an undeclared parameter, an unknown code or an unknown field is refused [ --- duration_ms: 14.967584 type: 'test' location: '<repo>/packages/pricing-store-pg/test/undercut-eternal.pg.test.ts:109:1' failureType: 'testCodeFailure' 
   ✗ fails (neighbour) undercut-eternal.pg.test.ts «finding 15» /another explanation format/ — finding 15: the database registry of declared keys equals the code; an undeclared parameter, an unknown code or an unknown field is refused [ --- duration_ms: 14.967584 type: 'test' location: '<repo>/packages/pricing-store-pg/test/undercut-eternal.pg.test.ts:109:1' failureType: 'testCodeFailure' 
   ✗ fails (neighbour) undercut-eternal.pg.test.ts «finding 15» /a withheld name that is not an identifier/ — finding 15: the database registry of declared keys equals the code; an undeclared parameter, an unknown code or an unknown field is refused [ --- duration_ms: 14.967584 type: 'test' location: '<repo>/packages/pricing-store-pg/test/undercut-eternal.pg.test.ts:109:1' failureType: 'testCodeFailure' 
CAUGHT   row находка 6: security.param_value_valid(jsonb,jsonb): «RETURN t = 'number' AND v::text ~ '^-?[0-9]+$';…» → «RETURN t IN ('number', 'string…» (3 s)
   ✗ fails (neighbour) undercut-eternal.pg.test.ts «finding 15» /an amount that is not minor units/ — finding 15: the database registry of declared keys equals the code; an undeclared parameter, an unknown code or an unknown field is refused [ --- duration_ms: 11.826417 type: 'test' location: '<repo>/packages/pricing-store-pg/test/undercut-eternal.pg.test.ts:109:1' failureType: 'testCodeFailure' 
   ✗ fails (neighbour) undercut-eternal.pg.test.ts «finding 15» /a currency that is not an ISO code/ — finding 15: the database registry of declared keys equals the code; an undeclared parameter, an unknown code or an unknown field is refused [ --- duration_ms: 11.826417 type: 'test' location: '<repo>/packages/pricing-store-pg/test/undercut-eternal.pg.test.ts:109:1' failureType: 'testCodeFailure' 
   ✗ fails (neighbour) undercut-eternal.pg.test.ts «finding 15» /an enum value outside the registry/ — finding 15: the database registry of declared keys equals the code; an undeclared parameter, an unknown code or an unknown field is refused [ --- duration_ms: 11.826417 type: 'test' location: '<repo>/packages/pricing-store-pg/test/undercut-eternal.pg.test.ts:109:1' failureType: 'testCodeFailure' 
   ✗ fails (own) undercut-eternal.pg.test.ts «finding 15» /an amount as a string/ — finding 15: the database registry of declared keys equals the code; an undeclared parameter, an unknown code or an unknown field is refused [ --- duration_ms: 11.826417 type: 'test' location: '<repo>/packages/pricing-store-pg/test/undercut-eternal.pg.test.ts:109:1' failureType: 'testCodeFailure' 
   ✗ fails (neighbour) undercut-eternal.pg.test.ts «finding 15» /another explanation format/ — finding 15: the database registry of declared keys equals the code; an undeclared parameter, an unknown code or an unknown field is refused [ --- duration_ms: 11.826417 type: 'test' location: '<repo>/packages/pricing-store-pg/test/undercut-eternal.pg.test.ts:109:1' failureType: 'testCodeFailure' 
   ✗ fails (neighbour) undercut-eternal.pg.test.ts «finding 15» /a withheld name that is not an identifier/ — finding 15: the database registry of declared keys equals the code; an undeclared parameter, an unknown code or an unknown field is refused [ --- duration_ms: 11.826417 type: 'test' location: '<repo>/packages/pricing-store-pg/test/undercut-eternal.pg.test.ts:109:1' failureType: 'testCodeFailure' 
CAUGHT   row находка 6: security.param_value_valid(jsonb,jsonb): «RETURN t = 'string' AND (NOT spec ? 'v' OR (spec -…» → «RETURN t = 'string';…» (3 s)
   ✗ fails (neighbour) undercut-eternal.pg.test.ts «finding 15» /an amount that is not minor units/ — finding 15: the database registry of declared keys equals the code; an undeclared parameter, an unknown code or an unknown field is refused [ --- duration_ms: 6.421042 type: 'test' location: '<repo>/packages/pricing-store-pg/test/undercut-eternal.pg.test.ts:109:1' failureType: 'testCodeFailure' e
   ✗ fails (neighbour) undercut-eternal.pg.test.ts «finding 15» /a currency that is not an ISO code/ — finding 15: the database registry of declared keys equals the code; an undeclared parameter, an unknown code or an unknown field is refused [ --- duration_ms: 6.421042 type: 'test' location: '<repo>/packages/pricing-store-pg/test/undercut-eternal.pg.test.ts:109:1' failureType: 'testCodeFailure' e
   ✗ fails (own) undercut-eternal.pg.test.ts «finding 15» /an enum value outside the registry/ — finding 15: the database registry of declared keys equals the code; an undeclared parameter, an unknown code or an unknown field is refused [ --- duration_ms: 6.421042 type: 'test' location: '<repo>/packages/pricing-store-pg/test/undercut-eternal.pg.test.ts:109:1' failureType: 'testCodeFailure' e
   ✗ fails (neighbour) undercut-eternal.pg.test.ts «finding 15» /an amount as a string/ — finding 15: the database registry of declared keys equals the code; an undeclared parameter, an unknown code or an unknown field is refused [ --- duration_ms: 6.421042 type: 'test' location: '<repo>/packages/pricing-store-pg/test/undercut-eternal.pg.test.ts:109:1' failureType: 'testCodeFailure' e
   ✗ fails (neighbour) undercut-eternal.pg.test.ts «finding 15» /another explanation format/ — finding 15: the database registry of declared keys equals the code; an undeclared parameter, an unknown code or an unknown field is refused [ --- duration_ms: 6.421042 type: 'test' location: '<repo>/packages/pricing-store-pg/test/undercut-eternal.pg.test.ts:109:1' failureType: 'testCodeFailure' e
   ✗ fails (neighbour) undercut-eternal.pg.test.ts «finding 15» /a withheld name that is not an identifier/ — finding 15: the database registry of declared keys equals the code; an undeclared parameter, an unknown code or an unknown field is refused [ --- duration_ms: 6.421042 type: 'test' location: '<repo>/packages/pricing-store-pg/test/undercut-eternal.pg.test.ts:109:1' failureType: 'testCodeFailure' e
CAUGHT   row находка 6: security.explanation_node_declared(jsonb,text,boolean): «OR (w.value #>> '{}') !~ '^[A-Za-z][A-Za-z0-9_]{0,…» → «…» (2 s)
   ✗ fails (neighbour) undercut-eternal.pg.test.ts «finding 15» /an amount that is not minor units/ — finding 15: the database registry of declared keys equals the code; an undeclared parameter, an unknown code or an unknown field is refused [ --- duration_ms: 5.159333 type: 'test' location: '<repo>/packages/pricing-store-pg/test/undercut-eternal.pg.test.ts:109:1' failureType: 'testCodeFailure' e
   ✗ fails (neighbour) undercut-eternal.pg.test.ts «finding 15» /a currency that is not an ISO code/ — finding 15: the database registry of declared keys equals the code; an undeclared parameter, an unknown code or an unknown field is refused [ --- duration_ms: 5.159333 type: 'test' location: '<repo>/packages/pricing-store-pg/test/undercut-eternal.pg.test.ts:109:1' failureType: 'testCodeFailure' e
   ✗ fails (neighbour) undercut-eternal.pg.test.ts «finding 15» /an enum value outside the registry/ — finding 15: the database registry of declared keys equals the code; an undeclared parameter, an unknown code or an unknown field is refused [ --- duration_ms: 5.159333 type: 'test' location: '<repo>/packages/pricing-store-pg/test/undercut-eternal.pg.test.ts:109:1' failureType: 'testCodeFailure' e
   ✗ fails (neighbour) undercut-eternal.pg.test.ts «finding 15» /an amount as a string/ — finding 15: the database registry of declared keys equals the code; an undeclared parameter, an unknown code or an unknown field is refused [ --- duration_ms: 5.159333 type: 'test' location: '<repo>/packages/pricing-store-pg/test/undercut-eternal.pg.test.ts:109:1' failureType: 'testCodeFailure' e
   ✗ fails (neighbour) undercut-eternal.pg.test.ts «finding 15» /another explanation format/ — finding 15: the database registry of declared keys equals the code; an undeclared parameter, an unknown code or an unknown field is refused [ --- duration_ms: 5.159333 type: 'test' location: '<repo>/packages/pricing-store-pg/test/undercut-eternal.pg.test.ts:109:1' failureType: 'testCodeFailure' e
   ✗ fails (own) undercut-eternal.pg.test.ts «finding 15» /a withheld name that is not an identifier/ — finding 15: the database registry of declared keys equals the code; an undeclared parameter, an unknown code or an unknown field is refused [ --- duration_ms: 5.159333 type: 'test' location: '<repo>/packages/pricing-store-pg/test/undercut-eternal.pg.test.ts:109:1' failureType: 'testCodeFailure' e
CAUGHT   row находка 6: security.explanation_node_declared(jsonb,text,boolean): «IF path = '$' AND (node -> 'format') IS DISTINCT F…» → «IF false AND (node -> 'format'…» (2 s)
   ✗ fails (neighbour) undercut-eternal.pg.test.ts «finding 15» /an amount that is not minor units/ — finding 15: the database registry of declared keys equals the code; an undeclared parameter, an unknown code or an unknown field is refused [ --- duration_ms: 5.225625 type: 'test' location: '<repo>/packages/pricing-store-pg/test/undercut-eternal.pg.test.ts:109:1' failureType: 'testCodeFailure' e
   ✗ fails (neighbour) undercut-eternal.pg.test.ts «finding 15» /a currency that is not an ISO code/ — finding 15: the database registry of declared keys equals the code; an undeclared parameter, an unknown code or an unknown field is refused [ --- duration_ms: 5.225625 type: 'test' location: '<repo>/packages/pricing-store-pg/test/undercut-eternal.pg.test.ts:109:1' failureType: 'testCodeFailure' e
   ✗ fails (neighbour) undercut-eternal.pg.test.ts «finding 15» /an enum value outside the registry/ — finding 15: the database registry of declared keys equals the code; an undeclared parameter, an unknown code or an unknown field is refused [ --- duration_ms: 5.225625 type: 'test' location: '<repo>/packages/pricing-store-pg/test/undercut-eternal.pg.test.ts:109:1' failureType: 'testCodeFailure' e
   ✗ fails (neighbour) undercut-eternal.pg.test.ts «finding 15» /an amount as a string/ — finding 15: the database registry of declared keys equals the code; an undeclared parameter, an unknown code or an unknown field is refused [ --- duration_ms: 5.225625 type: 'test' location: '<repo>/packages/pricing-store-pg/test/undercut-eternal.pg.test.ts:109:1' failureType: 'testCodeFailure' e
   ✗ fails (own) undercut-eternal.pg.test.ts «finding 15» /another explanation format/ — finding 15: the database registry of declared keys equals the code; an undeclared parameter, an unknown code or an unknown field is refused [ --- duration_ms: 5.225625 type: 'test' location: '<repo>/packages/pricing-store-pg/test/undercut-eternal.pg.test.ts:109:1' failureType: 'testCodeFailure' e
   ✗ fails (neighbour) undercut-eternal.pg.test.ts «finding 15» /a withheld name that is not an identifier/ — finding 15: the database registry of declared keys equals the code; an undeclared parameter, an unknown code or an unknown field is refused [ --- duration_ms: 5.225625 type: 'test' location: '<repo>/packages/pricing-store-pg/test/undercut-eternal.pg.test.ts:109:1' failureType: 'testCodeFailure' e

| Строка | Инвариант | Мутация | Поймана своей проверкой | Свои проверки мутации |
|---|---|---|---|---|
| 12 | Р-43, Р-44: потолок при создании и отправке записи | `DROP TRIGGER ba_channel_write_ceiling_insert ON tenant_data.channel_write` | да | ✗ smoke «write created above lowered max_price (Р-44, check 2)» |
| 12 | Р-43, Р-44: потолок при создании и отправке записи | `DROP TRIGGER ba_channel_write_ceiling_dispatch ON tenant_data.channel_write` | да | ✗ smoke «dispatch above lowered max_price (Р-44, check 3)» |
| 13 | Р-44: без округления до границы, причина отказа обязательна | `ALTER TABLE channel_data.price_decision DROP CONSTRAINT price_decision_no_bound_clamp` | да | ✗ smoke «clamp to floor instead of rejection (Р-44)» |
| 13 | Р-44: без округления до границы, причина отказа обязательна | `ALTER TABLE channel_data.price_decision DROP CONSTRAINT price_decision_rejection_reason_iff` | да | ✗ smoke «REJECTED without a reason» |
| 14 | Р-43: потолок не в guardrail | `ALTER TABLE tenant_data.guardrail DROP CONSTRAINT guardrail_ceiling_moved_to_max_price` | да | ✗ smoke «guardrail carrying a ceiling (moved to max_price, Р-43)» |
| 16 | Р-52: снятие остановки только с записью журнала | `DROP TRIGGER c_pricing_halt_release_journal ON channel_data.pricing_halt` | да | ✗ smoke «manual release without a journal record (Р-52)» |
| 17 | Р-51: признак цены по конкурентам копируется в решение | `DROP TRIGGER aa_price_decision_copy_derivation ON channel_data.price_decision` | да | ✗ smoke «competitor_derived is not derived from rule_code» |
| 18 | Р-57: валюты EUR и USD | `ALTER TABLE tenant_data.write_scope DROP CONSTRAINT write_scope_supported_currency` | да | ✗ smoke «currency outside EUR and USD» |
| 19 | Р-58: налоговый режим единицы записи цены | `ALTER TABLE tenant_data.write_scope DROP CONSTRAINT write_scope_tax_regime_for_price` | да | ✓ smoke «net price basis with VAT regime (Р-58)»<br>✗ smoke «price write scope without tax regime (Р-58)» |
| 20, 21 | OQ-98: отказ хранит параметры причины | `ALTER TABLE channel_data.price_decision DROP CONSTRAINT price_decision_rejection_explained` | да | ✗ smoke «rejection without its reason parameters (OQ-98)»<br>✓ store.pg.test.ts «OQ-93, OQ-94, OQ-98» /Missing expected rejection/ |
| 22 | Р-64: завершение записи — с причиной; ждущая запись объявляется событием | `ALTER TABLE tenant_data.channel_write DROP CONSTRAINT channel_write_end_explained` | да | ✗ smoke «write discarded without a reason (Р-64)» |
| 22 | Р-64: завершение записи — с причиной; ждущая запись объявляется событием | `ALTER TABLE tenant_data.channel_write_history DROP CONSTRAINT channel_write_history_end_explained` | да | ✗ smoke «write history ended without a reason (Р-64)» |
| 22 | Р-64: завершение записи — с причиной; ждущая запись объявляется событием | `DROP TRIGGER zz_channel_write_announce_dispatch ON tenant_data.channel_write` | да | ✗ write-queue.pg.test.ts «control — without the dispatcher» /has no scope.write.v1 event/ |
| 23 | Р-61: курс ЕЦБ неизменяем; курс — в решении с переводом себестоимости | `DROP TRIGGER zz_fx_rate_immutable ON platform.fx_rate` | да | ✗ smoke «ECB rate is immutable (Р-61)» |
| 23 | Р-61: курс ЕЦБ неизменяем; курс — в решении с переводом себестоимости | `DROP TRIGGER aa_price_decision_fx_recorded ON channel_data.price_decision` | **нет** (упала только соседняя проверка) | ✗ другая причина fx-day-boundary.pg.test.ts «Р-61 in the database» /without the exchange rate it was converted at/ |
| 23 | Р-61: курс ЕЦБ неизменяем; курс — в решении с переводом себестоимости | `ALTER TABLE channel_data.price_decision DROP CONSTRAINT price_decision_fx_shape` | да | ✗ smoke «decision exchange rate without its fields (Р-61)» |
| 24, 26 | Р-62, Р-65: граница суток — пояс витрины | `ALTER TABLE platform.marketplace DROP CONSTRAINT marketplace_time_zone_known_if_confirmed` | да | ✗ smoke «US storefront confirmed without a time zone» |
| 24, 26 | Р-62, Р-65: граница суток — пояс витрины | `DROP TRIGGER aa_channel_write_budget_day_tz ON tenant_data.channel_write` | да | ✗ smoke «budgeted write while the storefront day boundary is unconfirmed (Р-65)»<br>✗ smoke «budget day is not the current storefront day (Р-65)» |
| 24, 26 | Р-62, Р-65: граница суток — пояс витрины | `DROP TRIGGER aa_price_daily_day_tz ON tenant_data.price_daily` | да | ✗ fx-day-boundary.pg.test.ts «Р-65: a US storefront» /Missing expected rejection\|did not match/ |
| 25 | Р-60: тенант в базе своего региона | `DROP TRIGGER tenant_region_guard ON tenant_data.tenant` | да | ✗ smoke «tenant in wrong region DB (Р-60)» |
| 27 | Р-69, Р-70: остановки человеком и системные | `ALTER TABLE channel_data.pricing_halt DROP CONSTRAINT pricing_halt_system_only` | да | ✗ step12.pg.test.ts «Р-69: a system halt is only for broken channel data» /Missing expected rejection/ |
| 27 | Р-69, Р-70: остановки человеком и системные | `DROP TRIGGER aa_price_stop_role_guard ON tenant_data.price_stop` | **нет** (упала только соседняя проверка) | ✗ другая причина step12.pg.test.ts «Р-69, Р-70, OQ-125 in the database» /'(STOPPED\|RELEASED)' !== 'FORBIDDEN'/ |
| 27 | Р-69, Р-70: остановки человеком и системные | `DROP TRIGGER ab_price_decision_stop_guard ON channel_data.price_decision` | да | ✗ smoke «approval while the tenant is stopped by a person (Р-69)» |
| 27 | Р-69, Р-70: остановки человеком и системные | `DROP TRIGGER bb_channel_write_stop_guard ON tenant_data.channel_write` | да | ✗ smoke «dispatch while the tenant is stopped by a person (Р-69)» |
| 27 | Р-69, Р-70: остановки человеком и системные | `DROP TRIGGER ca_pricing_halt_release_role_guard ON channel_data.pricing_halt` | да | ✗ smoke «manual halt release without a second factor (finding 12, Р-88)» |
| 28, 32, 39, 40 | Р-68, Р-74, Р-80: слепок по классам, код причины NO_OP, столбцы intent в решении, NO_OP без ссылки на снимок | `ALTER TABLE channel_data.price_decision DROP CONSTRAINT price_decision_explanation_by_class` | да | ✗ smoke «NO_OP decision with an explanation (Р-74)» |
| 28, 32, 39, 40 | Р-68, Р-74, Р-80: слепок по классам, код причины NO_OP, столбцы intent в решении, NO_OP без ссылки на снимок | `ALTER TABLE channel_data.price_decision DROP CONSTRAINT price_decision_no_change_reason_code` | да | ✗ smoke «NO_OP decision with an unknown no-change reason (Р-74)» |
| 28, 32, 39, 40 | Р-68, Р-74, Р-80: слепок по классам, код причины NO_OP, столбцы intent в решении, NO_OP без ссылки на снимок | `DROP TRIGGER a0_price_decision_intent_columns ON channel_data.price_decision` | **нет** (упала только соседняя проверка) | ✗ другая причина step14.pg.test.ts «finding 10, Р-80» /strictly deep-equal/ |
| 28, 32, 39, 40 | Р-68, Р-74, Р-80: слепок по классам, код причины NO_OP, столбцы intent в решении, NO_OP без ссылки на снимок | `DROP TRIGGER a_price_decision_snapshot_ref_guard ON channel_data.price_decision_snapshot_ref` | да | ✗ step14.pg.test.ts «finding 10, Р-80» /keeps no snapshot reference/ |
| 29 | Р-71: сумма с валютой | `ALTER TABLE channel_data.price_decision DROP CONSTRAINT price_decision_amounts_have_currency` | да | ✗ smoke «rejection parameters with an amount without its currency (Р-71)» |
| 29 | Р-71: сумма с валютой | `ALTER TABLE tenant_data.channel_write DROP CONSTRAINT channel_write_end_params_currency` | да | ✗ smoke «write ended with an amount without its currency (Р-71)» |
| 29 | Р-71: сумма с валютой | `ALTER TABLE channel_data.rejected_competitor_snapshot DROP CONSTRAINT rejected_competitor_snapshot_details_cur` | да | ✗ smoke «rejected snapshot details: an amount without its currency (Р-71)» |
| 30 | Р-73: «опасное» согласовано с отклонением | `ALTER TABLE tenant_data.price_intent_core DROP CONSTRAINT price_intent_core_dangerous_consistent` | да | ✗ smoke «eternal core: dangerous flag against the deviation (Р-73)» |
| 31, 37, 38 | OQ-125, OQ-129, находка 4: матрица прав остановок, автор — пользователь сессии | `CREATE OR REPLACE FUNCTION security.pricing_permission(p_role text, p_action text) RETURNS boolean LANGUAGE sq` | да | ✗ step14.pg.test.ts «finding 2» /the matrix is not trivially all-true\|×/ |
| 31, 37, 38 | OQ-125, OQ-129, находка 4: матрица прав остановок, автор — пользователь сессии | `tenant_data.price_stop_role_guard(): «IF security.current_user_id() IS NULL OR u IS DIST…» → «IF false THEN…»` | **нет** (упала только соседняя проверка) | ✗ другая причина step14.pg.test.ts «finding 4» /'STOPPED' !== 'FORBIDDEN'\|'RELEASED' !== 'FORBIDDEN'/ |
| 33 | Р-75: справочник объяснения неизменяем | `DROP TRIGGER explanation_ruleset_immutable ON platform.explanation_ruleset` | да | ✗ smoke «explanation ruleset is immutable (Р-75)» |
| 34 | Р-76: остановки и снятия — в журнале аудита | `DROP TRIGGER zb_price_stop_audit ON tenant_data.price_stop` | да | ✗ role-separation.pg.test.ts «the audit log is still written» /pricing.stop_created/ |
| 34 | Р-76: остановки и снятия — в журнале аудита | `DROP TRIGGER zb_pricing_halt_audit ON channel_data.pricing_halt` | да | ✗ smoke «the system halt is not in the audit log» |
| 34 | Р-76: остановки и снятия — в журнале аудита | `DROP TRIGGER zb_pricing_halt_review_audit ON channel_data.pricing_halt_review` | да | ✗ smoke «the manual release is not in the audit log with its author» |
| 35 | Р-77: движок без стратегии не включается | `ALTER TABLE tenant_data.write_scope DROP CONSTRAINT write_scope_engine_has_strategy` | да | ✗ smoke «ENGINE without a strategy (Р-77)» |
| 41 | Р-79: подтверждённый архив ядра — со справочниками | `ALTER TABLE maintenance.partition_export DROP CONSTRAINT partition_export_core_archive_self_contained` | да | ✗ step14.pg.test.ts «Р-79» /partition_export_core_archive_self_contained/ |
| 42 | Р-83: пол с полом маржи перед каждой отправкой | `tenant_data.channel_write_before_update(): «NEW.floor_at_dispatch_minor := tenant_data.assert_…» → «NEW.floor_at_dispatch_minor :=…»` | да | ✗ verify 0067_verify_schema_invariants_v14.sql /below the recomputed margin floor was dispatched/<br>✗ write-recheck.pg.test.ts «the unit cost rose between decision and dispatch» /the write reached the channel/ |
| 43 | Р-85, Р-91, находка 15: из вечного ядра не выводится значение канала | `ALTER TABLE tenant_data.price_intent_core DROP CONSTRAINT price_intent_core_competitor_rejection_not_kept` | да | ✗ smoke «eternal core: a competitor-derived rejection keeps its proposed price (Р-85)» |
| 43 | Р-85, Р-91, находка 15: из вечного ядра не выводится значение канала | `ALTER TABLE channel_data.price_decision DROP CONSTRAINT price_decision_explanation_keys_declared` | да | ✓ verify 0067_verify_schema_invariants_v14.sql /undeclared reason parameter was stored/<br>✗ smoke «decision explanation with an undeclared reason parameter (finding 15)» |
| 43 | Р-85, Р-91, находка 15: из вечного ядра не выводится значение канала | `ALTER TABLE tenant_data.price_intent_core DROP CONSTRAINT price_intent_core_explanation_keys_declared` | да | ✗ smoke «eternal core: an undeclared reason parameter in the explanation (finding 15)» |
| 44 | Находки 1–3, Р-88: журнал проверок, автоматическое снятие, второй фактор | `DROP TRIGGER a_pricing_halt_review_guard ON channel_data.pricing_halt_review` | да | ✗ audit-guards.pg.test.ts «finding 1» /may not release/ |
| 44 | Находки 1–3, Р-88: журнал проверок, автоматическое снятие, второй фактор | `DROP TRIGGER zc_pricing_halt_review_released_in_tx ON channel_data.pricing_halt_review` | **нет** (упала только соседняя проверка) | ✗ другая причина audit-guards.pg.test.ts «finding 1» /did not happen/ |
| 44 | Находки 1–3, Р-88: журнал проверок, автоматическое снятие, второй фактор | `tenant_data.price_stop_role_guard(): «AND NOT security.session_mfa() THEN…» → «AND false THEN…»` | **нет** (упала только соседняя проверка) | ✗ другая причина audit-guards.pg.test.ts «Р-88: releasing the tenant stop needs a second factor» /'RELEASED' !== 'MFA_REQUIRED'/ |
| 45 | C2: день бюджета при повторе — текущий день витрины | `DROP TRIGGER ab_channel_write_budget_day_retry ON tenant_data.channel_write` | да | ✗ smoke «retry after midnight is charged to today, whose budget is exhausted (C2, Р-19)»<br>✗ smoke «retry while the storefront day boundary is unconfirmed (C2, Р-65)» |
| Р-96 | путь решения — только вычисление и запись цены | `GRANT INSERT ON tenant_data.migration_consent TO repracer_app` | да | ✗ verify 0067_verify_schema_invariants_v14.sql /tenant_data\.migration_consent: INSERT of the decision path does not match the allow list/<br>✓ smoke «path creates an eBay migration consent (Р-96, Р-2)» |
| Р-96 | путь решения — только вычисление и запись цены | `GRANT UPDATE ON tenant_data.tenant TO repracer_app` | да | ✗ verify 0067_verify_schema_invariants_v14.sql /tenant_data\.tenant: UPDATE of the decision path does not match the allow list/<br>✗ smoke «path opts the tenant into Kaufland Smart Pricing (Р-96, Р-12, Р-41)» |
| Р-96 | путь решения — только вычисление и запись цены | `GRANT INSERT ON tenant_data.min_price TO repracer_app` | да | ✗ verify 0067_verify_schema_invariants_v14.sql /tenant_data\.min_price: INSERT of the decision path does not match the allow list/<br>✗ smoke «path lowers min_price (Р-96, Р-5)» |
| Р-96 | путь решения — только вычисление и запись цены | `GRANT INSERT ON tenant_data.cost_profile TO repracer_app` | да | ✗ verify 0067_verify_schema_invariants_v14.sql /tenant_data\.cost_profile: INSERT of the decision path does not match the allow list/<br>✗ smoke «path changes the unit cost (Р-96, Р-83)» |
| Р-96 | путь решения — только вычисление и запись цены | `GRANT UPDATE ON channel_data.pricing_halt TO repracer_app` | да | ✗ verify 0067_verify_schema_invariants_v14.sql /channel_data\.pricing_halt: UPDATE of the decision path does not match the allow list/<br>✗ smoke «path schedules the review of a halt (finding 2 ревью шага 16)» |
| Р-96 | путь решения — только вычисление и запись цены | `GRANT INSERT ON channel_data.pricing_halt_review TO repracer_app` | да | ✗ verify 0067_verify_schema_invariants_v14.sql /channel_data\.pricing_halt_review: INSERT of the decision path does not match the allow list/<br>✗ smoke «path writes an automatic halt review (finding 2 ревью шага 16)» |
| Р-96 | путь решения — только вычисление и запись цены | `GRANT INSERT ON audit.audit_event TO repracer_app` | да | ✗ verify 0067_verify_schema_invariants_v14.sql /audit\.audit_event: INSERT of the decision path does not match the allow list/<br>✗ smoke «path forges an audit event (finding 5, Р-90)» |
| Р-96 | путь решения — только вычисление и запись цены | `GRANT EXECUTE ON FUNCTION security.invite_member(uuid, text, text, bytea, interval) TO repracer_app` | да | ✗ verify 0067_verify_schema_invariants_v14.sql /security\.invite_member.*SECURITY DEFINER function executable by the decision path/<br>✓ smoke «path invites a member (Р-90)» |
| Р-96 | путь решения — только вычисление и запись цены | `CREATE OR REPLACE FUNCTION tenant_data.lock_decision_products(p_tenant_id uuid, p_write_scope_ids uuid[]) RETU` | **нет** (упала только соседняя проверка) | ✗ другая причина store.pg.test.ts «Р-54: a concurrent bound change serialises» /decision commit must wait for the bound change/ |
| находка 2 | автоматическое снятие — итог базы по выборке, не запись пути решения | `channel_data.review_halt_by_sample(uuid,uuid,timestamptz): «IF failed > 0 THEN…» → «IF false THEN…»` | **нет** (упала только соседняя проверка) | ✗ другая причина audit-guards.pg.test.ts «finding 3» /!== 'SAMPLE_FAILED'/ |
| находка 2 | автоматическое снятие — итог базы по выборке, не запись пути решения | `channel_data.review_halt_by_sample(uuid,uuid,timestamptz): «IF accepted < required THEN…» → «IF false THEN…»` | **нет** (упала только соседняя проверка) | ✗ другая причина audit-guards.pg.test.ts «finding 3» /!== 'NO_SAMPLE'/ |
| находка 2 | автоматическое снятие — итог базы по выборке, не запись пути решения | `channel_data.review_halt_by_sample(uuid,uuid,timestamptz): «IF v_at < h.next_review_at THEN…» → «IF false THEN…»` | **нет** (упала только соседняя проверка) | ✗ другая причина audit-guards.pg.test.ts «finding 3» /!== 'NOT_DUE'/ |
| находка 2 | автоматическое снятие — итог базы по выборке, не запись пути решения | `channel_data.review_halt_by_sample(uuid,uuid,timestamptz): «v_at      timestamptz := least(p_at, now());…» → «v_at      timestamptz := p_at;…»` | **нет** (упала только соседняя проверка) | ✗ другая причина audit-guards.pg.test.ts «finding 3» /!== 'NOT_DUE'/ |
| находка 2 | автоматическое снятие — итог базы по выборке, не запись пути решения | `channel_data.review_halt_by_sample(uuid,uuid,timestamptz): «AND sm.observed_at <= v_at;…» → «;…»` | **нет** | ✓ audit-guards.pg.test.ts «finding 3» /observed after the review moment/ |
| находка 2 | автоматическое снятие — итог базы по выборке, не запись пути решения | `channel_data.review_halt_by_sample(uuid,uuid,timestamptz): «AND om.channel_product_ref = sm.channel_product_re…» → «))…»` | **нет** (упала только соседняя проверка) | ✗ другая причина audit-guards.pg.test.ts «finding 3» /!== 'NO_SAMPLE'/ |
| находка 2 | автоматическое снятие — итог базы по выборке, не запись пути решения | `channel_data.review_halt_by_sample(uuid,uuid,timestamptz): «IF p_tenant_id IS DISTINCT FROM security.current_t…» → «IF false THEN…»` | **нет** | ✓ audit-guards.pg.test.ts «finding 3» /outside the tenant context/ |
| находка 4 | неизменяемость проверяется попыткой изменения | `ALTER TABLE tenant_data.min_price DISABLE TRIGGER zz_append_only` | да | ✗ smoke «append-only tenant_data.min_price» |
| находка 4 | неизменяемость проверяется попыткой изменения | `ALTER TABLE channel_data.price_decision DISABLE TRIGGER zz_append_only` | да | ✗ smoke «append-only channel_data.price_decision» |
| находка 4 | неизменяемость проверяется попыткой изменения | `ALTER TABLE channel_data.price_intent DISABLE TRIGGER zz_append_only` | да | ✗ smoke «append-only channel_data.price_intent» |
| находка 4 | неизменяемость проверяется попыткой изменения | `ALTER TABLE tenant_data.pricing_strategy DISABLE TRIGGER zz_append_only` | да | ✗ smoke «append-only tenant_data.pricing_strategy» |
| находка 4 | неизменяемость проверяется попыткой изменения | `CREATE OR REPLACE FUNCTION security.forbid_mutation() RETURNS trigger LANGUAGE plpgsql AS $$ BEGIN RETURN coal` | да | ✗ verify 0067_verify_schema_invariants_v14.sql /forbid_mutation does not refuse an UPDATE/<br>✗ smoke «append-only tenant_data.min_price» |
| Р-97 | административная запись — только по действию человека и вся в аудите | `DROP TRIGGER a0_admin_write_person ON tenant_data.product` | да | ✗ verify 0067_verify_schema_invariants_v14.sql /tenant_data\.product: administrative INSERT without the person guard/<br>✗ smoke «administrative change without a person (Р-97)» |
| Р-97 | административная запись — только по действию человека и вся в аудите | `DROP TRIGGER zz_admin_write_audit ON tenant_data.product` | да | ✗ verify 0067_verify_schema_invariants_v14.sql /tenant_data\.product: administrative INSERT is not written to the audit log/<br>✗ smoke «an administrative change is not in the audit log (Р-97)» |
| Р-97 | административная запись — только по действию человека и вся в аудите | `DROP TRIGGER a0_admin_write_person ON channel_data.pricing_halt_review` | да | ✗ smoke «the administrative service records an automatic review without a person (Р-97)» |
| Р-97 | административная запись — только по действию человека и вся в аудите | `security.require_person_for_admin_write(): «IF row_tenant IS DISTINCT FROM security.platform_t…» → «IF false AND NOT EXISTS (…»` | да | ✗ smoke «administrative change by a user outside the tenant (Р-97)» |
| Р-97 | административная запись — только по действию человека и вся в аудите | `security.audit_admin_write(): «IF NOT security.admin_session() THEN…» → «IF true THEN…»` | да | ✗ smoke «an administrative change is not in the audit log (Р-97)» |
| Р-97 | административная запись — только по действию человека и вся в аудите | `security.admin_session(): «pg_has_role(session_user, 'repracer_admin', 'MEMBE…» → «false…»` | да | ✗ smoke «administrative change without a person (Р-97)» |
| находка 5 | создание тенанта не присоединяет существующего пользователя мимо приглашения | `security.provision_tenant(uuid,text,text,jsonb): «IF m ->> 'role' IS DISTINCT FROM 'OWNER' THEN…» → «IF false THEN…»` | да | ✗ smoke «existing user attached as a member without an invitation (step 16 finding 5)» |
| находка 5 | создание тенанта не присоединяет существующего пользователя мимо приглашения | `security.provision_tenant(uuid,text,text,jsonb): «IF lower(trim(m ->> 'email')) IS DISTINCT FROM exi…» → «IF false THEN…»` | да | ✗ smoke «existing user provisioned as owner under another email (step 16 finding 5)» |
| находка 5 | создание тенанта не присоединяет существующего пользователя мимо приглашения | `security.provision_tenant(uuid,text,text,jsonb): «IF NOT EXISTS (SELECT 1 FROM platform.external_ide…» → «IF false AND NOT EXISTS (SELEC…»` | да | ✗ smoke «existing user who never signed in provisioned as owner (step 16 finding 5)» |
| Р-98 | перепривязка входа — только приглашением владельца, прежний вход отозван | `security.accept_identity_invitation(bytea,text,text,text,boolean): «IF NOT inv.relink THEN…» → «IF false THEN…»` | да | ✗ identity.pg.test.ts «Р-98» /a relink needs a relink invitation\|an ordinary invitation does not relink/ |
| Р-98 | перепривязка входа — только приглашением владельца, прежний вход отозван | `security.accept_identity_invitation(bytea,text,text,text,boolean): «IF EXISTS (SELECT 1 FROM platform.external_identit…» → «IF false THEN…»` | да | ✗ identity.pg.test.ts «Р-98» /was unlinked\|the revoked sign-in accepts nothing/ |
| Р-98 | перепривязка входа — только приглашением владельца, прежний вход отозван | `security.invite_relink(uuid,uuid,bytea,interval): «IF NOT security.session_mfa() THEN…» → «IF false THEN…»` | да | ✗ identity.pg.test.ts «Р-98» /a relink invitation without a second factor/ |
| Р-98 | перепривязка входа — только приглашением владельца, прежний вход отозван | `security.invite_relink(uuid,uuid,bytea,interval): «AND m.status = 'ACTIVE' AND m.role = 'OWNER') THEN…» → «AND m.status = 'ACTIVE') THEN…»` | да | ✗ identity.pg.test.ts «Р-98» /only an active owner relinks/ |
| Р-98 | перепривязка входа — только приглашением владельца, прежний вход отозван | `security.invite_relink(uuid,uuid,bytea,interval): «IF NOT EXISTS (SELECT 1 FROM tenant_data.membershi…» → «IF false THEN…»` | **нет** | ✓ identity.pg.test.ts «Р-98» /is not an active member/ |
| Р-98 | перепривязка входа — только приглашением владельца, прежний вход отозван | `DROP TRIGGER a_external_identity_one_active ON platform.external_identity` | **нет** | ✓ identity.pg.test.ts «Р-98» /already has an active sign-in/ |
| Р-98 | перепривязка входа — только приглашением владельца, прежний вход отозван | `security.resolve_external_identity(text,text): «AND NOT EXISTS (SELECT 1 FROM platform.external_id…» → «…»` | да | ✗ identity.pg.test.ts «Р-98» /the revoked sign-in resolves nobody/ |
| Р-98 | перепривязка входа — только приглашением владельца, прежний вход отозван | `DROP TRIGGER zz_identity_relinked_audit ON platform.identity_invitation` | да | ✗ identity.pg.test.ts «Р-98» /the invitation and the relink are audited/ |
| Р-98 | перепривязка входа — только приглашением владельца, прежний вход отозван | `DROP TRIGGER zz_identity_relink_invited_audit ON platform.identity_invitation` | да | ✗ identity.pg.test.ts «Р-98» /the invitation and the relink are audited/ |
| OQ-151 | подрез закреплённой версии стратегии не начинает срок хранения | `channel_data.pricing_strategy_undercut_guard(): «IF EXISTS (SELECT 1 FROM tenant_data.write_scope s…» → «IF false AND EXISTS (SELECT 1 …»` | да | ✗ undercut-eternal.pg.test.ts «Р-91: the strategy version keeps its type» /the undercut of a pinned version does not start expiring/ |
| OQ-151 | подрез закреплённой версии стратегии не начинает срок хранения | `DROP TRIGGER b_write_scope_pins_live_strategy_version ON tenant_data.write_scope` | да | ✗ undercut-eternal.pg.test.ts «Р-91: the strategy version keeps its type» /a scope is not pinned back/ |
| OQ-151 | подрез закреплённой версии стратегии не начинает срок хранения | `DROP TRIGGER zb_write_scope_release_strategy_version ON tenant_data.write_scope` | да | ✗ undercut-eternal.pg.test.ts «Р-91: the strategy version keeps its type» /the released version starts its 18 months/ |
| OQ-151 | подрез закреплённой версии стратегии не начинает срок хранения | `tenant_data.pricing_strategy_supersede_undercut(): «AND s.status <> 'RETIRED')…» → «AND false)…»` | **нет** (упала только соседняя проверка) | ✗ другая причина undercut-eternal.pg.test.ts «Р-91: the strategy version keeps its type» /a pinned version keeps its undercut/ |
| находка 6 | слепок проверяется по видам и значениям параметров, а не только по именам ключей | `security.param_value_valid(jsonb,jsonb): «RETURN t = 'number' AND v::text ~ '^-?[0-9]+$';…» → «RETURN t = 'number';…»` | да | ✗ undercut-eternal.pg.test.ts «finding 15» /an amount that is not minor units/ |
| находка 6 | слепок проверяется по видам и значениям параметров, а не только по именам ключей | `security.param_value_valid(jsonb,jsonb): «RETURN t = 'string' AND (v #>> '{}') ~ '^[A-Z]{3}$…» → «RETURN t = 'string';…»` | да | ✗ undercut-eternal.pg.test.ts «finding 15» /a currency that is not an ISO code/ |
| находка 6 | слепок проверяется по видам и значениям параметров, а не только по именам ключей | `security.param_value_valid(jsonb,jsonb): «RETURN t = 'string' AND (NOT spec ? 'v' OR (spec -…» → «RETURN t = 'string';…»` | да | ✗ undercut-eternal.pg.test.ts «finding 15» /an enum value outside the registry/ |
| находка 6 | слепок проверяется по видам и значениям параметров, а не только по именам ключей | `security.param_value_valid(jsonb,jsonb): «RETURN t = 'number' AND v::text ~ '^-?[0-9]+$';…» → «RETURN t IN ('number', 'string…»` | да | ✗ undercut-eternal.pg.test.ts «finding 15» /an amount as a string/ |
| находка 6 | слепок проверяется по видам и значениям параметров, а не только по именам ключей | `security.explanation_node_declared(jsonb,text,boolean): «IF path = '$' AND (node -> 'format') IS DISTINCT F…» → «IF false AND (node -> 'format'…»` | да | ✗ undercut-eternal.pg.test.ts «finding 15» /another explanation format/ |
| находка 6 | слепок проверяется по видам и значениям параметров, а не только по именам ключей | `security.explanation_node_declared(jsonb,text,boolean): «OR (w.value #>> '{}') !~ '^[A-Za-z][A-Za-z0-9_]{0,…» → «…»` | да | ✗ undercut-eternal.pg.test.ts «finding 15» /a withheld name that is not an identifier/ |

Строк с мутациями: 33; ложных (хотя бы одна мутация не поймана заявленными проверками): **9** — 23; 27; 28, 32, 39, 40; 31, 37, 38; 44; Р-96; находка 2; Р-98; OQ-151.
Мутаций: 98; не поймано своей проверкой: **17** (из них упала только соседняя проверка строки: 13).
Не мутировались: 1–11 (свойства каталога остались в проверке схемы (0067)); 15 (данные справочника НДС остались в проверке схемы (0067)); 36 (правило проверяло отсутствие объектов входа).
✗ — проверка упала на мутации (поймала), ✓ — осталась зелёной.
